approach,source_observation_id,target_observation_id,event_structure,overlap_size,jaccard,prospective_stability,retrospective_stability
overlap,OVL-C0001,OVL-C0103,one_to_one,54,0.439024,0.490909,0.80597
overlap,OVL-C0002,OVL-C0104,one_to_one,63,0.623762,0.63,0.984375
overlap,OVL-C0003,OVL-C0106,one_to_one,52,0.8125,0.852459,0.945455
overlap,OVL-C0004,OVL-C0105,split,31,0.348315,0.508197,0.525424
overlap,OVL-C0004,OVL-C0112,split,26,0.419355,0.42623,0.962963
overlap,OVL-C0005,OVL-C0101,one_to_one,37,0.268116,0.616667,0.321739
overlap,OVL-C0006,OVL-C0107,one_to_one,50,0.862069,0.877193,0.980392
overlap,OVL-C0007,OVL-C0110,one_to_one,29,0.517857,0.58,0.828571
overlap,OVL-C0008,OVL-C0102,one_to_one,36,0.404494,0.72,0.48
overlap,OVL-C0009,OVL-C0109,one_to_one,43,0.877551,0.914894,0.955556
overlap,OVL-C0010,OVL-C0108,one_to_one,24,0.347826,0.545455,0.489796
overlap,OVL-C0011,OVL-C0113,one_to_one,22,0.733333,0.814815,0.88
overlap,OVL-C0012,OVL-C0111,one_to_one,26,0.866667,0.962963,0.896552
overlap,OVL-C0013,OVL-C0114,one_to_one,21,0.84,0.875,0.954545
overlap,OVL-C0014,OVL-C0115,one_to_one,10,0.833333,1.0,0.833333
overlap,OVL-C0015,OVL-C0116,one_to_one,6,0.857143,1.0,0.857143
overlap,OVL-C0101,OVL-C0202,one_to_one,61,0.458647,0.530435,0.772152
overlap,OVL-C0102,OVL-C0208,one_to_one,43,0.511905,0.573333,0.826923
overlap,OVL-C0103,OVL-C0201,split,47,0.465347,0.701493,0.580247
overlap,OVL-C0103,OVL-C0214,split,8,0.105263,0.119403,0.470588
overlap,OVL-C0104,OVL-C0203,one_to_one,60,0.821918,0.9375,0.869565
overlap,OVL-C0105,OVL-C0207,one_to_one,53,0.883333,0.898305,0.981481
overlap,OVL-C0106,OVL-C0204,merge,44,0.55,0.8,0.637681
overlap,OVL-C0107,OVL-C0206,merge,46,0.666667,0.901961,0.71875
overlap,OVL-C0108,OVL-C0205,merge,32,0.380952,0.653061,0.477612
overlap,OVL-C0109,OVL-C0209,one_to_one,36,0.72,0.8,0.878049
overlap,OVL-C0110,OVL-C0211,one_to_one,30,0.75,0.857143,0.857143
overlap,OVL-C0111,OVL-C0210,one_to_one,26,0.634146,0.896552,0.684211
overlap,OVL-C0112,OVL-C0213,one_to_one,26,0.83871,0.962963,0.866667
overlap,OVL-C0113,OVL-C0212,one_to_one,22,0.628571,0.88,0.6875
overlap,OVL-C0114,OVL-C0205,merge,20,0.289855,0.909091,0.298507
overlap,OVL-C0115,OVL-C0206,merge,9,0.134328,0.75,0.140625
overlap,OVL-C0116,OVL-C0204,merge,7,0.101449,1.0,0.101449
overlap,OVL-C0201,OVL-C0303,split,47,0.427273,0.580247,0.618421
overlap,OVL-C0201,OVL-C0306,split,23,0.207207,0.283951,0.433962
overlap,OVL-C0202,OVL-C0301,split_merge,38,0.275362,0.481013,0.391753
overlap,OVL-C0202,OVL-C0314,split,15,0.1875,0.189873,0.9375
overlap,OVL-C0203,OVL-C0304,one_to_one,58,0.74359,0.84058,0.865672
overlap,OVL-C0204,OVL-C0305,one_to_one,50,0.617284,0.724638,0.806452
overlap,OVL-C0205,OVL-C0311,one_to_one,26,0.361111,0.38806,0.83871
overlap,OVL-C0206,OVL-C0302,one_to_one,57,0.670588,0.890625,0.730769
overlap,OVL-C0207,OVL-C0307,one_to_one,47,0.854545,0.87037,0.979167
overlap,OVL-C0208,OVL-C0301,merge,24,0.192,0.461538,0.247423
overlap,OVL-C0209,OVL-C0308,one_to_one,39,0.78,0.95122,0.8125
overlap,OVL-C0210,OVL-C0313,one_to_one,24,0.615385,0.631579,0.96
overlap,OVL-C0211,OVL-C0309,one_to_one,31,0.659574,0.885714,0.72093
overlap,OVL-C0212,OVL-C0310,one_to_one,23,0.469388,0.71875,0.575
overlap,OVL-C0213,OVL-C0312,one_to_one,25,0.806452,0.833333,0.961538
overlap,OVL-C0214,OVL-C0315,one_to_one,9,0.5,0.529412,0.9
overlap,OVL-C0301,OVL-C0401,merge,53,0.368056,0.546392,0.53
overlap,OVL-C0302,OVL-C0406,one_to_one,58,0.716049,0.74359,0.95082
overlap,OVL-C0303,OVL-C0404,merge,44,0.396396,0.578947,0.556962
overlap,OVL-C0304,OVL-C0403,one_to_one,60,0.638298,0.895522,0.689655
overlap,OVL-C0305,OVL-C0402,merge,43,0.373913,0.693548,0.447917
overlap,OVL-C0306,OVL-C0404,split_merge,27,0.257143,0.509434,0.341772
overlap,OVL-C0306,OVL-C0411,split,18,0.3,0.339623,0.72
overlap,OVL-C0307,OVL-C0407,split_merge,21,0.269231,0.4375,0.411765
overlap,OVL-C0307,OVL-C0409,split,25,0.5,0.520833,0.925926
overlap,OVL-C0308,OVL-C0408,one_to_one,42,0.823529,0.875,0.933333
overlap,OVL-C0309,OVL-C0402,split_merge,25,0.219298,0.581395,0.260417
overlap,OVL-C0309,OVL-C0413,split_merge,10,0.185185,0.232558,0.47619
overlap,OVL-C0310,OVL-C0405,split,27,0.303371,0.675,0.355263
overlap,OVL-C0310,OVL-C0414,split,5,0.125,0.125,1.0
overlap,OVL-C0311,OVL-C0412,one_to_one,19,0.558824,0.612903,0.863636
overlap,OVL-C0312,OVL-C0407,merge,25,0.480769,0.961538,0.490196
overlap,OVL-C0313,OVL-C0410,one_to_one,24,0.888889,0.96,0.923077
overlap,OVL-C0314,OVL-C0401,merge,14,0.137255,0.875,0.14
overlap,OVL-C0315,OVL-C0413,merge,6,0.24,0.6,0.285714
overlap,OVL-C0401,OVL-C0502,one_to_one,80,0.714286,0.8,0.869565
overlap,OVL-C0402,OVL-C0503,one_to_one,56,0.513761,0.583333,0.811594
overlap,OVL-C0403,OVL-C0501,merge,63,0.39375,0.724138,0.463235
overlap,OVL-C0404,OVL-C0505,split,39,0.402062,0.493671,0.684211
overlap,OVL-C0404,OVL-C0509,split,28,0.318182,0.35443,0.756757
overlap,OVL-C0405,OVL-C0501,split_merge,47,0.284848,0.618421,0.345588
overlap,OVL-C0405,OVL-C0511,split,25,0.320513,0.328947,0.925926
overlap,OVL-C0406,OVL-C0504,one_to_one,56,0.767123,0.918033,0.823529
overlap,OVL-C0407,OVL-C0506,split_merge,27,0.341772,0.529412,0.490909
overlap,OVL-C0407,OVL-C0510,split_merge,19,0.311475,0.372549,0.655172
overlap,OVL-C0408,OVL-C0507,one_to_one,41,0.732143,0.911111,0.788462
overlap,OVL-C0409,OVL-C0506,merge,24,0.413793,0.888889,0.436364
overlap,OVL-C0410,OVL-C0512,one_to_one,26,0.962963,1.0,0.962963
overlap,OVL-C0411,OVL-C0513,one_to_one,19,0.633333,0.76,0.791667
overlap,OVL-C0412,OVL-C0514,one_to_one,19,0.863636,0.863636,1.0
overlap,OVL-C0413,OVL-C0508,one_to_one,19,0.422222,0.904762,0.44186
overlap,OVL-C0414,OVL-C0510,merge,3,0.096774,0.6,0.103448
overlap,OVL-C0501,OVL-C0602,one_to_one,75,0.460123,0.551471,0.735294
overlap,OVL-C0502,OVL-C0601,merge,55,0.286458,0.597826,0.354839
overlap,OVL-C0503,OVL-C0603,merge,37,0.324561,0.536232,0.45122
overlap,OVL-C0504,OVL-C0604,one_to_one,64,0.853333,0.941176,0.901408
overlap,OVL-C0505,OVL-C0605,one_to_one,49,0.765625,0.859649,0.875
overlap,OVL-C0506,OVL-C0606,one_to_one,52,0.896552,0.945455,0.945455
overlap,OVL-C0507,OVL-C0609,one_to_one,39,0.639344,0.75,0.8125
overlap,OVL-C0508,OVL-C0603,split_merge,22,0.213592,0.511628,0.268293
overlap,OVL-C0508,OVL-C0612,split,9,0.2,0.209302,0.818182
overlap,OVL-C0508,OVL-C0613,split,4,0.093023,0.093023,1.0
overlap,OVL-C0509,OVL-C0607,merge,21,0.313433,0.567568,0.411765
overlap,OVL-C0510,OVL-C0611,split,21,0.65625,0.724138,0.875
overlap,OVL-C0510,OVL-C0614,split,3,0.1,0.103448,0.75
overlap,OVL-C0511,OVL-C0610,one_to_one,23,0.793103,0.851852,0.92
overlap,OVL-C0512,OVL-C0608,one_to_one,25,0.5,0.925926,0.520833
overlap,OVL-C0513,OVL-C0607,merge,21,0.388889,0.875,0.411765
overlap,OVL-C0514,OVL-C0601,merge,17,0.10828,0.894737,0.109677
overlap,OVL-C0601,OVL-C0701,split,62,0.306931,0.4,0.568807
overlap,OVL-C0601,OVL-C0706,split,54,0.323353,0.348387,0.818182
overlap,OVL-C0601,OVL-C0712,split,16,0.101911,0.103226,0.888889
overlap,OVL-C0602,OVL-C0703,merge,54,0.4,0.529412,0.62069
overlap,OVL-C0603,OVL-C0705,merge,42,0.362069,0.512195,0.552632
overlap,OVL-C0604,OVL-C0704,merge,66,0.75,0.929577,0.795181
overlap,OVL-C0605,OVL-C0702,merge,46,0.425926,0.821429,0.469388
overlap,OVL-C0606,OVL-C0707,one_to_one,50,0.862069,0.909091,0.943396
overlap,OVL-C0607,OVL-C0702,split_merge,22,0.173228,0.431373,0.22449
overlap,OVL-C0607,OVL-C0711,split,18,0.310345,0.352941,0.72
overlap,OVL-C0608,OVL-C0708,one_to_one,43,0.796296,0.895833,0.877551
overlap,OVL-C0609,OVL-C0709,one_to_one,36,0.610169,0.75,0.765957
overlap,OVL-C0610,OVL-C0703,merge,24,0.272727,0.96,0.275862
overlap,OVL-C0611,OVL-C0710,one_to_one,20,0.689655,0.833333,0.8
overlap,OVL-C0612,OVL-C0704,merge,7,0.08046,0.636364,0.084337
overlap,OVL-C0613,OVL-C0705,merge,4,0.052632,1.0,0.052632
overlap,OVL-C0614,OVL-C0713,one_to_one,4,1.0,1.0,1.0
overlap,OVL-C0701,OVL-C0804,split,34,0.248175,0.311927,0.548387
overlap,OVL-C0701,OVL-C0808,split_merge,20,0.150376,0.183486,0.454545
overlap,OVL-C0701,OVL-C0812,split,19,0.163793,0.174312,0.730769
overlap,OVL-C0702,OVL-C0802,one_to_one,89,0.754237,0.908163,0.816514
overlap,OVL-C0703,OVL-C0801,one_to_one,65,0.496183,0.747126,0.59633
overlap,OVL-C0704,OVL-C0803,one_to_one,77,0.865169,0.927711,0.927711
overlap,OVL-C0705,OVL-C0806,one_to_one,40,0.470588,0.526316,0.816327
overlap,OVL-C0706,OVL-C0805,one_to_one,52,0.722222,0.787879,0.896552
overlap,OVL-C0707,OVL-C0807,one_to_one,47,0.854545,0.886792,0.959184
overlap,OVL-C0708,OVL-C0811,split,24,0.470588,0.489796,0.923077
overlap,OVL-C0708,OVL-C0813,split,22,0.44898,0.44898,1.0
overlap,OVL-C0709,OVL-C0809,one_to_one,39,0.75,0.829787,0.886364
overlap,OVL-C0710,OVL-C0810,merge,22,0.5,0.88,0.536585
overlap,OVL-C0711,OVL-C0808,merge,17,0.326923,0.68,0.386364
overlap,OVL-C0712,OVL-C0814,one_to_one,18,0.857143,1.0,0.857143
overlap,OVL-C0713,OVL-C0810,merge,3,0.071429,0.75,0.073171
overlap,OVL-C0801,OVL-C0904,one_to_one,55,0.462185,0.504587,0.846154
overlap,OVL-C0802,OVL-C0901,one_to_one,85,0.551948,0.779817,0.653846
overlap,OVL-C0803,OVL-C0903,one_to_one,65,0.670103,0.783133,0.822785
overlap,OVL-C0804,OVL-C0905,one_to_one,54,0.739726,0.870968,0.830769
overlap,OVL-C0805,OVL-C0902,merge,47,0.431193,0.810345,0.479592
overlap,OVL-C0806,OVL-C0910,one_to_one,38,0.745098,0.77551,0.95
overlap,OVL-C0807,OVL-C0907,one_to_one,47,0.824561,0.959184,0.854545
overlap,OVL-C0808,OVL-C0906,one_to_one,39,0.629032,0.886364,0.684211
overlap,OVL-C0809,OVL-C0909,one_to_one,36,0.734694,0.818182,0.878049
overlap,OVL-C0810,OVL-C0908,one_to_one,38,0.844444,0.926829,0.904762
overlap,OVL-C0811,OVL-C0911,one_to_one,26,0.928571,1.0,0.928571
overlap,OVL-C0812,OVL-C0902,merge,14,0.127273,0.538462,0.142857
overlap,OVL-C0813,OVL-C0913,one_to_one,18,0.782609,0.818182,0.947368
overlap,OVL-C0814,OVL-C0912,one_to_one,20,0.909091,0.952381,0.952381
overlap,OVL-C0901,OVL-C1006,split_merge,27,0.173077,0.207692,0.509434
overlap,OVL-C0901,OVL-C1007,split,40,0.285714,0.307692,0.8
overlap,OVL-C0902,OVL-C1001,split_merge,34,0.231293,0.346939,0.409639
overlap,OVL-C0902,OVL-C1004,split,40,0.327869,0.408163,0.625
overlap,OVL-C0903,OVL-C1003,one_to_one,62,0.673913,0.78481,0.826667
overlap,OVL-C0904,OVL-C1002,one_to_one,44,0.444444,0.676923,0.564103
overlap,OVL-C0905,OVL-C1008,split_merge,21,0.241379,0.323077,0.488372
overlap,OVL-C0905,OVL-C1013,split,19,0.263889,0.292308,0.730769
overlap,OVL-C0906,OVL-C1001,split_merge,23,0.196581,0.403509,0.277108
overlap,OVL-C0906,OVL-C1006,split_merge,24,0.27907,0.421053,0.45283
overlap,OVL-C0907,OVL-C1005,one_to_one,53,0.815385,0.963636,0.84127
overlap,OVL-C0908,OVL-C1010,split,26,0.52,0.619048,0.764706
overlap,OVL-C0908,OVL-C1016,split,2,0.046512,0.047619,0.666667
overlap,OVL-C0909,OVL-C1009,one_to_one,33,0.75,0.804878,0.916667
overlap,OVL-C0910,OVL-C1008,split_merge,18,0.276923,0.45,0.418605
overlap,OVL-C0910,OVL-C1011,split,14,0.254545,0.35,0.482759
overlap,OVL-C0911,OVL-C1012,one_to_one,26,0.83871,0.928571,0.896552
overlap,OVL-C0912,OVL-C1014,one_to_one,18,0.642857,0.857143,0.72
overlap,OVL-C0913,OVL-C1015,one_to_one,18,0.9,0.947368,0.947368
overlap,OVL-C1001,OVL-C1102,merge,41,0.297101,0.493976,0.427083
overlap,OVL-C1002,OVL-C1104,one_to_one,49,0.462264,0.628205,0.636364
overlap,OVL-C1003,OVL-C1103,one_to_one,68,0.790698,0.906667,0.860759
overlap,OVL-C1004,OVL-C1108,one_to_one,33,0.434211,0.515625,0.733333
overlap,OVL-C1005,OVL-C1110,one_to_one,29,0.446154,0.460317,0.935484
overlap,OVL-C1006,OVL-C1101,split_merge,27,0.195652,0.509434,0.241071
overlap,OVL-C1006,OVL-C1107,split,22,0.278481,0.415094,0.458333
overlap,OVL-C1007,OVL-C1101,merge,41,0.338843,0.82,0.366071
overlap,OVL-C1008,OVL-C1106,one_to_one,38,0.666667,0.883721,0.730769
overlap,OVL-C1009,OVL-C1109,one_to_one,32,0.711111,0.888889,0.780488
overlap,OVL-C1010,OVL-C1105,one_to_one,27,0.442623,0.794118,0.5
overlap,OVL-C1011,OVL-C1102,merge,14,0.126126,0.482759,0.145833
overlap,OVL-C1012,OVL-C1111,one_to_one,25,0.806452,0.862069,0.925926
overlap,OVL-C1013,OVL-C1113,one_to_one,16,0.571429,0.615385,0.888889
overlap,OVL-C1014,OVL-C1112,one_to_one,18,0.5625,0.72,0.72
overlap,OVL-C1015,OVL-C1102,merge,18,0.185567,0.947368,0.1875
overlap,OVL-C1016,OVL-C1114,one_to_one,3,0.75,1.0,0.75
overlap,OVL-C1101,OVL-C1201,one_to_one,77,0.626016,0.6875,0.875
overlap,OVL-C1102,OVL-C1204,split,62,0.558559,0.645833,0.805195
overlap,OVL-C1102,OVL-C1214,split,8,0.082474,0.083333,0.888889
overlap,OVL-C1103,OVL-C1202,one_to_one,72,0.782609,0.911392,0.847059
overlap,OVL-C1104,OVL-C1203,one_to_one,62,0.659574,0.805195,0.78481
overlap,OVL-C1105,OVL-C1210,one_to_one,28,0.518519,0.518519,1.0
overlap,OVL-C1106,OVL-C1205,one_to_one,49,0.690141,0.942308,0.720588
overlap,OVL-C1107,OVL-C1207,one_to_one,36,0.545455,0.75,0.666667
overlap,OVL-C1108,OVL-C1206,one_to_one,26,0.309524,0.577778,0.4
overlap,OVL-C1109,OVL-C1209,one_to_one,38,0.826087,0.926829,0.883721
overlap,OVL-C1110,OVL-C1208,one_to_one,28,0.518519,0.903226,0.54902
overlap,OVL-C1111,OVL-C1211,one_to_one,24,0.774194,0.888889,0.857143
overlap,OVL-C1112,OVL-C1212,one_to_one,20,0.714286,0.8,0.869565
overlap,OVL-C1113,OVL-C1213,one_to_one,17,0.772727,0.944444,0.809524
overlap,OVL-C1114,OVL-C1215,one_to_one,4,0.8,1.0,0.8
overlap,OVL-C1201,OVL-C1304,one_to_one,74,0.778947,0.840909,0.91358
overlap,OVL-C1202,OVL-C1303,split,74,0.747475,0.870588,0.840909
overlap,OVL-C1202,OVL-C1315,split,3,0.035294,0.035294,1.0
overlap,OVL-C1203,OVL-C1302,one_to_one,66,0.628571,0.835443,0.717391
overlap,OVL-C1204,OVL-C1301,merge,43,0.318519,0.558442,0.425743
overlap,OVL-C1205,OVL-C1301,merge,46,0.373984,0.676471,0.455446
overlap,OVL-C1206,OVL-C1305,one_to_one,56,0.629213,0.861538,0.7
overlap,OVL-C1207,OVL-C1306,one_to_one,42,0.456522,0.777778,0.525
overlap,OVL-C1208,OVL-C1307,one_to_one,51,0.87931,1.0,0.87931
overlap,OVL-C1209,OVL-C1308,one_to_one,40,0.851064,0.930233,0.909091
overlap,OVL-C1210,OVL-C1311,one_to_one,24,0.827586,0.857143,0.96
overlap,OVL-C1211,OVL-C1309,one_to_one,25,0.78125,0.892857,0.862069
overlap,OVL-C1212,OVL-C1313,one_to_one,19,0.826087,0.826087,1.0
overlap,OVL-C1213,OVL-C1310,one_to_one,18,0.62069,0.857143,0.692308
overlap,OVL-C1214,OVL-C1312,one_to_one,8,0.380952,0.888889,0.4
overlap,OVL-C1215,OVL-C1314,one_to_one,4,0.571429,0.8,0.666667
overlap,OVL-C1301,OVL-C1401,merge,67,0.503759,0.663366,0.676768
overlap,OVL-C1302,OVL-C1405,split,45,0.401786,0.48913,0.692308
overlap,OVL-C1302,OVL-C1411,split,41,0.431579,0.445652,0.931818
overlap,OVL-C1303,OVL-C1402,merge,73,0.73,0.829545,0.858824
overlap,OVL-C1304,OVL-C1407,split_merge,25,0.229358,0.308642,0.471698
overlap,OVL-C1304,OVL-C1409,split,40,0.449438,0.493827,0.833333
overlap,OVL-C1305,OVL-C1403,one_to_one,65,0.670103,0.8125,0.792683
overlap,OVL-C1306,OVL-C1404,split_merge,39,0.317073,0.4875,0.47561
overlap,OVL-C1306,OVL-C1407,split_merge,22,0.198198,0.275,0.415094
overlap,OVL-C1307,OVL-C1406,one_to_one,56,0.903226,0.965517,0.933333
overlap,OVL-C1308,OVL-C1410,one_to_one,40,0.8,0.909091,0.869565
overlap,OVL-C1309,OVL-C1408,one_to_one,28,0.54902,0.965517,0.56
overlap,OVL-C1310,OVL-C1401,merge,21,0.201923,0.807692,0.212121
overlap,OVL-C1311,OVL-C1412,one_to_one,24,0.96,0.96,1.0
overlap,OVL-C1312,OVL-C1413,one_to_one,16,0.666667,0.8,0.8
overlap,OVL-C1313,OVL-C1404,merge,19,0.231707,1.0,0.231707
overlap,OVL-C1314,OVL-C1414,one_to_one,5,0.714286,0.833333,0.833333
overlap,OVL-C1315,OVL-C1402,merge,3,0.035294,1.0,0.035294
overlap,OVL-C1401,OVL-C1501,merge,85,0.440415,0.858586,0.47486
overlap,OVL-C1402,OVL-C1502,one_to_one,79,0.76699,0.929412,0.814433
overlap,OVL-C1403,OVL-C1505,one_to_one,51,0.56044,0.621951,0.85
overlap,OVL-C1404,OVL-C1501,split_merge,37,0.165179,0.45122,0.206704
overlap,OVL-C1404,OVL-C1511,split,21,0.253012,0.256098,0.954545
overlap,OVL-C1405,OVL-C1501,split_merge,29,0.134884,0.446154,0.162011
overlap,OVL-C1405,OVL-C1503,split_merge,27,0.254717,0.415385,0.397059
overlap,OVL-C1406,OVL-C1506,one_to_one,56,0.903226,0.933333,0.965517
overlap,OVL-C1407,OVL-C1503,split_merge,28,0.301075,0.528302,0.411765
overlap,OVL-C1407,OVL-C1507,split_merge,18,0.225,0.339623,0.4
overlap,OVL-C1408,OVL-C1510,split,26,0.509804,0.52,0.962963
overlap,OVL-C1408,OVL-C1512,split,20,0.384615,0.4,0.909091
overlap,OVL-C1409,OVL-C1504,one_to_one,39,0.513158,0.8125,0.58209
overlap,OVL-C1410,OVL-C1508,one_to_one,41,0.836735,0.891304,0.931818
overlap,OVL-C1411,OVL-C1509,one_to_one,36,0.75,0.818182,0.9
overlap,OVL-C1412,OVL-C1507,merge,23,0.5,0.958333,0.511111
overlap,OVL-C1413,OVL-C1513,one_to_one,17,0.85,0.85,1.0
overlap,OVL-C1414,OVL-C1503,merge,5,0.072464,0.833333,0.073529
overlap,OVL-C1501,OVL-C1602,split_merge,60,0.267857,0.335196,0.571429
overlap,OVL-C1501,OVL-C1604,split,73,0.363184,0.407821,0.768421
overlap,OVL-C1502,OVL-C1606,one_to_one,72,0.626087,0.742268,0.8
overlap,OVL-C1503,OVL-C1603,merge,43,0.355372,0.632353,0.447917
overlap,OVL-C1504,OVL-C1603,merge,36,0.283465,0.537313,0.375
overlap,OVL-C1505,OVL-C1601,one_to_one,49,0.362963,0.816667,0.395161
overlap,OVL-C1506,OVL-C1605,merge,52,0.52,0.896552,0.553191
overlap,OVL-C1507,OVL-C1602,split_merge,18,0.136364,0.4,0.171429
overlap,OVL-C1507,OVL-C1605,split_merge,24,0.208696,0.533333,0.255319
overlap,OVL-C1508,OVL-C1608,one_to_one,37,0.711538,0.840909,0.822222
overlap,OVL-C1509,OVL-C1609,one_to_one,30,0.612245,0.75,0.769231
overlap,OVL-C1510,OVL-C1607,merge,24,0.444444,0.888889,0.470588
overlap,OVL-C1511,OVL-C1610,one_to_one,20,0.769231,0.909091,0.833333
overlap,OVL-C1512,OVL-C1607,merge,20,0.377358,0.909091,0.392157
overlap,OVL-C1513,OVL-C1611,one_to_one,13,0.722222,0.764706,0.928571
overlap,OVL-C1601,OVL-C1701,one_to_one,117,0.754839,0.943548,0.790541
overlap,OVL-C1602,OVL-C1704,one_to_one,77,0.693694,0.733333,0.927711
overlap,OVL-C1603,OVL-C1702,one_to_one,86,0.796296,0.895833,0.877551
overlap,OVL-C1604,OVL-C1705,split,70,0.714286,0.736842,0.958904
overlap,OVL-C1604,OVL-C1712,split,13,0.126214,0.136842,0.619048
overlap,OVL-C1605,OVL-C1706,split,58,0.574257,0.617021,0.892308
overlap,OVL-C1605,OVL-C1710,split,34,0.346939,0.361702,0.894737
overlap,OVL-C1606,OVL-C1703,one_to_one,82,0.780952,0.911111,0.845361
overlap,OVL-C1607,OVL-C1707,one_to_one,49,0.924528,0.960784,0.960784
overlap,OVL-C1608,OVL-C1708,one_to_one,41,0.788462,0.911111,0.854167
overlap,OVL-C1609,OVL-C1709,one_to_one,35,0.833333,0.897436,0.921053
overlap,OVL-C1610,OVL-C1711,one_to_one,22,0.785714,0.916667,0.846154
overlap,OVL-C1611,OVL-C1713,one_to_one,14,0.736842,1.0,0.736842
overlap,OVL-C1701,OVL-C1806,split,61,0.386076,0.412162,0.859155
overlap,OVL-C1701,OVL-C1807,split,67,0.443709,0.452703,0.957143
overlap,OVL-C1702,OVL-C1803,split,77,0.719626,0.785714,0.895349
overlap,OVL-C1702,OVL-C1816,split,4,0.040816,0.040816,1.0
overlap,OVL-C1703,OVL-C1801,one_to_one,85,0.732759,0.876289,0.817308
overlap,OVL-C1704,OVL-C1802,one_to_one,68,0.647619,0.819277,0.755556
overlap,OVL-C1705,OVL-C1805,merge,64,0.790123,0.876712,0.888889
overlap,OVL-C1706,OVL-C1804,one_to_one,63,0.768293,0.969231,0.7875
overlap,OVL-C1707,OVL-C1810,split,27,0.5,0.529412,0.9
overlap,OVL-C1707,OVL-C1814,split,20,0.384615,0.392157,0.952381
overlap,OVL-C1708,OVL-C1808,one_to_one,40,0.769231,0.833333,0.909091
overlap,OVL-C1709,OVL-C1809,one_to_one,31,0.775,0.815789,0.939394
overlap,OVL-C1710,OVL-C1812,one_to_one,25,0.657895,0.657895,1.0
overlap,OVL-C1711,OVL-C1813,one_to_one,23,0.851852,0.884615,0.958333
overlap,OVL-C1712,OVL-C1811,one_to_one,18,0.580645,0.857143,0.642857
overlap,OVL-C1713,OVL-C1815,one_to_one,17,0.85,0.894737,0.944444
overlap,OVL-C1714,OVL-C1805,merge,3,0.041667,1.0,0.041667
overlap,OVL-C1801,OVL-C1905,split,58,0.522523,0.557692,0.892308
overlap,OVL-C1801,OVL-C1911,split,25,0.221239,0.240385,0.735294
overlap,OVL-C1802,OVL-C1901,split_merge,59,0.475806,0.655556,0.634409
overlap,OVL-C1802,OVL-C1915,split,20,0.21978,0.222222,0.952381
overlap,OVL-C1803,OVL-C1904,one_to_one,71,0.755319,0.825581,0.898734
overlap,OVL-C1804,OVL-C1907,split,37,0.385417,0.4625,0.698113
overlap,OVL-C1804,OVL-C1909,split,28,0.314607,0.35,0.756757
overlap,OVL-C1805,OVL-C1902,merge,58,0.568627,0.805556,0.659091
overlap,OVL-C1806,OVL-C1906,one_to_one,49,0.590361,0.690141,0.803279
overlap,OVL-C1807,OVL-C1903,one_to_one,68,0.809524,0.971429,0.829268
overlap,OVL-C1808,OVL-C1908,one_to_one,40,0.784314,0.909091,0.851064
overlap,OVL-C1809,OVL-C1910,one_to_one,32,0.914286,0.969697,0.941176
overlap,OVL-C1810,OVL-C1912,one_to_one,29,0.935484,0.966667,0.966667
overlap,OVL-C1811,OVL-C1902,merge,15,0.148515,0.535714,0.170455
overlap,OVL-C1812,OVL-C1913,one_to_one,23,0.821429,0.92,0.884615
overlap,OVL-C1813,OVL-C1914,one_to_one,21,0.84,0.875,0.954545
overlap,OVL-C1814,OVL-C1916,one_to_one,19,0.904762,0.904762,1.0
overlap,OVL-C1815,OVL-C1901,split_merge,11,0.11,0.611111,0.11828
overlap,OVL-C1815,OVL-C1917,split,7,0.35,0.388889,0.777778
overlap,OVL-C1816,OVL-C1918,one_to_one,4,1.0,1.0,1.0
