approach,snapshot_index,snapshot_label,window_start_ts,window_end_ts,local_id,size,nodes_json
overlap,0,days_0_50,0,4320000,0,110,"[2, 5, 10, 13, 14, 16, 29, 90, 105, 107, 118, 119, 131, 132, 153, 173, 189, 192, 196, 199, 201, 203, 208, 226, 236, 270, 273, 281, 308, 327, 331, 335, 359, 365, 381, 382, 385, 389, 396, 410, 418, 437, 440, 464, 465, 468, 473, 491, 497, 506, 508, 516, 519, 532, 537, 541, 553, 576, 613, 639, 644, 652, 653, 654, 657, 664, 670, 682, 688, 700, 702, 715, 719, 732, 738, 745, 747, 748, 761, 783, 790, 804, 808, 810, 812, 820, 837, 842, 850, 881, 884, 897, 898, 901, 905, 911, 921, 924, 926, 945, 951, 967, 969, 977, 979, 980, 985, 996, 1001, 1004]"
overlap,0,days_0_50,0,4320000,1,100,"[1, 38, 42, 46, 49, 50, 64, 69, 76, 84, 91, 96, 97, 102, 103, 106, 115, 125, 139, 154, 157, 164, 174, 185, 206, 223, 229, 233, 242, 248, 299, 303, 307, 309, 310, 317, 320, 322, 323, 324, 337, 343, 346, 368, 388, 395, 397, 399, 400, 402, 420, 441, 460, 477, 483, 487, 492, 505, 509, 510, 514, 524, 534, 546, 548, 550, 554, 559, 562, 591, 603, 607, 622, 634, 638, 649, 663, 671, 676, 692, 706, 735, 736, 740, 746, 769, 775, 780, 788, 822, 828, 830, 832, 835, 853, 879, 893, 939, 950, 975]"
overlap,0,days_0_50,0,4320000,2,61,"[11, 26, 40, 60, 71, 83, 86, 116, 137, 152, 161, 187, 194, 195, 198, 254, 272, 285, 306, 325, 372, 374, 379, 380, 394, 398, 404, 430, 443, 450, 452, 453, 466, 488, 495, 523, 533, 568, 571, 572, 595, 596, 619, 659, 660, 662, 695, 703, 712, 742, 771, 774, 784, 802, 807, 863, 900, 910, 934, 947, 993]"
overlap,0,days_0_50,0,4320000,3,61,"[24, 35, 67, 87, 141, 148, 160, 167, 181, 188, 190, 202, 207, 241, 257, 274, 280, 301, 344, 353, 360, 373, 391, 408, 414, 421, 424, 431, 469, 471, 493, 512, 526, 530, 547, 552, 561, 614, 629, 630, 631, 643, 656, 658, 685, 709, 795, 817, 824, 846, 847, 851, 858, 891, 894, 920, 954, 957, 963, 978, 988]"
overlap,0,days_0_50,0,4320000,4,60,"[17, 27, 53, 92, 122, 136, 142, 143, 147, 151, 159, 171, 193, 197, 200, 214, 230, 235, 253, 255, 277, 278, 283, 290, 302, 316, 347, 428, 543, 544, 566, 590, 627, 633, 647, 714, 787, 796, 798, 801, 838, 841, 852, 857, 865, 875, 890, 915, 923, 931, 933, 935, 940, 952, 953, 966, 971, 972, 983, 990]"
overlap,0,days_0_50,0,4320000,5,57,"[23, 30, 52, 77, 104, 111, 112, 126, 133, 166, 168, 186, 209, 232, 240, 256, 260, 267, 276, 294, 305, 313, 356, 392, 416, 439, 447, 459, 472, 478, 479, 517, 556, 557, 564, 573, 574, 575, 586, 602, 648, 674, 694, 743, 759, 762, 765, 803, 845, 859, 868, 869, 885, 889, 912, 944, 984]"
overlap,0,days_0_50,0,4320000,6,50,"[4, 12, 15, 58, 72, 82, 135, 146, 284, 292, 304, 326, 341, 362, 370, 371, 383, 405, 406, 422, 438, 456, 528, 549, 577, 581, 584, 585, 587, 589, 617, 626, 628, 669, 680, 686, 701, 720, 731, 739, 818, 867, 870, 871, 909, 922, 930, 936, 938, 942]"
overlap,0,days_0_50,0,4320000,7,50,"[8, 19, 59, 61, 101, 114, 127, 144, 145, 149, 158, 175, 184, 243, 246, 275, 293, 377, 393, 407, 423, 426, 436, 442, 446, 457, 467, 522, 563, 597, 650, 678, 681, 696, 708, 711, 716, 718, 724, 737, 754, 777, 779, 843, 849, 866, 883, 904, 907, 916]"
overlap,0,days_0_50,0,4320000,8,47,"[28, 34, 56, 68, 95, 176, 205, 231, 245, 251, 264, 269, 311, 329, 338, 350, 361, 364, 427, 432, 433, 511, 531, 540, 582, 588, 624, 641, 690, 697, 698, 734, 764, 773, 809, 819, 836, 840, 855, 872, 873, 925, 955, 960, 987, 994, 997]"
overlap,0,days_0_50,0,4320000,9,44,"[31, 39, 65, 75, 98, 117, 120, 134, 150, 165, 191, 218, 220, 239, 268, 291, 334, 401, 415, 429, 449, 454, 462, 476, 501, 504, 592, 594, 609, 612, 683, 687, 707, 713, 752, 763, 772, 776, 833, 834, 880, 948, 995, 1003]"
overlap,0,days_0_50,0,4320000,10,27,"[0, 6, 32, 78, 170, 228, 249, 295, 333, 409, 470, 482, 502, 538, 569, 580, 599, 605, 693, 710, 749, 789, 791, 816, 862, 976, 991]"
overlap,0,days_0_50,0,4320000,11,27,"[25, 41, 44, 48, 73, 216, 318, 319, 321, 366, 386, 434, 458, 481, 499, 558, 565, 618, 672, 679, 684, 704, 723, 758, 844, 918, 956]"
overlap,0,days_0_50,0,4320000,12,24,"[62, 113, 124, 250, 263, 369, 444, 485, 513, 515, 535, 542, 551, 646, 722, 770, 794, 800, 821, 823, 854, 886, 927, 968]"
overlap,0,days_0_50,0,4320000,13,10,"[45, 66, 227, 332, 435, 448, 500, 539, 782, 986]"
overlap,0,days_0_50,0,4320000,14,6,"[180, 215, 217, 727, 829, 958]"
overlap,1,days_25_75,2160000,6480000,0,115,"[27, 49, 53, 58, 64, 65, 72, 75, 115, 116, 143, 147, 148, 151, 157, 159, 171, 185, 186, 193, 214, 220, 221, 229, 230, 233, 235, 242, 243, 248, 253, 255, 277, 283, 285, 290, 307, 308, 317, 325, 330, 334, 347, 355, 362, 383, 397, 400, 438, 441, 449, 462, 471, 478, 483, 523, 528, 534, 544, 546, 550, 566, 577, 578, 580, 589, 590, 591, 607, 612, 613, 627, 633, 661, 669, 670, 671, 686, 687, 692, 714, 715, 736, 746, 748, 763, 769, 775, 776, 787, 793, 798, 801, 818, 830, 833, 841, 852, 865, 867, 877, 890, 909, 920, 922, 926, 931, 933, 935, 940, 966, 972, 975, 983, 993]"
overlap,1,days_25_75,2160000,6480000,1,75,"[5, 16, 19, 32, 59, 61, 101, 103, 105, 114, 127, 149, 153, 158, 175, 181, 184, 189, 201, 208, 236, 246, 259, 275, 281, 293, 331, 359, 365, 377, 393, 407, 410, 411, 418, 423, 457, 461, 479, 491, 497, 514, 522, 537, 563, 585, 616, 639, 652, 681, 708, 711, 716, 718, 724, 737, 754, 777, 779, 791, 843, 849, 866, 876, 883, 904, 905, 907, 911, 969, 970, 977, 980, 1001, 1004]"
overlap,1,days_25_75,2160000,6480000,2,67,"[2, 8, 10, 13, 14, 29, 39, 119, 131, 132, 144, 173, 192, 197, 199, 226, 252, 270, 273, 327, 381, 396, 437, 442, 465, 467, 476, 506, 508, 516, 519, 532, 541, 576, 644, 650, 653, 654, 657, 682, 700, 702, 705, 719, 738, 745, 747, 761, 783, 790, 796, 804, 812, 837, 842, 850, 875, 881, 901, 921, 923, 924, 945, 951, 967, 979, 996]"
overlap,1,days_25_75,2160000,6480000,3,64,"[1, 38, 42, 46, 50, 69, 84, 96, 102, 106, 125, 139, 154, 164, 174, 206, 223, 299, 303, 309, 310, 320, 322, 323, 324, 337, 343, 368, 388, 395, 399, 402, 420, 460, 474, 477, 487, 505, 509, 510, 524, 548, 559, 562, 603, 622, 634, 638, 649, 663, 676, 706, 735, 740, 780, 788, 822, 828, 832, 853, 879, 893, 939, 950]"
overlap,1,days_25_75,2160000,6480000,4,59,"[17, 31, 35, 67, 92, 122, 136, 141, 142, 165, 167, 188, 200, 207, 241, 257, 301, 302, 316, 344, 373, 374, 389, 421, 424, 428, 431, 469, 512, 543, 547, 552, 614, 640, 645, 647, 678, 683, 696, 709, 795, 817, 824, 831, 838, 847, 851, 857, 858, 915, 952, 953, 954, 957, 963, 971, 978, 988, 990]"
overlap,1,days_25_75,2160000,6480000,5,55,"[11, 26, 40, 60, 71, 83, 86, 137, 152, 161, 187, 194, 195, 198, 203, 254, 272, 306, 372, 379, 380, 394, 398, 404, 443, 450, 452, 466, 488, 495, 533, 568, 571, 572, 595, 596, 597, 619, 659, 660, 662, 695, 703, 712, 742, 771, 774, 784, 802, 835, 863, 900, 910, 934, 947]"
overlap,1,days_25_75,2160000,6480000,6,51,"[9, 23, 30, 52, 77, 104, 111, 112, 126, 133, 166, 168, 209, 232, 240, 256, 260, 267, 276, 294, 305, 313, 356, 392, 416, 439, 447, 459, 472, 517, 556, 557, 564, 573, 575, 586, 602, 648, 674, 743, 759, 762, 765, 803, 859, 868, 885, 889, 912, 944, 984]"
overlap,1,days_25_75,2160000,6480000,7,49,"[36, 91, 98, 107, 117, 118, 120, 134, 146, 150, 191, 196, 218, 239, 268, 278, 291, 297, 326, 335, 401, 415, 429, 440, 454, 464, 468, 473, 501, 553, 592, 609, 637, 664, 688, 707, 713, 752, 772, 807, 808, 810, 880, 898, 916, 930, 948, 985, 1003]"
overlap,1,days_25_75,2160000,6480000,8,45,"[28, 34, 56, 68, 95, 170, 231, 245, 251, 264, 269, 311, 329, 338, 361, 364, 375, 427, 432, 433, 511, 531, 540, 582, 588, 624, 641, 690, 697, 698, 734, 764, 773, 809, 819, 836, 840, 855, 872, 873, 925, 955, 987, 994, 997]"
overlap,1,days_25_75,2160000,6480000,9,35,"[4, 12, 15, 82, 97, 135, 284, 292, 304, 341, 370, 371, 405, 406, 422, 456, 520, 527, 549, 581, 584, 587, 594, 617, 626, 628, 680, 701, 720, 731, 834, 870, 936, 942, 973]"
overlap,1,days_25_75,2160000,6480000,10,29,"[25, 41, 44, 48, 73, 176, 216, 318, 319, 321, 366, 434, 458, 481, 499, 558, 565, 618, 672, 679, 684, 704, 723, 753, 758, 844, 887, 918, 956]"
overlap,1,days_25_75,2160000,6480000,11,27,"[24, 87, 160, 190, 202, 274, 280, 353, 360, 391, 408, 414, 493, 526, 530, 561, 629, 630, 631, 643, 656, 658, 685, 739, 846, 891, 894]"
overlap,1,days_25_75,2160000,6480000,12,25,"[0, 6, 78, 228, 249, 295, 333, 409, 470, 482, 502, 538, 569, 599, 605, 606, 693, 710, 732, 749, 767, 789, 862, 976, 991]"
overlap,1,days_25_75,2160000,6480000,13,22,"[62, 90, 113, 124, 250, 369, 444, 485, 513, 515, 535, 542, 551, 646, 722, 770, 794, 821, 823, 854, 886, 927]"
overlap,1,days_25_75,2160000,6480000,14,12,"[45, 66, 219, 227, 332, 435, 448, 475, 500, 539, 782, 986]"
overlap,1,days_25_75,2160000,6480000,15,7,"[180, 215, 217, 727, 815, 829, 958]"
overlap,2,days_50_100,4320000,8640000,0,81,"[5, 10, 13, 14, 16, 29, 49, 90, 107, 118, 131, 138, 173, 175, 192, 197, 199, 201, 226, 248, 252, 270, 275, 327, 335, 365, 381, 396, 410, 437, 440, 442, 461, 464, 468, 491, 506, 508, 516, 523, 532, 541, 553, 576, 613, 644, 650, 653, 654, 657, 664, 670, 682, 702, 719, 732, 737, 738, 745, 747, 761, 783, 796, 804, 808, 810, 837, 842, 849, 850, 867, 881, 898, 921, 924, 945, 970, 979, 980, 985, 996]"
overlap,2,days_50_100,4320000,8640000,1,79,"[11, 27, 53, 79, 116, 147, 151, 157, 159, 171, 186, 193, 214, 221, 230, 233, 253, 255, 277, 285, 290, 307, 308, 325, 330, 334, 347, 355, 359, 394, 397, 438, 462, 517, 544, 549, 564, 566, 571, 577, 578, 590, 591, 607, 619, 633, 671, 673, 678, 686, 692, 696, 714, 715, 741, 746, 748, 775, 776, 787, 833, 834, 836, 841, 852, 865, 877, 882, 890, 910, 923, 926, 931, 933, 935, 940, 966, 972, 975]"
overlap,2,days_50_100,4320000,8640000,2,69,"[1, 38, 42, 46, 64, 69, 84, 96, 102, 103, 106, 125, 132, 139, 154, 164, 174, 206, 223, 299, 303, 309, 310, 322, 323, 324, 337, 343, 368, 378, 388, 395, 399, 402, 420, 460, 474, 477, 487, 489, 501, 505, 509, 510, 514, 524, 534, 548, 550, 562, 603, 622, 634, 638, 649, 663, 676, 706, 735, 740, 780, 788, 822, 828, 853, 879, 893, 939, 950]"
overlap,2,days_50_100,4320000,8640000,3,69,"[40, 60, 71, 83, 86, 137, 152, 180, 187, 195, 198, 203, 215, 217, 229, 239, 254, 272, 273, 306, 317, 372, 374, 379, 380, 398, 400, 404, 441, 443, 450, 452, 453, 466, 483, 488, 495, 568, 572, 595, 596, 597, 626, 639, 659, 660, 662, 688, 695, 703, 712, 727, 742, 769, 771, 784, 798, 802, 815, 829, 830, 835, 863, 900, 901, 934, 951, 958, 993]"
overlap,2,days_50_100,4320000,8640000,4,67,"[34, 36, 62, 65, 75, 91, 98, 113, 117, 120, 124, 134, 146, 150, 191, 196, 220, 235, 243, 250, 268, 278, 291, 297, 326, 369, 401, 415, 429, 444, 449, 454, 471, 485, 513, 515, 535, 542, 551, 592, 609, 612, 637, 646, 701, 707, 713, 722, 749, 752, 770, 772, 793, 807, 818, 819, 821, 823, 854, 880, 886, 916, 927, 930, 948, 997, 1003]"
overlap,2,days_50_100,4320000,8640000,5,64,"[9, 30, 45, 52, 66, 74, 77, 104, 110, 111, 112, 126, 133, 161, 166, 168, 185, 209, 227, 232, 256, 260, 264, 267, 294, 305, 313, 332, 356, 375, 392, 416, 435, 439, 447, 459, 472, 475, 479, 500, 556, 557, 573, 575, 586, 602, 648, 655, 674, 699, 743, 759, 762, 765, 782, 803, 859, 868, 885, 889, 912, 944, 984, 986]"
overlap,2,days_50_100,4320000,8640000,6,54,"[17, 31, 35, 67, 92, 122, 136, 141, 142, 165, 167, 188, 200, 207, 241, 257, 301, 302, 316, 344, 421, 424, 428, 431, 469, 512, 543, 546, 547, 552, 614, 640, 645, 647, 683, 709, 795, 817, 824, 831, 838, 847, 851, 857, 915, 952, 953, 954, 957, 963, 971, 978, 988, 990]"
overlap,2,days_50_100,4320000,8640000,7,52,"[7, 61, 101, 105, 114, 127, 149, 153, 158, 184, 189, 246, 259, 281, 320, 377, 393, 407, 411, 418, 423, 457, 497, 522, 593, 616, 681, 687, 708, 710, 711, 716, 718, 724, 729, 754, 779, 832, 843, 861, 866, 876, 883, 896, 904, 905, 907, 911, 969, 977, 1001, 1004]"
overlap,2,days_50_100,4320000,8640000,8,41,"[28, 56, 68, 95, 170, 176, 231, 242, 245, 251, 311, 329, 338, 361, 364, 427, 432, 433, 511, 531, 540, 582, 588, 624, 641, 697, 698, 736, 764, 773, 809, 840, 855, 872, 873, 887, 925, 955, 987, 994, 995]"
overlap,2,days_50_100,4320000,8640000,9,38,"[25, 41, 48, 58, 73, 205, 216, 318, 319, 321, 362, 366, 383, 389, 434, 458, 481, 499, 528, 558, 565, 589, 618, 672, 679, 684, 704, 723, 753, 758, 763, 844, 909, 918, 922, 946, 956, 1002]"
overlap,2,days_50_100,4320000,8640000,10,35,"[4, 8, 12, 15, 82, 97, 135, 144, 284, 292, 304, 341, 371, 405, 406, 422, 456, 520, 527, 563, 581, 584, 585, 587, 594, 617, 628, 680, 720, 731, 739, 870, 936, 942, 973]"
overlap,2,days_50_100,4320000,8640000,11,32,"[0, 6, 19, 32, 78, 143, 228, 249, 293, 295, 333, 339, 409, 470, 482, 502, 538, 569, 580, 599, 605, 606, 669, 693, 767, 777, 789, 791, 858, 862, 976, 991]"
overlap,2,days_50_100,4320000,8640000,12,30,"[24, 87, 160, 181, 190, 202, 274, 280, 353, 360, 373, 391, 408, 414, 473, 493, 526, 530, 561, 629, 630, 631, 643, 656, 658, 685, 846, 891, 894, 920]"
overlap,2,days_50_100,4320000,8640000,13,17,"[2, 119, 208, 236, 283, 465, 519, 537, 652, 661, 690, 700, 705, 790, 812, 814, 983]"
overlap,3,days_75_125,6480000,10800000,0,97,"[11, 38, 53, 59, 61, 64, 75, 79, 91, 114, 116, 120, 127, 146, 149, 151, 159, 172, 189, 193, 214, 220, 221, 233, 243, 244, 253, 265, 278, 281, 283, 290, 324, 326, 334, 355, 359, 377, 397, 407, 413, 457, 460, 474, 487, 522, 534, 546, 550, 566, 578, 591, 593, 607, 612, 613, 617, 633, 640, 665, 669, 671, 681, 687, 692, 696, 708, 711, 714, 716, 718, 729, 746, 749, 754, 763, 772, 775, 787, 834, 841, 843, 852, 865, 866, 882, 883, 904, 905, 910, 916, 923, 935, 940, 944, 975, 997]"
overlap,3,days_75_125,6480000,10800000,1,78,"[30, 45, 52, 58, 66, 74, 77, 104, 110, 111, 112, 126, 133, 157, 161, 166, 168, 186, 209, 227, 232, 256, 260, 267, 294, 305, 313, 318, 332, 356, 362, 383, 392, 416, 435, 439, 447, 448, 459, 472, 478, 479, 500, 517, 523, 528, 539, 549, 556, 557, 564, 573, 574, 575, 586, 589, 602, 648, 655, 674, 699, 743, 759, 762, 765, 782, 803, 868, 885, 887, 889, 908, 909, 912, 946, 948, 984, 986]"
overlap,3,days_75_125,6480000,10800000,2,76,"[7, 13, 14, 16, 29, 32, 49, 105, 131, 143, 153, 158, 173, 192, 197, 199, 226, 248, 270, 320, 331, 393, 396, 410, 418, 437, 442, 461, 492, 497, 506, 508, 516, 532, 541, 576, 580, 597, 616, 644, 650, 652, 653, 654, 657, 682, 686, 702, 719, 724, 738, 745, 747, 761, 777, 783, 791, 796, 804, 828, 837, 850, 861, 881, 896, 907, 911, 921, 924, 945, 969, 977, 979, 996, 1001, 1004]"
overlap,3,days_75_125,6480000,10800000,3,67,"[1, 42, 46, 69, 84, 96, 101, 102, 103, 106, 125, 132, 139, 154, 164, 174, 184, 206, 223, 246, 299, 303, 309, 310, 315, 322, 323, 337, 343, 368, 378, 388, 395, 402, 420, 423, 477, 489, 501, 505, 509, 510, 514, 524, 548, 562, 622, 634, 638, 649, 663, 676, 706, 710, 735, 740, 779, 780, 788, 822, 832, 842, 853, 879, 893, 939, 950]"
overlap,3,days_75_125,6480000,10800000,4,62,"[26, 40, 60, 71, 83, 86, 152, 169, 187, 194, 198, 203, 229, 254, 272, 277, 285, 306, 317, 325, 372, 374, 379, 380, 394, 398, 400, 404, 443, 450, 453, 466, 488, 495, 568, 571, 572, 595, 596, 626, 659, 662, 678, 688, 695, 703, 712, 742, 769, 771, 776, 784, 802, 807, 830, 835, 863, 900, 901, 931, 934, 993]"
overlap,3,days_75_125,6480000,10800000,5,53,"[5, 98, 107, 117, 134, 150, 175, 196, 201, 208, 236, 264, 268, 275, 291, 327, 335, 381, 385, 401, 415, 426, 429, 440, 449, 454, 464, 468, 473, 483, 491, 537, 553, 592, 664, 670, 690, 707, 713, 726, 737, 808, 810, 818, 849, 867, 876, 880, 890, 898, 980, 985, 1003]"
overlap,3,days_75_125,6480000,10800000,6,48,"[17, 31, 35, 67, 92, 122, 136, 141, 142, 165, 167, 188, 200, 207, 241, 301, 302, 316, 344, 408, 421, 424, 428, 431, 469, 512, 543, 547, 552, 614, 647, 709, 795, 817, 838, 847, 851, 857, 915, 952, 953, 954, 957, 963, 971, 978, 988, 990]"
overlap,3,days_75_125,6480000,10800000,7,48,"[28, 34, 56, 68, 95, 176, 231, 242, 245, 251, 269, 311, 329, 338, 361, 364, 399, 427, 432, 433, 482, 511, 531, 540, 582, 588, 606, 624, 641, 697, 698, 736, 764, 773, 789, 809, 815, 819, 836, 840, 855, 872, 873, 925, 955, 987, 994, 995]"
overlap,3,days_75_125,6480000,10800000,8,43,"[4, 8, 12, 15, 82, 97, 135, 137, 144, 170, 185, 284, 292, 304, 341, 371, 405, 406, 422, 441, 456, 462, 544, 563, 581, 584, 585, 587, 594, 628, 680, 720, 731, 739, 741, 798, 833, 848, 870, 922, 936, 942, 943]"
overlap,3,days_75_125,6480000,10800000,9,40,"[0, 6, 19, 78, 118, 178, 180, 215, 228, 239, 249, 273, 293, 295, 333, 339, 365, 409, 470, 502, 519, 538, 569, 599, 603, 605, 639, 660, 693, 727, 732, 767, 824, 858, 862, 897, 951, 958, 976, 991]"
overlap,3,days_75_125,6480000,10800000,10,31,"[62, 65, 90, 113, 124, 138, 191, 205, 235, 250, 369, 389, 444, 471, 485, 513, 515, 535, 542, 551, 609, 646, 722, 752, 770, 801, 821, 823, 854, 886, 927]"
overlap,3,days_75_125,6480000,10800000,11,26,"[24, 160, 181, 190, 274, 280, 353, 360, 373, 391, 414, 445, 493, 526, 530, 561, 629, 630, 631, 643, 656, 658, 685, 846, 891, 920]"
overlap,3,days_75_125,6480000,10800000,12,25,"[25, 41, 48, 73, 216, 319, 321, 434, 458, 481, 499, 558, 565, 600, 618, 672, 679, 684, 704, 723, 758, 844, 918, 956, 1002]"
overlap,3,days_75_125,6480000,10800000,13,16,"[27, 147, 171, 230, 257, 308, 347, 577, 590, 673, 715, 748, 926, 933, 966, 972]"
overlap,3,days_75_125,6480000,10800000,14,10,"[2, 119, 266, 465, 661, 700, 790, 812, 814, 983]"
overlap,4,days_100_150,8640000,12960000,0,100,"[11, 27, 39, 53, 65, 75, 91, 116, 120, 146, 147, 151, 157, 159, 171, 185, 193, 197, 203, 212, 214, 220, 227, 229, 230, 233, 235, 239, 242, 244, 253, 257, 273, 277, 278, 283, 290, 299, 326, 334, 347, 355, 388, 397, 413, 462, 471, 476, 534, 544, 546, 550, 566, 577, 578, 590, 591, 607, 609, 617, 623, 633, 640, 665, 669, 671, 686, 687, 692, 696, 714, 715, 746, 748, 749, 752, 763, 768, 772, 776, 787, 830, 833, 841, 852, 865, 875, 890, 923, 926, 931, 933, 935, 940, 951, 966, 972, 975, 983, 997]"
overlap,4,days_100_150,8640000,12960000,1,96,"[4, 12, 26, 40, 60, 72, 82, 83, 86, 90, 135, 137, 138, 152, 161, 170, 176, 187, 194, 198, 254, 272, 285, 292, 304, 306, 307, 337, 341, 352, 362, 371, 379, 380, 383, 394, 398, 405, 441, 443, 450, 456, 460, 466, 483, 488, 495, 505, 528, 549, 568, 571, 572, 581, 585, 587, 588, 589, 594, 596, 597, 613, 626, 628, 659, 660, 661, 662, 695, 703, 712, 720, 742, 754, 769, 771, 784, 798, 802, 807, 835, 836, 848, 863, 867, 870, 887, 900, 901, 907, 909, 922, 936, 942, 993, 995]"
overlap,4,days_100_150,8640000,12960000,2,87,"[1, 38, 42, 46, 64, 69, 84, 96, 97, 101, 102, 103, 105, 106, 125, 132, 139, 153, 154, 164, 174, 184, 206, 223, 246, 303, 308, 309, 310, 315, 320, 322, 323, 331, 343, 368, 374, 378, 393, 395, 402, 418, 420, 423, 474, 477, 487, 497, 498, 501, 509, 510, 514, 524, 548, 559, 562, 603, 612, 622, 634, 638, 649, 663, 676, 705, 706, 724, 735, 740, 780, 788, 796, 822, 832, 842, 853, 879, 893, 911, 939, 950, 969, 977, 996, 1001, 1004]"
overlap,4,days_100_150,8640000,12960000,3,79,"[5, 7, 10, 13, 14, 16, 29, 131, 158, 173, 175, 192, 199, 201, 208, 236, 248, 270, 275, 281, 327, 335, 381, 385, 414, 437, 440, 442, 446, 461, 464, 468, 473, 491, 492, 506, 508, 516, 532, 537, 541, 553, 576, 644, 650, 653, 654, 657, 664, 670, 682, 688, 702, 719, 726, 737, 738, 745, 747, 761, 775, 783, 804, 808, 810, 828, 837, 839, 849, 850, 876, 881, 898, 905, 921, 924, 945, 979, 985]"
overlap,4,days_100_150,8640000,12960000,4,76,"[0, 6, 8, 18, 19, 32, 59, 61, 71, 78, 114, 118, 127, 149, 169, 178, 189, 225, 228, 237, 243, 249, 265, 293, 295, 325, 333, 339, 365, 372, 377, 404, 407, 409, 410, 426, 453, 457, 470, 479, 502, 519, 522, 538, 569, 593, 595, 599, 605, 652, 681, 693, 708, 710, 711, 716, 718, 729, 732, 767, 777, 779, 791, 843, 861, 862, 866, 883, 896, 904, 916, 934, 976, 980, 991, 999]"
overlap,4,days_100_150,8640000,12960000,5,61,"[30, 45, 52, 66, 74, 77, 104, 110, 111, 112, 126, 133, 166, 168, 186, 209, 232, 256, 260, 266, 294, 305, 313, 318, 332, 356, 416, 435, 439, 447, 459, 472, 478, 500, 517, 523, 539, 556, 557, 564, 573, 574, 575, 586, 602, 648, 674, 699, 743, 759, 762, 765, 782, 803, 814, 868, 885, 908, 912, 949, 984]"
overlap,4,days_100_150,8640000,12960000,6,51,"[17, 24, 67, 92, 122, 136, 142, 160, 181, 190, 200, 267, 274, 280, 302, 316, 344, 353, 360, 373, 391, 392, 408, 428, 445, 493, 526, 530, 543, 561, 629, 630, 631, 637, 643, 647, 656, 658, 685, 739, 838, 846, 857, 891, 915, 920, 944, 952, 953, 963, 971]"
overlap,4,days_100_150,8640000,12960000,7,45,"[28, 56, 68, 95, 226, 231, 245, 251, 264, 269, 311, 329, 338, 361, 364, 399, 427, 432, 433, 482, 511, 531, 540, 582, 606, 624, 641, 697, 698, 736, 764, 773, 789, 809, 815, 819, 840, 855, 872, 873, 910, 925, 955, 987, 994]"
overlap,4,days_100_150,8640000,12960000,8,27,"[35, 141, 167, 188, 207, 241, 301, 421, 424, 431, 469, 512, 547, 552, 614, 709, 795, 817, 824, 847, 851, 858, 954, 957, 978, 988, 990]"
overlap,4,days_100_150,8640000,12960000,9,26,"[25, 41, 48, 73, 85, 216, 319, 321, 386, 458, 481, 499, 558, 565, 600, 618, 672, 679, 684, 704, 723, 758, 844, 918, 956, 1002]"
overlap,4,days_100_150,8640000,12960000,10,25,"[31, 98, 107, 117, 134, 150, 165, 172, 191, 196, 268, 291, 324, 401, 415, 429, 449, 454, 592, 683, 707, 713, 880, 948, 1003]"
overlap,4,days_100_150,8640000,12960000,11,22,"[62, 113, 250, 263, 369, 444, 485, 513, 515, 535, 542, 551, 646, 722, 770, 794, 801, 823, 854, 886, 927, 968]"
overlap,4,days_100_150,8640000,12960000,12,21,"[2, 15, 58, 119, 143, 284, 406, 422, 438, 465, 563, 580, 584, 680, 700, 731, 741, 790, 812, 818, 943]"
overlap,4,days_100_150,8640000,12960000,13,5,"[180, 639, 727, 897, 958]"
overlap,5,days_125_175,10800000,15120000,0,136,"[1, 16, 18, 32, 38, 42, 46, 50, 61, 64, 69, 71, 84, 96, 97, 101, 102, 103, 106, 114, 125, 127, 139, 143, 149, 154, 162, 169, 174, 184, 189, 195, 197, 206, 208, 223, 225, 236, 237, 243, 246, 259, 265, 281, 293, 303, 309, 310, 320, 322, 323, 324, 325, 337, 343, 346, 365, 368, 372, 377, 378, 393, 395, 399, 402, 404, 407, 410, 420, 423, 426, 452, 453, 457, 460, 474, 477, 479, 487, 496, 505, 509, 510, 514, 522, 524, 534, 559, 580, 595, 603, 622, 634, 649, 652, 663, 669, 676, 681, 705, 706, 708, 711, 716, 718, 724, 729, 735, 740, 754, 768, 777, 779, 780, 788, 791, 796, 822, 832, 843, 853, 861, 866, 876, 879, 883, 896, 904, 905, 907, 916, 934, 939, 950, 980, 999]"
overlap,5,days_125_175,10800000,15120000,1,92,"[11, 27, 39, 53, 65, 75, 91, 120, 132, 146, 147, 151, 157, 159, 171, 193, 194, 198, 212, 214, 220, 230, 235, 239, 242, 253, 273, 277, 285, 290, 299, 326, 334, 347, 355, 388, 397, 413, 462, 471, 476, 483, 544, 562, 566, 577, 578, 590, 591, 607, 609, 612, 617, 623, 633, 637, 665, 671, 678, 686, 687, 696, 714, 715, 746, 748, 749, 752, 763, 772, 787, 798, 830, 841, 842, 852, 865, 875, 890, 893, 923, 926, 931, 933, 935, 940, 951, 966, 972, 975, 983, 997]"
overlap,5,days_125_175,10800000,15120000,2,69,"[4, 26, 40, 60, 72, 82, 83, 86, 90, 116, 135, 137, 144, 152, 161, 164, 187, 203, 229, 254, 272, 283, 292, 306, 307, 352, 371, 379, 394, 398, 443, 450, 466, 488, 495, 498, 546, 549, 550, 568, 571, 572, 581, 594, 596, 613, 626, 628, 638, 640, 659, 662, 695, 701, 703, 712, 742, 771, 776, 784, 802, 807, 835, 863, 900, 901, 936, 942, 993]"
overlap,5,days_125_175,10800000,15120000,3,68,"[30, 52, 74, 77, 104, 111, 112, 126, 133, 166, 168, 182, 186, 204, 209, 232, 256, 260, 266, 267, 294, 305, 313, 318, 332, 356, 392, 416, 435, 439, 447, 449, 459, 472, 478, 500, 515, 517, 523, 556, 557, 573, 574, 575, 586, 602, 648, 674, 699, 730, 743, 759, 762, 765, 782, 794, 803, 814, 868, 869, 885, 889, 908, 912, 944, 948, 949, 984]"
overlap,5,days_125_175,10800000,15120000,4,57,"[10, 13, 14, 105, 131, 153, 158, 173, 199, 248, 270, 308, 317, 374, 414, 418, 442, 490, 497, 506, 508, 516, 541, 576, 597, 644, 650, 653, 654, 657, 660, 682, 690, 702, 719, 738, 745, 747, 761, 775, 783, 804, 828, 837, 850, 881, 911, 921, 924, 928, 945, 969, 977, 979, 996, 1001, 1004]"
overlap,5,days_125_175,10800000,15120000,5,55,"[24, 35, 67, 87, 141, 160, 167, 181, 188, 190, 207, 241, 274, 280, 301, 353, 360, 373, 391, 408, 421, 424, 445, 461, 469, 493, 512, 526, 530, 547, 552, 561, 585, 614, 629, 630, 631, 645, 656, 658, 685, 709, 795, 817, 824, 846, 851, 858, 891, 920, 954, 957, 963, 978, 988]"
overlap,5,days_125_175,10800000,15120000,6,52,"[28, 56, 68, 95, 170, 176, 231, 233, 245, 251, 264, 269, 311, 329, 330, 338, 361, 364, 405, 427, 432, 433, 448, 482, 511, 531, 540, 582, 588, 606, 624, 641, 692, 697, 698, 764, 769, 773, 789, 809, 819, 836, 840, 855, 872, 873, 910, 925, 955, 987, 994, 995]"
overlap,5,days_125_175,10800000,15120000,7,43,"[2, 8, 12, 15, 45, 58, 66, 119, 185, 227, 284, 304, 362, 383, 406, 422, 438, 441, 456, 465, 527, 528, 563, 584, 587, 589, 661, 680, 700, 720, 731, 741, 790, 797, 812, 818, 833, 870, 871, 887, 909, 922, 943]"
overlap,5,days_125_175,10800000,15120000,8,37,"[5, 29, 118, 138, 175, 192, 201, 226, 275, 327, 335, 380, 381, 437, 440, 446, 464, 468, 491, 532, 537, 553, 643, 664, 670, 688, 726, 737, 808, 815, 820, 839, 849, 867, 897, 898, 985]"
overlap,5,days_125_175,10800000,15120000,9,29,"[17, 31, 92, 122, 136, 142, 165, 180, 200, 302, 316, 341, 344, 349, 428, 431, 543, 647, 727, 739, 838, 847, 857, 915, 952, 953, 958, 971, 990]"
overlap,5,days_125_175,10800000,15120000,10,27,"[0, 6, 19, 78, 178, 228, 249, 295, 312, 333, 339, 409, 436, 470, 502, 519, 538, 569, 599, 605, 693, 710, 732, 767, 862, 976, 991]"
overlap,5,days_125_175,10800000,15120000,11,27,"[25, 41, 48, 73, 85, 216, 319, 321, 386, 458, 481, 499, 558, 565, 600, 618, 672, 679, 684, 704, 723, 736, 758, 844, 918, 956, 1002]"
overlap,5,days_125_175,10800000,15120000,12,24,"[7, 98, 107, 117, 134, 150, 191, 196, 257, 268, 278, 291, 401, 415, 429, 454, 592, 683, 707, 713, 801, 810, 880, 1003]"
overlap,5,days_125_175,10800000,15120000,13,19,"[62, 113, 250, 263, 369, 444, 485, 513, 535, 542, 551, 646, 722, 770, 823, 854, 886, 927, 968]"
overlap,6,days_150_200,12960000,17280000,0,155,"[1, 8, 38, 39, 42, 46, 50, 53, 62, 64, 65, 69, 70, 75, 84, 90, 91, 96, 97, 102, 106, 113, 120, 124, 125, 132, 139, 144, 146, 151, 154, 159, 164, 174, 179, 185, 191, 193, 194, 203, 205, 206, 214, 220, 223, 235, 239, 248, 250, 253, 283, 290, 299, 309, 315, 322, 323, 324, 326, 330, 334, 337, 340, 343, 346, 369, 388, 399, 402, 420, 444, 460, 462, 471, 474, 476, 477, 483, 485, 487, 505, 509, 510, 513, 515, 524, 528, 534, 535, 542, 544, 551, 559, 566, 578, 591, 603, 607, 609, 612, 617, 622, 633, 634, 637, 638, 640, 646, 649, 651, 663, 676, 678, 687, 696, 701, 706, 714, 722, 733, 735, 740, 752, 763, 770, 772, 787, 788, 791, 798, 805, 822, 823, 832, 833, 834, 835, 842, 852, 853, 854, 865, 875, 879, 886, 890, 893, 923, 927, 939, 940, 944, 951, 997, 1003]"
overlap,6,days_150_200,12960000,17280000,1,102,"[16, 18, 26, 32, 40, 59, 60, 61, 101, 103, 114, 127, 143, 149, 162, 169, 184, 187, 189, 195, 197, 198, 201, 208, 226, 236, 243, 246, 254, 259, 265, 272, 281, 293, 303, 310, 325, 365, 368, 372, 377, 378, 379, 393, 395, 398, 404, 407, 410, 414, 423, 426, 436, 450, 452, 453, 457, 488, 495, 496, 514, 522, 537, 568, 572, 580, 595, 596, 652, 669, 681, 695, 708, 711, 712, 716, 718, 724, 729, 741, 754, 777, 779, 780, 796, 802, 843, 858, 861, 866, 876, 883, 896, 904, 905, 907, 916, 934, 950, 980, 991, 999]"
overlap,6,days_150_200,12960000,17280000,2,82,"[4, 12, 15, 72, 81, 82, 83, 86, 116, 135, 137, 152, 161, 170, 176, 229, 233, 273, 284, 292, 304, 306, 362, 371, 383, 394, 405, 413, 422, 441, 443, 448, 456, 466, 527, 546, 549, 550, 563, 571, 581, 584, 585, 587, 588, 589, 613, 626, 628, 659, 660, 661, 662, 665, 680, 692, 697, 703, 720, 731, 742, 746, 769, 771, 775, 784, 797, 807, 830, 836, 855, 870, 871, 900, 901, 922, 935, 936, 941, 942, 993, 995]"
overlap,6,days_150_200,12960000,17280000,3,71,"[30, 52, 74, 77, 104, 110, 111, 112, 126, 133, 166, 168, 182, 186, 204, 209, 232, 256, 260, 266, 267, 294, 305, 307, 313, 332, 356, 392, 416, 425, 435, 439, 447, 449, 459, 472, 478, 479, 500, 517, 539, 556, 557, 573, 574, 575, 586, 602, 648, 674, 699, 704, 730, 743, 759, 762, 765, 782, 794, 800, 803, 814, 868, 869, 885, 889, 908, 912, 948, 949, 984]"
overlap,6,days_150_200,12960000,17280000,4,56,"[10, 13, 14, 105, 131, 153, 158, 173, 199, 213, 270, 308, 317, 374, 396, 411, 418, 437, 442, 490, 491, 497, 506, 516, 532, 541, 576, 597, 644, 650, 654, 657, 682, 690, 702, 719, 738, 745, 761, 783, 804, 820, 828, 837, 850, 881, 921, 924, 928, 945, 969, 977, 979, 996, 1001, 1004]"
overlap,6,days_150_200,12960000,17280000,5,55,"[24, 35, 67, 87, 141, 160, 167, 181, 188, 190, 207, 241, 274, 280, 301, 344, 353, 360, 373, 391, 408, 421, 424, 445, 461, 469, 493, 512, 526, 530, 547, 552, 561, 614, 629, 630, 631, 645, 656, 658, 685, 709, 795, 817, 841, 846, 847, 851, 891, 920, 954, 957, 963, 978, 988]"
overlap,6,days_150_200,12960000,17280000,6,51,"[5, 7, 29, 31, 98, 107, 117, 118, 134, 138, 150, 165, 192, 196, 217, 238, 257, 268, 278, 291, 320, 327, 335, 357, 381, 401, 415, 429, 454, 464, 468, 553, 562, 592, 643, 664, 670, 683, 688, 707, 713, 732, 808, 810, 815, 867, 880, 897, 898, 899, 985]"
overlap,6,days_150_200,12960000,17280000,7,48,"[25, 27, 41, 44, 48, 71, 73, 85, 147, 157, 171, 216, 230, 277, 285, 318, 319, 321, 347, 355, 386, 458, 481, 499, 558, 565, 577, 590, 600, 618, 672, 679, 684, 686, 715, 723, 736, 748, 758, 776, 844, 918, 926, 931, 933, 956, 966, 972]"
overlap,6,days_150_200,12960000,17280000,8,48,"[28, 56, 68, 95, 175, 231, 245, 251, 264, 269, 275, 311, 329, 338, 361, 364, 380, 427, 432, 433, 440, 482, 511, 531, 540, 582, 606, 624, 641, 698, 737, 764, 773, 789, 809, 819, 840, 849, 863, 872, 873, 887, 910, 925, 955, 983, 987, 994]"
overlap,6,days_150_200,12960000,17280000,9,25,"[0, 6, 19, 78, 178, 218, 228, 249, 295, 312, 333, 339, 349, 409, 470, 502, 538, 569, 599, 605, 693, 710, 767, 862, 976]"
overlap,6,days_150_200,12960000,17280000,10,24,"[17, 92, 122, 136, 142, 200, 302, 316, 341, 397, 428, 431, 543, 647, 671, 739, 838, 857, 915, 952, 953, 971, 975, 990]"
overlap,6,days_150_200,12960000,17280000,11,11,"[2, 45, 66, 119, 215, 227, 465, 700, 790, 812, 986]"
overlap,6,days_150_200,12960000,17280000,12,4,"[58, 438, 818, 909]"
overlap,6,days_150_200,12960000,17280000,13,4,"[180, 727, 829, 958]"
overlap,7,days_175_225,15120000,19440000,0,109,"[8, 11, 39, 53, 64, 65, 70, 71, 75, 83, 102, 116, 120, 143, 151, 159, 179, 191, 193, 194, 203, 213, 214, 220, 221, 229, 233, 235, 239, 253, 290, 306, 317, 324, 326, 334, 374, 394, 413, 426, 448, 462, 471, 476, 483, 534, 544, 546, 550, 566, 571, 578, 589, 591, 607, 609, 612, 617, 626, 627, 633, 640, 659, 660, 661, 665, 669, 678, 687, 692, 696, 714, 736, 741, 742, 746, 752, 769, 771, 772, 775, 776, 784, 787, 797, 798, 805, 807, 830, 833, 834, 835, 852, 863, 865, 875, 887, 890, 893, 900, 901, 910, 923, 935, 940, 944, 951, 993, 997]"
overlap,7,days_175_225,15120000,19440000,1,98,"[5, 7, 13, 14, 29, 76, 90, 105, 107, 144, 153, 173, 175, 183, 185, 192, 199, 201, 208, 217, 226, 236, 238, 248, 270, 275, 281, 283, 308, 327, 328, 335, 380, 381, 396, 397, 399, 411, 418, 437, 440, 442, 464, 468, 491, 497, 506, 516, 532, 537, 541, 553, 576, 597, 643, 644, 650, 651, 657, 664, 666, 670, 682, 688, 690, 702, 705, 719, 737, 738, 745, 761, 763, 783, 796, 804, 808, 810, 828, 837, 849, 850, 881, 898, 899, 905, 921, 924, 928, 945, 975, 977, 979, 980, 985, 996, 1001, 1004]"
overlap,7,days_175_225,15120000,19440000,2,87,"[0, 6, 16, 18, 19, 32, 59, 61, 78, 101, 114, 118, 127, 149, 169, 178, 184, 189, 195, 197, 218, 225, 228, 237, 243, 246, 249, 265, 293, 295, 312, 333, 339, 365, 372, 377, 393, 398, 404, 407, 409, 410, 423, 453, 457, 470, 502, 511, 519, 522, 538, 569, 580, 595, 599, 605, 652, 654, 681, 693, 708, 710, 711, 716, 718, 724, 729, 732, 754, 767, 777, 779, 791, 843, 858, 861, 862, 866, 883, 896, 904, 907, 916, 934, 969, 976, 991]"
overlap,7,days_175_225,15120000,19440000,3,83,"[2, 30, 37, 52, 74, 77, 104, 110, 111, 112, 119, 121, 126, 133, 166, 168, 182, 186, 204, 209, 215, 232, 240, 250, 256, 260, 266, 267, 287, 294, 305, 313, 332, 356, 392, 416, 425, 435, 439, 447, 459, 465, 472, 478, 479, 500, 515, 517, 539, 557, 573, 575, 586, 602, 648, 674, 677, 699, 700, 717, 730, 743, 759, 762, 765, 782, 790, 794, 800, 803, 812, 814, 825, 868, 869, 885, 886, 889, 908, 912, 948, 949, 984]"
overlap,7,days_175_225,15120000,19440000,4,76,"[4, 12, 15, 26, 40, 58, 60, 72, 81, 82, 86, 135, 137, 138, 152, 158, 161, 187, 198, 205, 254, 272, 273, 284, 292, 304, 330, 340, 362, 371, 379, 383, 405, 406, 422, 438, 441, 443, 450, 466, 488, 495, 523, 527, 528, 549, 563, 568, 572, 581, 584, 585, 587, 596, 613, 628, 662, 680, 695, 701, 703, 712, 720, 731, 785, 802, 818, 848, 867, 870, 909, 922, 936, 941, 942, 943]"
overlap,7,days_175_225,15120000,19440000,5,66,"[1, 38, 42, 46, 50, 69, 84, 96, 97, 103, 106, 125, 132, 139, 154, 164, 174, 206, 223, 299, 303, 309, 310, 320, 322, 323, 337, 343, 346, 368, 378, 388, 395, 402, 420, 460, 474, 477, 487, 489, 505, 509, 510, 514, 524, 559, 603, 606, 622, 634, 638, 649, 663, 676, 706, 740, 780, 788, 822, 832, 842, 853, 879, 939, 950, 1003]"
overlap,7,days_175_225,15120000,19440000,6,53,"[24, 35, 67, 87, 141, 160, 167, 181, 188, 190, 207, 241, 274, 280, 288, 301, 353, 360, 373, 408, 414, 421, 424, 445, 469, 493, 512, 526, 530, 547, 552, 561, 614, 629, 630, 631, 656, 658, 685, 739, 795, 817, 841, 846, 847, 851, 891, 920, 954, 957, 963, 978, 988]"
overlap,7,days_175_225,15120000,19440000,7,49,"[25, 41, 44, 45, 48, 66, 73, 147, 157, 171, 216, 227, 230, 277, 285, 318, 319, 321, 347, 355, 366, 386, 458, 481, 499, 558, 565, 577, 590, 600, 618, 672, 679, 684, 686, 704, 715, 723, 748, 758, 844, 918, 926, 931, 933, 956, 966, 972, 986]"
overlap,7,days_175_225,15120000,19440000,8,47,"[28, 56, 68, 95, 131, 170, 176, 231, 245, 251, 269, 311, 329, 338, 361, 364, 427, 432, 433, 482, 531, 540, 582, 588, 624, 641, 671, 697, 698, 733, 764, 773, 789, 801, 809, 819, 836, 840, 855, 872, 873, 925, 955, 983, 987, 994, 995]"
overlap,7,days_175_225,15120000,19440000,9,25,"[17, 31, 92, 122, 136, 142, 165, 200, 257, 302, 316, 341, 344, 349, 428, 431, 543, 647, 838, 857, 915, 952, 953, 971, 990]"
overlap,7,days_175_225,15120000,19440000,10,25,"[91, 98, 117, 134, 150, 196, 264, 268, 278, 291, 307, 315, 401, 415, 429, 454, 562, 592, 594, 683, 707, 713, 735, 880, 1002]"
overlap,7,days_175_225,15120000,19440000,11,18,"[62, 113, 124, 369, 444, 485, 513, 535, 542, 551, 556, 646, 722, 770, 821, 823, 854, 927]"
overlap,7,days_175_225,15120000,19440000,12,4,"[180, 727, 829, 958]"
overlap,8,days_200_250,17280000,21600000,0,109,"[0, 6, 19, 32, 38, 61, 64, 70, 78, 91, 101, 115, 118, 127, 143, 144, 149, 176, 178, 184, 189, 225, 228, 237, 243, 246, 249, 259, 279, 293, 295, 299, 307, 312, 320, 324, 333, 334, 339, 365, 377, 388, 393, 395, 407, 409, 410, 423, 426, 457, 470, 474, 483, 487, 490, 502, 509, 519, 522, 534, 538, 569, 570, 580, 591, 599, 605, 607, 612, 613, 615, 635, 638, 654, 669, 687, 693, 696, 705, 706, 708, 710, 711, 716, 718, 729, 732, 754, 767, 777, 779, 791, 797, 832, 843, 858, 862, 866, 884, 893, 904, 907, 916, 939, 969, 976, 991, 995, 999]"
overlap,8,days_200_250,17280000,21600000,1,109,"[5, 7, 13, 14, 16, 29, 90, 105, 107, 114, 131, 153, 173, 175, 183, 192, 199, 201, 208, 217, 222, 226, 235, 236, 238, 248, 270, 275, 281, 283, 308, 327, 328, 335, 380, 381, 382, 385, 411, 418, 437, 440, 442, 464, 468, 473, 491, 497, 506, 508, 516, 532, 537, 541, 553, 576, 597, 617, 627, 643, 644, 650, 652, 657, 664, 666, 670, 682, 688, 690, 702, 719, 724, 737, 738, 745, 761, 783, 796, 801, 804, 808, 810, 815, 828, 837, 849, 850, 881, 890, 898, 899, 905, 910, 921, 923, 924, 928, 945, 951, 975, 977, 979, 980, 985, 996, 997, 1001, 1004]"
overlap,8,days_200_250,17280000,21600000,2,83,"[2, 30, 37, 52, 74, 77, 104, 110, 111, 112, 119, 121, 126, 133, 166, 168, 182, 186, 204, 209, 232, 240, 256, 260, 266, 267, 287, 294, 305, 313, 326, 332, 340, 356, 392, 412, 416, 425, 435, 439, 447, 459, 465, 472, 478, 479, 500, 515, 517, 557, 573, 574, 575, 585, 586, 602, 648, 674, 677, 699, 700, 717, 730, 743, 759, 762, 765, 782, 790, 794, 803, 812, 814, 825, 845, 868, 885, 889, 908, 912, 948, 949, 984]"
overlap,8,days_200_250,17280000,21600000,3,62,"[40, 83, 86, 137, 151, 152, 159, 161, 187, 194, 198, 203, 214, 229, 239, 253, 254, 272, 290, 306, 317, 374, 379, 394, 398, 400, 443, 450, 466, 488, 495, 523, 568, 571, 572, 589, 596, 616, 626, 659, 660, 662, 673, 678, 695, 703, 712, 736, 742, 769, 771, 776, 784, 802, 807, 835, 852, 863, 900, 901, 940, 993]"
overlap,8,days_200_250,17280000,21600000,4,58,"[1, 18, 42, 46, 50, 69, 76, 84, 96, 97, 102, 103, 106, 125, 132, 139, 154, 164, 174, 206, 223, 303, 309, 310, 322, 323, 337, 343, 368, 378, 399, 402, 420, 460, 477, 489, 505, 510, 514, 524, 548, 559, 603, 606, 622, 634, 649, 663, 676, 735, 740, 780, 788, 822, 842, 853, 879, 950]"
overlap,8,days_200_250,17280000,21600000,5,49,"[4, 12, 15, 58, 82, 135, 138, 170, 273, 284, 292, 304, 315, 330, 362, 371, 383, 405, 406, 422, 438, 441, 456, 527, 528, 549, 581, 584, 587, 594, 628, 637, 680, 697, 720, 731, 739, 785, 818, 848, 855, 867, 870, 887, 909, 922, 936, 942, 943]"
overlap,8,days_200_250,17280000,21600000,6,49,"[24, 35, 141, 160, 167, 181, 188, 190, 207, 241, 274, 280, 286, 288, 301, 353, 360, 373, 414, 421, 424, 445, 469, 493, 512, 526, 530, 547, 552, 561, 614, 629, 630, 631, 656, 658, 685, 795, 817, 838, 846, 847, 851, 891, 920, 954, 957, 978, 988]"
overlap,8,days_200_250,17280000,21600000,7,44,"[8, 11, 53, 65, 75, 98, 117, 120, 134, 150, 193, 196, 220, 221, 255, 257, 268, 278, 291, 297, 401, 415, 429, 454, 462, 501, 544, 563, 566, 592, 609, 633, 681, 683, 707, 713, 714, 741, 772, 833, 865, 875, 880, 1003]"
overlap,8,days_200_250,17280000,21600000,8,44,"[28, 56, 68, 95, 231, 245, 251, 264, 269, 311, 329, 338, 361, 364, 427, 432, 433, 461, 480, 482, 511, 531, 540, 582, 588, 624, 641, 698, 733, 749, 764, 773, 789, 809, 819, 836, 840, 872, 873, 925, 955, 983, 987, 994]"
overlap,8,days_200_250,17280000,21600000,9,41,"[17, 31, 67, 71, 92, 122, 136, 142, 165, 169, 180, 185, 195, 200, 213, 302, 316, 341, 344, 349, 372, 404, 408, 428, 453, 543, 554, 595, 647, 727, 829, 857, 883, 896, 915, 934, 952, 953, 963, 971, 990]"
overlap,8,days_200_250,17280000,21600000,10,26,"[25, 41, 48, 73, 216, 318, 319, 321, 386, 434, 458, 499, 558, 565, 600, 618, 672, 679, 684, 704, 723, 758, 844, 918, 956, 1002]"
overlap,8,days_200_250,17280000,21600000,11,26,"[72, 191, 197, 233, 389, 413, 448, 471, 481, 546, 550, 661, 665, 671, 692, 746, 752, 763, 775, 787, 798, 830, 834, 841, 935, 944]"
overlap,8,days_200_250,17280000,21600000,12,22,"[45, 66, 147, 157, 171, 227, 230, 277, 285, 347, 355, 366, 577, 590, 686, 715, 748, 926, 931, 933, 966, 972]"
overlap,8,days_200_250,17280000,21600000,13,21,"[62, 113, 124, 250, 263, 369, 444, 485, 513, 535, 542, 551, 556, 646, 722, 770, 821, 823, 854, 886, 927]"
overlap,8,days_200_250,17280000,21600000,14,3,"[60, 774, 947]"
overlap,9,days_225_275,19440000,23760000,0,130,"[2, 5, 7, 10, 13, 14, 16, 19, 29, 69, 101, 103, 105, 107, 115, 119, 131, 153, 173, 175, 184, 192, 199, 201, 208, 222, 226, 236, 246, 259, 270, 275, 279, 283, 303, 320, 327, 335, 365, 378, 381, 382, 385, 393, 395, 397, 407, 418, 423, 426, 440, 442, 464, 465, 468, 473, 487, 490, 491, 497, 506, 508, 514, 516, 532, 537, 541, 553, 576, 597, 603, 615, 635, 644, 650, 652, 657, 661, 664, 670, 682, 688, 700, 702, 711, 719, 724, 737, 738, 745, 761, 779, 780, 783, 790, 796, 801, 804, 808, 810, 812, 815, 828, 832, 837, 843, 849, 850, 881, 884, 889, 898, 899, 907, 921, 924, 928, 943, 945, 950, 970, 975, 977, 979, 980, 985, 996, 999, 1001, 1004]"
overlap,9,days_225_275,19440000,23760000,1,98,"[1, 18, 38, 42, 46, 50, 64, 70, 76, 84, 91, 96, 97, 102, 106, 116, 125, 132, 139, 154, 164, 174, 191, 206, 221, 223, 233, 248, 299, 307, 309, 310, 322, 323, 324, 329, 334, 337, 343, 346, 368, 388, 399, 402, 413, 420, 474, 477, 483, 505, 509, 510, 524, 534, 548, 559, 570, 591, 607, 612, 613, 622, 624, 634, 638, 649, 663, 665, 671, 673, 676, 687, 692, 696, 705, 733, 735, 739, 740, 746, 752, 763, 775, 788, 797, 819, 822, 830, 834, 842, 853, 879, 893, 910, 935, 939, 944, 995]"
overlap,9,days_225_275,19440000,23760000,2,79,"[30, 37, 45, 52, 66, 74, 77, 80, 90, 94, 104, 110, 111, 112, 126, 133, 138, 166, 168, 186, 202, 204, 209, 227, 232, 240, 256, 260, 266, 267, 294, 305, 313, 332, 340, 356, 416, 425, 435, 439, 447, 459, 472, 478, 500, 517, 523, 539, 556, 557, 573, 574, 575, 585, 586, 602, 648, 674, 690, 699, 721, 730, 743, 759, 762, 765, 782, 803, 814, 825, 845, 868, 885, 908, 912, 946, 948, 949, 984]"
overlap,9,days_225_275,19440000,23760000,3,65,"[0, 6, 32, 61, 78, 114, 118, 127, 143, 144, 149, 176, 178, 189, 228, 243, 249, 281, 293, 295, 312, 333, 339, 377, 380, 409, 410, 457, 460, 470, 479, 502, 519, 522, 538, 544, 563, 569, 580, 593, 599, 605, 654, 669, 693, 708, 710, 716, 718, 729, 732, 741, 754, 767, 777, 791, 858, 862, 866, 904, 905, 916, 969, 976, 991]"
overlap,9,days_225_275,19440000,23760000,4,65,"[40, 60, 83, 86, 137, 152, 159, 161, 187, 194, 198, 203, 214, 229, 254, 272, 273, 290, 306, 315, 317, 374, 379, 394, 398, 400, 412, 443, 450, 466, 488, 515, 568, 571, 572, 589, 606, 616, 626, 651, 659, 660, 662, 678, 695, 703, 712, 742, 769, 771, 776, 784, 794, 798, 802, 807, 835, 852, 863, 867, 900, 901, 922, 940, 993]"
overlap,9,days_225_275,19440000,23760000,5,57,"[8, 11, 53, 65, 72, 75, 98, 117, 120, 134, 150, 151, 193, 196, 197, 220, 235, 253, 255, 257, 268, 278, 291, 297, 326, 389, 401, 415, 429, 454, 462, 471, 495, 501, 546, 550, 566, 592, 609, 617, 625, 633, 681, 683, 706, 707, 713, 714, 772, 833, 841, 865, 880, 890, 923, 997, 1003]"
overlap,9,days_225_275,19440000,23760000,6,55,"[24, 35, 141, 167, 181, 188, 190, 207, 239, 241, 274, 280, 286, 288, 301, 353, 360, 373, 414, 421, 424, 445, 453, 469, 493, 511, 512, 526, 530, 547, 552, 561, 614, 629, 630, 631, 643, 656, 658, 685, 795, 817, 824, 846, 847, 851, 891, 902, 920, 951, 954, 957, 964, 978, 988]"
overlap,9,days_225_275,19440000,23760000,7,42,"[17, 31, 67, 71, 92, 122, 136, 142, 160, 165, 169, 180, 185, 195, 200, 213, 225, 302, 316, 341, 344, 349, 372, 392, 404, 408, 428, 543, 554, 595, 647, 727, 838, 857, 883, 915, 934, 952, 953, 963, 971, 990]"
overlap,9,days_225_275,19440000,23760000,8,41,"[28, 56, 68, 95, 231, 245, 251, 264, 311, 338, 361, 364, 427, 432, 433, 448, 461, 480, 482, 531, 540, 582, 596, 641, 697, 698, 736, 749, 764, 773, 789, 809, 840, 855, 872, 873, 925, 955, 983, 987, 994]"
overlap,9,days_225_275,19440000,23760000,9,40,"[4, 12, 15, 26, 58, 82, 135, 170, 284, 292, 304, 330, 362, 371, 383, 405, 422, 438, 441, 456, 527, 528, 549, 581, 584, 587, 594, 628, 637, 680, 720, 731, 818, 848, 870, 887, 909, 932, 936, 942]"
overlap,9,days_225_275,19440000,23760000,10,28,"[25, 41, 48, 73, 216, 318, 319, 321, 366, 386, 434, 458, 481, 499, 558, 565, 600, 618, 672, 679, 684, 704, 723, 758, 844, 918, 956, 1002]"
overlap,9,days_225_275,19440000,23760000,11,21,"[62, 113, 124, 250, 263, 369, 444, 485, 513, 535, 542, 551, 646, 691, 722, 770, 821, 823, 854, 886, 927]"
overlap,9,days_225_275,19440000,23760000,12,19,"[147, 157, 171, 230, 277, 285, 308, 347, 355, 577, 590, 686, 715, 748, 926, 931, 933, 966, 972]"
overlap,10,days_250_300,21600000,25920000,0,83,"[1, 11, 32, 38, 53, 65, 70, 72, 75, 84, 116, 120, 132, 151, 159, 191, 193, 197, 205, 214, 220, 233, 248, 253, 271, 290, 307, 309, 322, 324, 326, 329, 334, 388, 395, 397, 398, 413, 430, 460, 495, 501, 534, 546, 549, 550, 554, 591, 607, 617, 633, 642, 651, 660, 665, 668, 671, 687, 692, 706, 734, 739, 746, 772, 775, 776, 791, 798, 807, 819, 832, 834, 842, 865, 890, 910, 923, 935, 939, 940, 983, 992, 995]"
overlap,10,days_250_300,21600000,25920000,1,78,"[0, 6, 16, 19, 61, 71, 76, 78, 90, 114, 118, 122, 127, 149, 169, 178, 184, 189, 201, 225, 228, 236, 243, 249, 251, 270, 281, 293, 295, 312, 320, 333, 339, 365, 372, 404, 407, 409, 410, 464, 470, 479, 490, 502, 519, 538, 569, 593, 595, 599, 605, 625, 693, 705, 708, 710, 711, 714, 716, 718, 732, 767, 777, 779, 789, 843, 862, 867, 876, 883, 904, 905, 907, 916, 934, 969, 976, 997]"
overlap,10,days_250_300,21600000,25920000,2,75,"[2, 30, 37, 43, 45, 52, 66, 74, 77, 94, 104, 110, 111, 115, 119, 126, 133, 138, 166, 168, 209, 227, 232, 256, 260, 266, 294, 305, 313, 332, 340, 356, 416, 425, 435, 439, 447, 465, 472, 500, 515, 539, 556, 557, 573, 574, 575, 586, 602, 648, 661, 674, 699, 700, 721, 730, 743, 759, 762, 765, 768, 782, 790, 812, 814, 868, 885, 889, 908, 912, 946, 948, 949, 966, 984]"
overlap,10,days_250_300,21600000,25920000,3,64,"[18, 50, 64, 69, 96, 101, 102, 103, 106, 125, 139, 153, 154, 164, 174, 175, 195, 206, 223, 246, 275, 299, 310, 323, 337, 343, 346, 368, 377, 378, 399, 402, 420, 423, 457, 477, 487, 505, 509, 510, 514, 548, 559, 583, 612, 622, 634, 638, 649, 663, 676, 729, 740, 780, 788, 849, 853, 866, 879, 896, 943, 950, 977, 1004]"
overlap,10,days_250_300,21600000,25920000,4,63,"[24, 35, 42, 95, 141, 160, 167, 181, 188, 190, 194, 207, 235, 239, 241, 274, 280, 288, 301, 353, 360, 373, 414, 421, 424, 445, 453, 469, 493, 512, 526, 530, 547, 552, 561, 598, 614, 629, 630, 631, 643, 656, 658, 678, 681, 685, 696, 795, 817, 824, 841, 846, 847, 851, 891, 902, 920, 951, 954, 957, 964, 978, 988]"
overlap,10,days_250_300,21600000,25920000,5,53,"[5, 7, 29, 98, 107, 117, 134, 150, 192, 196, 208, 226, 257, 268, 278, 291, 327, 335, 380, 381, 393, 401, 415, 429, 440, 454, 462, 468, 471, 473, 537, 553, 566, 592, 609, 652, 664, 670, 683, 688, 707, 713, 737, 752, 808, 810, 833, 880, 898, 899, 980, 985, 1003]"
overlap,10,days_250_300,21600000,25920000,6,50,"[10, 13, 14, 46, 105, 173, 199, 317, 374, 382, 396, 418, 437, 491, 506, 511, 516, 532, 541, 576, 597, 644, 650, 654, 657, 666, 682, 702, 719, 724, 738, 745, 761, 783, 804, 828, 837, 850, 858, 881, 921, 924, 928, 945, 970, 975, 979, 991, 996, 1001]"
overlap,10,days_250_300,21600000,25920000,7,43,"[4, 82, 83, 86, 135, 137, 152, 170, 229, 273, 292, 304, 306, 315, 371, 400, 405, 441, 443, 456, 523, 570, 581, 587, 626, 628, 659, 677, 703, 720, 742, 757, 769, 771, 784, 835, 863, 870, 901, 932, 936, 942, 993]"
overlap,10,days_250_300,21600000,25920000,8,36,"[28, 56, 68, 231, 245, 264, 311, 338, 361, 364, 427, 432, 433, 480, 482, 497, 531, 540, 582, 624, 641, 697, 698, 736, 764, 773, 809, 830, 840, 855, 872, 873, 925, 955, 987, 994]"
overlap,10,days_250_300,21600000,25920000,9,34,"[17, 31, 67, 80, 92, 112, 136, 142, 165, 186, 200, 202, 267, 302, 316, 341, 344, 349, 392, 408, 428, 478, 517, 543, 647, 803, 838, 857, 915, 952, 953, 963, 971, 990]"
overlap,10,days_250_300,21600000,25920000,10,29,"[8, 15, 58, 143, 144, 284, 383, 389, 422, 438, 520, 527, 528, 544, 563, 580, 584, 585, 589, 669, 680, 717, 731, 741, 796, 818, 887, 909, 922]"
overlap,10,days_250_300,21600000,25920000,11,29,"[25, 41, 48, 73, 85, 91, 216, 318, 319, 321, 386, 458, 481, 499, 558, 565, 600, 618, 672, 673, 679, 684, 704, 723, 758, 844, 918, 956, 1002]"
overlap,10,days_250_300,21600000,25920000,12,26,"[26, 40, 60, 161, 187, 254, 272, 362, 379, 394, 450, 466, 488, 568, 571, 572, 596, 662, 695, 712, 754, 774, 801, 802, 900, 947]"
overlap,10,days_250_300,21600000,25920000,13,25,"[62, 113, 124, 182, 185, 213, 250, 263, 283, 369, 444, 483, 485, 513, 522, 535, 542, 551, 646, 691, 722, 800, 823, 854, 886]"
overlap,10,days_250_300,21600000,25920000,14,19,"[147, 157, 171, 221, 230, 277, 285, 308, 347, 355, 577, 590, 686, 715, 748, 926, 931, 933, 972]"
overlap,10,days_250_300,21600000,25920000,15,3,"[180, 727, 829]"
overlap,11,days_275_325,23760000,28080000,0,112,"[5, 7, 10, 13, 14, 16, 19, 29, 76, 90, 101, 103, 105, 107, 153, 173, 175, 192, 199, 201, 208, 236, 246, 270, 273, 275, 320, 327, 335, 343, 365, 377, 378, 380, 381, 393, 396, 397, 410, 418, 423, 437, 440, 442, 457, 464, 468, 473, 491, 506, 514, 516, 532, 537, 541, 553, 576, 597, 625, 643, 644, 649, 650, 652, 654, 657, 663, 664, 666, 670, 682, 688, 690, 702, 714, 719, 729, 737, 738, 745, 761, 777, 780, 783, 804, 808, 810, 828, 837, 849, 850, 865, 866, 867, 881, 898, 899, 921, 924, 928, 941, 945, 950, 969, 975, 977, 979, 980, 985, 996, 1001, 1004]"
overlap,11,days_275_325,23760000,28080000,1,96,"[8, 15, 65, 69, 106, 116, 138, 147, 157, 159, 161, 171, 191, 214, 221, 223, 230, 233, 248, 271, 277, 283, 284, 285, 290, 307, 322, 334, 347, 355, 362, 383, 394, 398, 413, 422, 430, 501, 515, 520, 527, 534, 546, 548, 550, 571, 577, 578, 584, 587, 589, 590, 591, 607, 637, 651, 665, 668, 671, 680, 686, 687, 692, 706, 715, 717, 720, 731, 735, 739, 740, 741, 746, 748, 775, 776, 788, 798, 807, 813, 822, 834, 853, 879, 887, 900, 910, 926, 931, 933, 935, 939, 940, 972, 992, 995]"
overlap,11,days_275_325,23760000,28080000,2,79,"[2, 30, 37, 43, 45, 52, 66, 74, 77, 91, 104, 110, 111, 112, 119, 126, 133, 166, 168, 176, 209, 227, 232, 235, 256, 260, 266, 294, 305, 313, 318, 326, 332, 340, 356, 416, 425, 435, 439, 447, 465, 472, 490, 500, 517, 556, 557, 573, 574, 575, 586, 598, 602, 648, 674, 700, 721, 730, 743, 759, 762, 765, 768, 782, 790, 803, 812, 814, 868, 880, 885, 889, 908, 912, 946, 948, 949, 966, 984]"
overlap,11,days_275_325,23760000,28080000,3,77,"[0, 6, 32, 58, 61, 71, 78, 114, 118, 122, 127, 143, 149, 169, 178, 184, 189, 197, 228, 239, 243, 249, 255, 272, 293, 295, 312, 333, 339, 372, 404, 409, 426, 438, 461, 470, 478, 479, 502, 519, 522, 538, 549, 563, 569, 580, 593, 595, 599, 605, 613, 681, 693, 696, 707, 708, 710, 711, 716, 718, 724, 732, 754, 767, 791, 796, 818, 858, 862, 876, 883, 904, 909, 934, 951, 976, 991]"
overlap,11,days_275_325,23760000,28080000,4,54,"[17, 24, 31, 67, 92, 136, 142, 160, 165, 182, 185, 200, 267, 280, 288, 302, 316, 341, 344, 349, 353, 360, 391, 392, 408, 414, 428, 445, 493, 526, 530, 543, 561, 585, 629, 630, 631, 636, 647, 658, 685, 830, 833, 838, 846, 857, 891, 892, 915, 952, 953, 963, 971, 990]"
overlap,11,days_275_325,23760000,28080000,5,52,"[4, 46, 72, 82, 83, 86, 135, 137, 152, 170, 194, 203, 211, 229, 292, 304, 306, 315, 317, 348, 371, 374, 400, 405, 441, 443, 483, 523, 533, 581, 626, 628, 659, 662, 677, 697, 703, 736, 742, 757, 769, 771, 784, 835, 855, 863, 870, 901, 932, 936, 942, 993]"
overlap,11,days_275_325,23760000,28080000,6,48,"[53, 75, 98, 117, 120, 134, 150, 151, 193, 196, 205, 220, 253, 257, 268, 278, 291, 389, 401, 415, 429, 454, 462, 471, 528, 544, 566, 592, 609, 617, 627, 633, 642, 660, 669, 683, 705, 713, 734, 752, 772, 805, 890, 923, 970, 983, 997, 1003]"
overlap,11,days_275_325,23760000,28080000,7,45,"[18, 38, 42, 50, 64, 70, 84, 96, 102, 125, 132, 139, 154, 164, 174, 195, 206, 299, 309, 310, 323, 324, 337, 346, 368, 388, 395, 402, 420, 474, 477, 487, 505, 509, 510, 559, 583, 622, 634, 638, 676, 832, 842, 896, 943]"
overlap,11,days_275_325,23760000,28080000,8,41,"[28, 56, 68, 95, 186, 226, 231, 245, 251, 264, 311, 329, 338, 361, 364, 427, 432, 433, 448, 480, 482, 497, 531, 540, 582, 606, 624, 641, 698, 764, 773, 789, 809, 819, 840, 872, 873, 925, 955, 987, 994]"
overlap,11,days_275_325,23760000,28080000,9,31,"[35, 141, 167, 181, 188, 190, 207, 241, 274, 281, 301, 373, 421, 424, 469, 512, 547, 552, 614, 656, 795, 817, 841, 847, 851, 905, 920, 954, 957, 978, 988]"
overlap,11,days_275_325,23760000,28080000,10,27,"[25, 41, 48, 73, 85, 216, 319, 321, 366, 386, 434, 458, 481, 499, 558, 565, 618, 672, 679, 684, 704, 723, 758, 844, 918, 956, 1002]"
overlap,11,days_275_325,23760000,28080000,11,25,"[62, 113, 124, 225, 250, 263, 369, 407, 444, 485, 513, 535, 542, 551, 646, 722, 779, 800, 821, 823, 843, 854, 886, 907, 927]"
overlap,11,days_275_325,23760000,28080000,12,18,"[40, 60, 187, 198, 379, 450, 466, 488, 495, 568, 572, 596, 695, 712, 774, 801, 802, 947]"
overlap,11,days_275_325,23760000,28080000,13,4,"[180, 727, 829, 958]"
overlap,12,days_300_350,25920000,30240000,0,88,"[5, 7, 10, 13, 14, 16, 29, 76, 107, 114, 118, 158, 173, 175, 192, 199, 201, 226, 236, 262, 270, 275, 327, 335, 381, 396, 397, 410, 437, 440, 442, 464, 468, 473, 491, 506, 508, 516, 532, 537, 541, 553, 576, 597, 643, 644, 650, 654, 657, 664, 666, 670, 671, 682, 688, 702, 719, 732, 737, 738, 745, 761, 777, 783, 796, 804, 808, 810, 826, 828, 837, 849, 850, 881, 898, 899, 921, 924, 928, 941, 945, 969, 975, 979, 980, 985, 995, 1001]"
overlap,12,days_300_350,25920000,30240000,1,85,"[2, 30, 45, 52, 66, 74, 77, 104, 110, 111, 112, 119, 126, 128, 133, 166, 168, 176, 197, 209, 227, 232, 240, 256, 257, 260, 266, 267, 294, 305, 313, 318, 326, 332, 340, 356, 380, 416, 425, 435, 439, 447, 465, 472, 500, 517, 556, 557, 570, 573, 574, 575, 586, 598, 602, 648, 674, 699, 700, 704, 721, 730, 743, 756, 759, 762, 765, 782, 790, 803, 812, 814, 817, 868, 869, 885, 889, 908, 912, 946, 948, 949, 961, 966, 984]"
overlap,12,days_300_350,25920000,30240000,2,79,"[0, 6, 19, 32, 58, 61, 71, 78, 122, 143, 149, 169, 178, 184, 189, 195, 225, 228, 243, 249, 281, 293, 295, 312, 320, 333, 339, 349, 365, 372, 377, 393, 404, 407, 409, 438, 457, 461, 470, 478, 479, 502, 519, 522, 538, 549, 563, 569, 580, 593, 595, 599, 605, 613, 690, 693, 696, 708, 710, 711, 716, 718, 724, 729, 754, 767, 779, 791, 818, 843, 862, 866, 883, 904, 905, 909, 934, 976, 991]"
overlap,12,days_300_350,25920000,30240000,3,77,"[38, 64, 65, 69, 70, 84, 91, 102, 106, 116, 147, 157, 159, 171, 214, 221, 223, 230, 233, 248, 271, 277, 283, 285, 309, 322, 324, 334, 347, 355, 366, 394, 395, 413, 462, 474, 515, 524, 527, 534, 546, 550, 571, 577, 578, 587, 590, 591, 607, 617, 668, 686, 687, 692, 715, 720, 735, 739, 740, 746, 748, 775, 776, 787, 813, 834, 853, 879, 910, 926, 931, 933, 935, 939, 940, 972, 992]"
overlap,12,days_300_350,25920000,30240000,4,68,"[4, 72, 82, 83, 86, 90, 135, 137, 138, 152, 170, 203, 205, 211, 229, 272, 292, 304, 306, 307, 315, 317, 337, 348, 362, 371, 374, 383, 400, 405, 441, 443, 483, 505, 523, 533, 581, 626, 628, 637, 645, 659, 662, 677, 697, 703, 714, 736, 742, 749, 757, 763, 769, 771, 784, 807, 835, 855, 863, 865, 870, 887, 900, 901, 936, 942, 993, 997]"
overlap,12,days_300_350,25920000,30240000,5,65,"[42, 46, 50, 96, 101, 103, 105, 125, 132, 139, 153, 161, 164, 194, 206, 208, 239, 246, 255, 273, 299, 308, 310, 323, 343, 346, 378, 388, 399, 402, 418, 420, 423, 477, 487, 497, 509, 510, 514, 528, 559, 603, 622, 634, 638, 649, 651, 663, 669, 676, 681, 706, 780, 788, 815, 822, 832, 893, 907, 943, 950, 951, 977, 996, 1004]"
overlap,12,days_300_350,25920000,30240000,6,54,"[39, 53, 75, 98, 117, 120, 127, 134, 144, 150, 151, 191, 193, 196, 198, 220, 235, 253, 259, 268, 278, 290, 291, 401, 415, 426, 429, 454, 471, 544, 562, 566, 589, 592, 609, 627, 633, 683, 705, 707, 713, 741, 752, 772, 798, 805, 876, 880, 890, 922, 923, 970, 999, 1003]"
overlap,12,days_300_350,25920000,30240000,7,51,"[24, 35, 141, 160, 167, 181, 188, 190, 207, 241, 274, 280, 288, 301, 353, 360, 373, 391, 414, 421, 424, 431, 445, 469, 484, 493, 512, 526, 530, 547, 552, 561, 614, 629, 630, 631, 656, 658, 685, 795, 841, 847, 851, 858, 891, 902, 920, 954, 957, 978, 988]"
overlap,12,days_300_350,25920000,30240000,8,43,"[28, 56, 68, 95, 231, 245, 251, 264, 311, 329, 338, 361, 364, 427, 432, 433, 448, 480, 482, 531, 540, 582, 606, 624, 641, 660, 698, 764, 773, 789, 809, 819, 830, 840, 867, 872, 873, 874, 925, 955, 983, 987, 994]"
overlap,12,days_300_350,25920000,30240000,9,28,"[17, 31, 67, 92, 136, 142, 165, 200, 302, 316, 341, 344, 392, 408, 428, 543, 636, 647, 838, 846, 857, 892, 915, 952, 953, 963, 971, 990]"
overlap,12,days_300_350,25920000,30240000,10,28,"[25, 41, 48, 73, 185, 216, 319, 321, 386, 434, 458, 481, 499, 501, 558, 565, 600, 618, 672, 679, 684, 723, 758, 833, 844, 918, 956, 1002]"
overlap,12,days_300_350,25920000,30240000,11,23,"[62, 113, 124, 186, 250, 263, 369, 444, 485, 513, 535, 542, 551, 646, 722, 770, 794, 800, 821, 823, 854, 886, 927]"
overlap,12,days_300_350,25920000,30240000,12,21,"[26, 40, 60, 187, 254, 379, 398, 450, 466, 488, 495, 568, 572, 585, 596, 695, 712, 774, 801, 802, 947]"
overlap,12,days_300_350,25920000,30240000,13,9,"[8, 15, 284, 422, 584, 652, 680, 717, 731]"
overlap,12,days_300_350,25920000,30240000,14,5,"[180, 238, 727, 829, 958]"
overlap,13,days_325_375,28080000,32400000,0,101,"[4, 82, 83, 135, 137, 138, 147, 157, 159, 170, 171, 191, 205, 213, 214, 221, 223, 229, 230, 233, 255, 271, 277, 285, 290, 304, 306, 307, 317, 337, 347, 355, 362, 366, 371, 374, 383, 394, 400, 405, 413, 441, 456, 505, 515, 522, 523, 525, 527, 546, 549, 550, 570, 571, 577, 581, 587, 590, 596, 626, 628, 645, 659, 665, 668, 686, 692, 697, 703, 715, 720, 736, 739, 742, 746, 748, 749, 769, 771, 775, 784, 787, 798, 807, 813, 834, 835, 855, 863, 870, 887, 900, 901, 926, 931, 933, 935, 940, 942, 972, 993]"
overlap,13,days_325_375,28080000,32400000,1,92,"[0, 6, 16, 19, 58, 61, 71, 78, 89, 91, 99, 102, 114, 118, 127, 149, 169, 178, 184, 189, 195, 225, 228, 243, 249, 265, 279, 281, 293, 295, 296, 312, 314, 320, 333, 339, 349, 359, 365, 372, 377, 393, 404, 407, 409, 426, 442, 457, 470, 483, 502, 519, 538, 563, 569, 591, 593, 595, 599, 605, 607, 615, 616, 690, 693, 696, 701, 705, 708, 710, 711, 716, 718, 724, 729, 732, 754, 767, 779, 843, 862, 866, 883, 884, 904, 905, 907, 909, 929, 934, 976, 991]"
overlap,13,days_325_375,28080000,32400000,2,88,"[2, 30, 52, 74, 77, 104, 110, 111, 112, 119, 126, 128, 133, 166, 168, 176, 186, 209, 232, 240, 256, 260, 266, 267, 294, 305, 313, 326, 332, 340, 348, 356, 392, 416, 425, 435, 438, 439, 447, 459, 461, 466, 472, 478, 500, 517, 556, 557, 573, 574, 575, 586, 598, 602, 648, 674, 699, 700, 721, 730, 743, 756, 759, 762, 763, 765, 782, 790, 794, 803, 812, 814, 818, 854, 868, 869, 885, 888, 889, 908, 912, 936, 946, 948, 949, 961, 966, 984]"
overlap,13,days_325_375,28080000,32400000,3,81,"[5, 7, 10, 13, 14, 29, 76, 158, 173, 175, 192, 199, 226, 236, 262, 270, 275, 289, 292, 327, 335, 380, 381, 382, 410, 437, 440, 464, 468, 473, 479, 491, 506, 508, 511, 516, 532, 537, 541, 553, 576, 597, 643, 644, 650, 654, 657, 664, 666, 670, 682, 688, 702, 719, 737, 738, 745, 761, 777, 783, 796, 804, 808, 810, 826, 828, 837, 849, 850, 881, 898, 899, 916, 921, 924, 928, 945, 979, 980, 985, 1001]"
overlap,13,days_325_375,28080000,32400000,4,80,"[38, 46, 50, 64, 69, 84, 96, 101, 103, 105, 106, 125, 139, 153, 154, 161, 164, 194, 206, 208, 239, 246, 273, 282, 299, 308, 309, 310, 315, 322, 323, 324, 343, 346, 368, 378, 395, 399, 402, 411, 418, 420, 423, 460, 474, 477, 487, 497, 509, 510, 514, 548, 559, 601, 603, 622, 634, 638, 651, 663, 676, 681, 706, 735, 740, 780, 788, 815, 832, 853, 879, 893, 939, 943, 950, 951, 969, 977, 996, 1004]"
overlap,13,days_325_375,28080000,32400000,5,80,"[39, 42, 49, 53, 65, 70, 72, 75, 87, 90, 93, 98, 107, 116, 117, 120, 132, 134, 150, 151, 193, 196, 198, 201, 220, 235, 248, 253, 257, 259, 268, 278, 283, 291, 334, 388, 397, 401, 415, 429, 454, 462, 471, 476, 524, 528, 534, 554, 562, 566, 589, 592, 609, 617, 633, 649, 660, 671, 683, 687, 707, 713, 714, 752, 772, 776, 833, 842, 865, 875, 876, 880, 890, 910, 922, 923, 975, 997, 999, 1003]"
overlap,13,days_325_375,28080000,32400000,6,58,"[24, 35, 141, 160, 167, 181, 188, 190, 207, 241, 274, 280, 288, 301, 353, 360, 373, 391, 408, 414, 421, 424, 431, 445, 469, 484, 493, 512, 526, 530, 547, 552, 561, 614, 629, 630, 631, 656, 658, 685, 750, 773, 795, 817, 841, 846, 847, 851, 858, 891, 894, 902, 920, 954, 957, 978, 988, 989]"
overlap,13,days_325_375,28080000,32400000,7,44,"[28, 56, 68, 95, 185, 231, 245, 251, 264, 311, 329, 338, 361, 364, 385, 427, 432, 433, 480, 482, 501, 531, 540, 582, 606, 624, 641, 698, 764, 789, 801, 809, 819, 830, 840, 867, 872, 873, 874, 925, 955, 983, 987, 994]"
overlap,13,days_325_375,28080000,32400000,8,29,"[25, 41, 48, 73, 85, 216, 318, 319, 321, 386, 434, 458, 465, 481, 499, 558, 565, 600, 618, 672, 679, 684, 704, 723, 758, 844, 918, 956, 1002]"
overlap,13,days_325_375,28080000,32400000,9,26,"[26, 40, 60, 86, 152, 187, 254, 272, 379, 398, 443, 450, 488, 495, 568, 572, 585, 662, 673, 678, 695, 712, 774, 802, 822, 947]"
overlap,13,days_325_375,28080000,32400000,10,25,"[17, 31, 67, 92, 122, 136, 142, 165, 200, 302, 316, 341, 344, 428, 543, 647, 838, 857, 892, 915, 952, 953, 963, 971, 990]"
overlap,13,days_325_375,28080000,32400000,11,20,"[8, 15, 18, 32, 143, 144, 197, 284, 422, 544, 580, 584, 613, 652, 669, 680, 731, 741, 791, 896]"
overlap,13,days_325_375,28080000,32400000,12,19,"[62, 113, 124, 250, 369, 444, 485, 513, 535, 542, 551, 646, 722, 770, 800, 821, 823, 886, 927]"
overlap,13,days_325_375,28080000,32400000,13,6,"[123, 180, 238, 727, 897, 958]"
overlap,13,days_325_375,28080000,32400000,14,3,"[45, 66, 227]"
overlap,14,days_350_400,30240000,34560000,0,99,"[4, 40, 47, 60, 82, 83, 86, 135, 137, 138, 152, 159, 161, 170, 187, 191, 198, 213, 214, 223, 229, 233, 254, 271, 272, 290, 304, 306, 307, 317, 337, 362, 371, 374, 379, 383, 394, 398, 400, 405, 413, 441, 443, 450, 456, 466, 488, 495, 505, 515, 523, 525, 527, 568, 571, 572, 581, 585, 587, 589, 626, 628, 659, 662, 665, 668, 678, 692, 695, 703, 712, 720, 736, 742, 746, 769, 771, 775, 776, 784, 792, 798, 802, 813, 834, 835, 860, 863, 865, 870, 887, 900, 901, 935, 936, 940, 942, 993, 995]"
overlap,14,days_350_400,30240000,34560000,1,85,"[2, 30, 45, 52, 66, 74, 77, 104, 109, 111, 112, 119, 126, 133, 166, 168, 176, 186, 204, 209, 227, 232, 240, 256, 260, 266, 267, 294, 305, 313, 326, 332, 348, 356, 392, 416, 425, 435, 438, 439, 447, 465, 472, 478, 500, 517, 556, 557, 567, 570, 573, 574, 575, 586, 602, 648, 674, 699, 700, 721, 730, 743, 751, 759, 762, 765, 782, 790, 812, 814, 818, 825, 868, 869, 885, 888, 889, 908, 912, 946, 949, 966, 984, 998, 1000]"
overlap,14,days_350_400,30240000,34560000,2,82,"[38, 42, 46, 50, 64, 69, 76, 84, 96, 103, 105, 106, 125, 132, 139, 153, 154, 164, 206, 282, 299, 308, 309, 310, 322, 323, 324, 343, 345, 346, 368, 376, 378, 388, 399, 402, 410, 411, 418, 419, 420, 460, 474, 477, 479, 487, 489, 509, 510, 514, 534, 548, 559, 562, 601, 603, 622, 634, 638, 649, 663, 676, 706, 735, 740, 777, 780, 788, 815, 822, 832, 836, 842, 853, 879, 939, 943, 950, 969, 977, 996, 1004]"
overlap,14,days_350_400,30240000,34560000,3,82,"[39, 53, 62, 65, 70, 72, 75, 87, 90, 91, 93, 113, 116, 120, 124, 151, 163, 193, 194, 220, 235, 239, 250, 253, 257, 273, 283, 340, 367, 369, 385, 397, 444, 448, 459, 461, 471, 476, 485, 513, 528, 535, 542, 551, 554, 566, 609, 617, 633, 646, 660, 671, 673, 714, 722, 752, 763, 770, 772, 794, 799, 800, 803, 807, 821, 823, 854, 867, 875, 886, 890, 895, 910, 913, 922, 923, 927, 944, 948, 951, 975, 997]"
overlap,14,days_350_400,30240000,34560000,4,65,"[16, 55, 61, 71, 89, 101, 102, 108, 114, 127, 149, 169, 175, 184, 195, 225, 243, 246, 259, 265, 275, 279, 296, 325, 334, 372, 377, 393, 404, 407, 423, 457, 483, 511, 522, 546, 549, 550, 591, 593, 595, 607, 615, 687, 696, 701, 708, 711, 716, 718, 724, 729, 737, 754, 779, 843, 849, 866, 876, 883, 884, 904, 907, 934, 999]"
overlap,14,days_350_400,30240000,34560000,5,60,"[24, 35, 141, 160, 167, 181, 188, 190, 207, 241, 274, 280, 281, 288, 301, 353, 360, 373, 391, 408, 414, 421, 424, 445, 469, 484, 493, 497, 512, 526, 530, 547, 552, 561, 614, 629, 630, 631, 643, 656, 658, 685, 750, 773, 795, 817, 846, 847, 851, 858, 891, 894, 902, 905, 920, 954, 957, 978, 988, 989]"
overlap,14,days_350_400,30240000,34560000,6,53,"[5, 11, 29, 98, 107, 117, 134, 150, 192, 196, 201, 208, 226, 236, 262, 268, 278, 289, 291, 320, 335, 380, 381, 401, 415, 426, 429, 440, 454, 462, 464, 468, 473, 491, 537, 553, 592, 594, 652, 664, 670, 683, 688, 707, 713, 808, 833, 880, 898, 899, 980, 985, 1003]"
overlap,14,days_350_400,30240000,34560000,7,50,"[25, 41, 48, 73, 85, 129, 147, 157, 171, 216, 230, 255, 277, 285, 318, 319, 321, 336, 347, 355, 366, 386, 434, 458, 481, 499, 503, 558, 565, 577, 590, 600, 618, 672, 679, 684, 686, 704, 715, 723, 748, 758, 844, 918, 926, 931, 933, 956, 972, 1002]"
overlap,14,days_350_400,30240000,34560000,8,48,"[7, 10, 13, 14, 32, 49, 173, 197, 199, 248, 270, 292, 327, 382, 396, 437, 501, 506, 516, 532, 541, 576, 644, 650, 654, 657, 682, 702, 719, 738, 745, 761, 783, 791, 796, 804, 810, 828, 837, 841, 850, 881, 916, 921, 924, 945, 979, 1001]"
overlap,14,days_350_400,30240000,34560000,9,46,"[28, 56, 68, 95, 185, 231, 245, 251, 264, 269, 311, 315, 329, 338, 361, 364, 427, 432, 433, 480, 482, 531, 540, 582, 606, 624, 641, 666, 697, 698, 764, 789, 801, 809, 819, 830, 840, 855, 872, 873, 874, 925, 928, 955, 987, 994]"
overlap,14,days_350_400,30240000,34560000,10,44,"[0, 6, 19, 58, 78, 99, 118, 178, 189, 224, 228, 249, 293, 295, 312, 314, 333, 339, 349, 359, 365, 409, 442, 455, 470, 502, 519, 538, 569, 599, 605, 616, 690, 693, 705, 710, 732, 767, 787, 862, 909, 929, 976, 991]"
overlap,14,days_350_400,30240000,34560000,11,24,"[17, 31, 67, 92, 122, 136, 142, 165, 200, 302, 316, 341, 344, 428, 543, 647, 838, 857, 915, 952, 953, 963, 971, 990]"
overlap,14,days_350_400,30240000,34560000,12,20,"[8, 15, 18, 143, 144, 284, 406, 422, 544, 563, 580, 584, 613, 669, 680, 731, 739, 741, 797, 896]"
overlap,14,days_350_400,30240000,34560000,13,6,"[123, 180, 727, 829, 897, 958]"
overlap,15,days_375_425,32400000,36720000,0,179,"[4, 11, 39, 40, 47, 49, 51, 53, 55, 60, 61, 63, 71, 75, 76, 82, 83, 86, 89, 90, 91, 114, 116, 127, 135, 137, 149, 150, 151, 152, 159, 161, 169, 170, 185, 187, 191, 193, 195, 205, 214, 220, 223, 226, 229, 233, 235, 243, 248, 253, 272, 290, 292, 304, 306, 307, 317, 325, 326, 334, 337, 340, 362, 367, 371, 372, 374, 379, 383, 390, 394, 397, 400, 404, 405, 441, 443, 448, 450, 456, 466, 471, 476, 501, 505, 515, 517, 522, 523, 528, 546, 550, 566, 568, 571, 572, 581, 585, 587, 589, 591, 595, 607, 609, 613, 617, 628, 633, 640, 659, 661, 662, 665, 668, 671, 673, 678, 687, 692, 695, 696, 703, 705, 711, 712, 714, 716, 718, 720, 724, 736, 742, 746, 754, 763, 769, 770, 771, 772, 776, 784, 792, 802, 811, 813, 830, 834, 835, 841, 860, 863, 865, 867, 870, 871, 875, 880, 883, 887, 890, 900, 901, 910, 919, 922, 923, 934, 935, 936, 937, 940, 942, 944, 962, 975, 983, 993, 995, 997]"
overlap,15,days_375_425,32400000,36720000,1,97,"[2, 30, 45, 52, 66, 74, 77, 104, 109, 111, 112, 119, 120, 126, 133, 166, 168, 186, 196, 198, 204, 209, 227, 232, 240, 256, 257, 260, 266, 267, 283, 294, 305, 313, 332, 345, 356, 392, 398, 416, 425, 435, 438, 439, 447, 465, 472, 478, 479, 483, 488, 490, 500, 556, 567, 570, 573, 574, 575, 586, 598, 602, 648, 660, 674, 699, 700, 721, 730, 735, 743, 751, 759, 762, 765, 782, 790, 803, 812, 814, 818, 825, 868, 869, 885, 889, 896, 908, 912, 946, 948, 949, 966, 974, 984, 998, 1000]"
overlap,15,days_375_425,32400000,36720000,2,68,"[5, 7, 29, 72, 101, 107, 108, 118, 175, 180, 184, 192, 201, 208, 225, 236, 246, 259, 262, 275, 279, 289, 296, 315, 320, 327, 335, 358, 365, 377, 381, 393, 407, 423, 426, 440, 457, 464, 468, 491, 537, 549, 553, 615, 652, 664, 670, 688, 701, 708, 727, 737, 779, 808, 810, 829, 843, 866, 876, 884, 897, 898, 899, 907, 958, 980, 985, 999]"
overlap,15,days_375_425,32400000,36720000,3,67,"[10, 14, 16, 32, 105, 153, 173, 189, 197, 199, 270, 308, 378, 382, 396, 410, 411, 418, 419, 437, 473, 506, 514, 516, 532, 541, 576, 603, 611, 618, 643, 644, 650, 654, 657, 682, 685, 702, 719, 738, 745, 760, 761, 777, 780, 783, 791, 796, 804, 815, 822, 828, 836, 837, 850, 881, 916, 921, 924, 945, 950, 969, 977, 979, 996, 1001, 1004]"
overlap,15,days_375_425,32400000,36720000,4,60,"[13, 38, 42, 46, 50, 65, 69, 84, 88, 96, 102, 103, 106, 125, 139, 164, 194, 206, 273, 299, 310, 322, 323, 324, 343, 346, 368, 376, 388, 399, 402, 420, 474, 477, 487, 489, 509, 510, 534, 548, 559, 562, 601, 622, 634, 638, 649, 663, 676, 706, 740, 788, 807, 832, 853, 879, 906, 939, 943, 951]"
overlap,15,days_375_425,32400000,36720000,5,58,"[24, 35, 141, 160, 167, 181, 188, 190, 207, 241, 274, 280, 281, 288, 301, 353, 360, 373, 387, 391, 408, 414, 421, 424, 445, 469, 484, 493, 497, 511, 512, 526, 530, 547, 552, 561, 614, 629, 630, 631, 656, 658, 750, 773, 795, 817, 846, 847, 851, 891, 894, 902, 905, 920, 954, 957, 978, 988]"
overlap,15,days_375_425,32400000,36720000,6,45,"[17, 31, 67, 70, 92, 98, 117, 122, 134, 136, 142, 165, 200, 268, 278, 291, 297, 302, 316, 344, 401, 415, 428, 429, 454, 462, 543, 592, 594, 647, 681, 683, 707, 713, 833, 838, 857, 888, 915, 952, 953, 963, 971, 990, 1003]"
overlap,15,days_375_425,32400000,36720000,7,44,"[28, 56, 68, 95, 231, 245, 251, 264, 269, 311, 329, 338, 361, 364, 427, 432, 433, 480, 482, 531, 540, 582, 606, 624, 641, 697, 698, 764, 775, 789, 798, 801, 809, 819, 840, 849, 855, 872, 873, 874, 925, 955, 987, 994]"
overlap,15,days_375_425,32400000,36720000,8,40,"[0, 6, 19, 58, 78, 99, 130, 178, 224, 228, 249, 293, 295, 314, 333, 339, 349, 359, 409, 455, 470, 502, 519, 527, 538, 569, 599, 605, 693, 710, 728, 732, 767, 787, 858, 862, 909, 929, 976, 991]"
overlap,15,days_375_425,32400000,36720000,9,27,"[25, 41, 48, 73, 216, 318, 319, 321, 386, 458, 481, 499, 503, 558, 565, 600, 626, 672, 679, 684, 704, 723, 758, 844, 918, 956, 1002]"
overlap,15,days_375_425,32400000,36720000,10,22,"[62, 113, 138, 163, 239, 250, 369, 444, 485, 513, 535, 542, 551, 646, 722, 799, 800, 823, 854, 886, 895, 913]"
overlap,15,days_375_425,32400000,36720000,11,22,"[93, 129, 147, 157, 171, 230, 255, 277, 285, 336, 347, 355, 577, 590, 686, 715, 748, 752, 926, 931, 933, 972]"
overlap,15,days_375_425,32400000,36720000,12,17,"[8, 15, 143, 144, 284, 406, 422, 544, 563, 580, 584, 669, 680, 731, 739, 741, 797]"
overlap,16,days_400_450,34560000,38880000,0,124,"[16, 19, 38, 42, 46, 50, 55, 61, 69, 70, 71, 76, 84, 88, 96, 101, 103, 105, 106, 125, 127, 132, 139, 149, 153, 164, 169, 174, 184, 189, 195, 206, 223, 243, 246, 247, 282, 299, 308, 309, 310, 315, 318, 322, 323, 324, 337, 343, 346, 368, 372, 376, 377, 378, 388, 395, 399, 402, 404, 410, 411, 418, 419, 420, 423, 453, 457, 473, 474, 479, 487, 489, 497, 505, 509, 510, 514, 522, 534, 548, 549, 559, 579, 595, 601, 603, 622, 634, 649, 663, 673, 676, 716, 718, 724, 735, 740, 754, 768, 777, 780, 788, 822, 832, 853, 861, 866, 869, 876, 879, 893, 896, 904, 906, 919, 928, 934, 939, 943, 950, 969, 977, 996, 1004]"
overlap,16,days_400_450,34560000,38880000,1,105,"[11, 33, 39, 53, 63, 65, 75, 90, 91, 93, 98, 117, 120, 124, 134, 150, 151, 159, 179, 185, 186, 191, 193, 196, 197, 198, 205, 214, 220, 225, 229, 233, 235, 239, 248, 253, 257, 268, 273, 278, 283, 290, 291, 297, 325, 326, 334, 364, 367, 397, 401, 413, 415, 429, 454, 462, 471, 476, 515, 566, 591, 607, 609, 613, 617, 619, 633, 660, 671, 681, 683, 687, 692, 696, 706, 707, 711, 713, 714, 752, 763, 772, 798, 807, 811, 833, 834, 835, 865, 875, 883, 890, 910, 916, 923, 930, 938, 940, 951, 962, 975, 983, 995, 997, 1003]"
overlap,16,days_400_450,34560000,38880000,2,96,"[5, 7, 10, 13, 14, 29, 107, 114, 131, 158, 173, 175, 180, 182, 192, 199, 201, 208, 215, 236, 242, 270, 275, 289, 320, 327, 335, 358, 380, 381, 382, 393, 407, 437, 440, 464, 468, 491, 506, 516, 532, 537, 541, 553, 576, 597, 611, 643, 644, 650, 652, 654, 657, 664, 670, 682, 688, 702, 719, 727, 737, 738, 745, 760, 761, 775, 779, 783, 804, 808, 810, 828, 829, 837, 839, 843, 850, 856, 858, 881, 897, 898, 899, 903, 905, 907, 921, 924, 945, 958, 979, 980, 982, 985, 991, 1001]"
overlap,16,days_400_450,34560000,38880000,3,95,"[4, 26, 40, 51, 54, 58, 60, 72, 82, 83, 86, 111, 135, 137, 138, 152, 155, 161, 170, 187, 203, 254, 272, 292, 293, 300, 304, 306, 317, 362, 371, 374, 379, 383, 390, 394, 400, 405, 441, 443, 450, 456, 466, 488, 523, 528, 568, 571, 572, 580, 581, 587, 589, 592, 594, 626, 628, 640, 659, 661, 662, 668, 695, 697, 703, 712, 720, 742, 746, 769, 771, 776, 784, 802, 813, 830, 841, 848, 855, 860, 863, 864, 870, 871, 887, 900, 901, 909, 922, 935, 936, 937, 942, 981, 993]"
overlap,16,days_400_450,34560000,38880000,4,94,"[17, 24, 31, 32, 35, 67, 87, 92, 122, 136, 141, 142, 160, 165, 167, 181, 188, 190, 194, 200, 207, 224, 241, 274, 280, 281, 288, 301, 302, 316, 341, 344, 349, 351, 353, 360, 373, 387, 391, 408, 414, 421, 424, 428, 431, 445, 451, 469, 484, 493, 512, 526, 530, 543, 547, 552, 561, 585, 610, 614, 629, 630, 631, 647, 651, 656, 658, 678, 685, 750, 773, 787, 795, 817, 824, 838, 846, 851, 857, 888, 891, 892, 915, 920, 952, 953, 954, 957, 963, 971, 978, 988, 989, 990]"
overlap,16,days_400_450,34560000,38880000,5,90,"[2, 30, 45, 52, 66, 74, 77, 104, 109, 112, 119, 126, 133, 166, 168, 210, 218, 227, 232, 256, 260, 266, 267, 294, 305, 307, 313, 332, 356, 392, 398, 406, 416, 425, 435, 439, 447, 460, 465, 472, 478, 490, 496, 500, 517, 524, 539, 556, 557, 560, 562, 570, 573, 575, 583, 586, 598, 602, 606, 638, 648, 674, 699, 700, 721, 730, 743, 744, 751, 759, 762, 765, 782, 790, 803, 812, 814, 867, 868, 880, 885, 889, 908, 912, 946, 948, 949, 966, 974, 984]"
overlap,16,days_400_450,34560000,38880000,6,51,"[25, 41, 48, 73, 85, 129, 147, 157, 171, 176, 216, 230, 255, 277, 285, 319, 321, 336, 347, 355, 366, 386, 458, 499, 503, 546, 550, 558, 565, 577, 590, 600, 618, 672, 679, 684, 686, 704, 715, 723, 748, 758, 844, 918, 926, 931, 933, 956, 972, 1000, 1002]"
overlap,16,days_400_450,34560000,38880000,7,45,"[28, 56, 68, 95, 226, 231, 245, 251, 264, 269, 311, 329, 338, 361, 427, 432, 433, 438, 480, 482, 483, 531, 540, 582, 624, 627, 641, 698, 701, 733, 736, 764, 789, 796, 809, 819, 840, 849, 872, 873, 874, 925, 955, 987, 994]"
overlap,16,days_400_450,34560000,38880000,8,39,"[0, 6, 78, 99, 102, 118, 130, 178, 228, 249, 295, 312, 314, 333, 339, 359, 365, 409, 470, 502, 519, 527, 538, 569, 599, 605, 693, 705, 710, 728, 732, 749, 767, 786, 791, 862, 878, 929, 976]"
overlap,16,days_400_450,34560000,38880000,9,24,"[62, 89, 113, 163, 250, 369, 444, 485, 513, 518, 535, 542, 551, 604, 646, 722, 770, 799, 800, 823, 854, 886, 895, 913]"
overlap,16,days_400_450,34560000,38880000,10,14,"[8, 15, 143, 284, 422, 544, 563, 584, 669, 680, 731, 739, 741, 792]"
overlap,17,days_425_475,36720000,41040000,0,148,"[16, 38, 42, 46, 50, 55, 61, 64, 69, 70, 71, 76, 84, 88, 89, 96, 101, 103, 105, 106, 125, 127, 132, 139, 149, 153, 154, 164, 169, 174, 184, 189, 195, 206, 223, 246, 247, 279, 281, 282, 296, 299, 308, 309, 310, 322, 323, 324, 337, 343, 346, 365, 368, 372, 376, 377, 378, 388, 395, 398, 399, 402, 404, 407, 410, 411, 418, 419, 420, 423, 426, 453, 457, 460, 474, 477, 487, 489, 491, 497, 505, 509, 510, 514, 522, 524, 534, 546, 548, 549, 550, 559, 562, 579, 595, 601, 603, 612, 615, 622, 634, 638, 649, 663, 673, 676, 701, 708, 711, 716, 718, 724, 733, 735, 740, 754, 777, 779, 780, 788, 822, 832, 843, 853, 861, 866, 869, 876, 879, 883, 884, 893, 896, 904, 906, 907, 916, 919, 928, 934, 939, 943, 950, 969, 977, 996, 999, 1004]"
overlap,17,days_425_475,36720000,41040000,1,98,"[5, 7, 13, 14, 29, 90, 93, 107, 114, 131, 173, 175, 180, 182, 192, 199, 201, 205, 208, 215, 226, 236, 242, 270, 275, 283, 289, 320, 327, 335, 380, 381, 385, 393, 396, 437, 440, 464, 468, 473, 479, 483, 506, 516, 532, 537, 541, 553, 576, 597, 611, 613, 643, 644, 650, 652, 654, 657, 664, 670, 682, 688, 702, 719, 727, 737, 738, 745, 760, 761, 775, 778, 783, 804, 808, 810, 828, 829, 837, 839, 850, 856, 858, 881, 897, 898, 899, 903, 921, 924, 945, 958, 979, 980, 982, 985, 991, 1001]"
overlap,17,days_425_475,36720000,41040000,2,97,"[2, 3, 21, 30, 45, 52, 66, 74, 77, 100, 104, 111, 112, 119, 126, 133, 166, 168, 210, 218, 227, 232, 240, 256, 260, 266, 267, 294, 305, 307, 313, 326, 328, 332, 356, 392, 406, 416, 425, 435, 439, 447, 459, 465, 472, 478, 490, 500, 517, 539, 556, 557, 560, 570, 573, 574, 575, 583, 586, 598, 602, 606, 648, 674, 677, 699, 700, 717, 721, 730, 743, 744, 751, 759, 762, 765, 768, 782, 790, 803, 812, 814, 867, 868, 871, 885, 889, 908, 912, 930, 938, 946, 948, 949, 966, 974, 984]"
overlap,17,days_425_475,36720000,41040000,3,83,"[39, 53, 65, 75, 91, 98, 117, 120, 134, 150, 151, 159, 179, 186, 191, 193, 196, 198, 214, 220, 225, 229, 235, 239, 243, 248, 253, 257, 268, 273, 278, 290, 291, 325, 334, 367, 397, 401, 413, 415, 429, 454, 471, 476, 515, 566, 591, 592, 607, 609, 617, 633, 660, 671, 687, 696, 706, 707, 713, 714, 752, 763, 772, 776, 807, 811, 834, 841, 852, 865, 875, 880, 890, 910, 923, 940, 951, 962, 975, 983, 995, 997, 1003]"
overlap,17,days_425_475,36720000,41040000,4,73,"[4, 26, 40, 54, 60, 72, 82, 83, 86, 135, 137, 152, 155, 161, 170, 187, 203, 254, 272, 292, 293, 300, 304, 306, 317, 371, 374, 379, 390, 394, 400, 405, 441, 443, 450, 455, 466, 488, 523, 533, 568, 571, 572, 581, 594, 626, 628, 659, 662, 695, 697, 703, 712, 742, 769, 771, 784, 802, 830, 848, 855, 860, 863, 864, 870, 900, 901, 936, 937, 942, 965, 981, 993]"
overlap,17,days_425_475,36720000,41040000,5,65,"[24, 35, 87, 141, 148, 158, 160, 167, 181, 188, 190, 207, 241, 274, 280, 288, 301, 315, 353, 360, 373, 387, 391, 414, 421, 424, 431, 445, 451, 469, 484, 486, 493, 496, 507, 512, 526, 530, 547, 552, 561, 585, 610, 614, 629, 630, 631, 656, 658, 685, 750, 773, 795, 817, 824, 846, 851, 891, 902, 920, 954, 957, 978, 988, 989]"
overlap,17,days_425_475,36720000,41040000,6,51,"[25, 41, 48, 73, 85, 129, 147, 157, 171, 176, 216, 230, 255, 277, 285, 318, 319, 321, 336, 347, 355, 366, 386, 434, 458, 499, 503, 558, 565, 577, 590, 600, 618, 672, 679, 684, 686, 704, 715, 723, 748, 758, 844, 918, 926, 931, 933, 956, 972, 1000, 1002]"
overlap,17,days_425_475,36720000,41040000,7,48,"[28, 33, 56, 68, 95, 231, 238, 245, 251, 264, 269, 311, 329, 338, 361, 364, 427, 432, 433, 438, 480, 482, 511, 531, 540, 582, 587, 624, 627, 641, 698, 736, 764, 789, 796, 798, 809, 819, 836, 840, 849, 872, 873, 874, 925, 955, 987, 994]"
overlap,17,days_425_475,36720000,41040000,8,38,"[0, 6, 19, 58, 78, 99, 102, 118, 130, 178, 228, 249, 295, 312, 314, 333, 339, 359, 409, 470, 502, 519, 527, 538, 569, 599, 605, 693, 705, 710, 732, 767, 786, 862, 878, 909, 929, 976]"
overlap,17,days_425_475,36720000,41040000,9,38,"[11, 17, 31, 67, 92, 122, 136, 142, 165, 194, 200, 224, 302, 316, 341, 344, 349, 351, 408, 428, 543, 619, 647, 651, 678, 787, 806, 838, 857, 888, 892, 915, 917, 952, 953, 963, 971, 990]"
overlap,17,days_425_475,36720000,41040000,10,26,"[62, 109, 113, 124, 163, 250, 369, 389, 444, 485, 513, 518, 535, 542, 551, 604, 646, 683, 722, 799, 800, 823, 854, 886, 895, 913]"
overlap,17,days_425_475,36720000,41040000,11,21,"[138, 185, 233, 362, 383, 501, 528, 589, 661, 668, 692, 720, 746, 749, 770, 813, 833, 835, 887, 922, 935]"
overlap,17,days_425_475,36720000,41040000,12,19,"[8, 15, 32, 143, 144, 197, 284, 422, 544, 563, 580, 584, 669, 680, 731, 739, 741, 791, 792]"
overlap,17,days_425_475,36720000,41040000,13,3,"[725, 774, 947]"
overlap,18,days_450_500,38880000,43200000,0,104,"[2, 21, 30, 43, 45, 52, 66, 74, 77, 90, 100, 104, 111, 112, 119, 126, 133, 166, 168, 182, 218, 227, 232, 240, 244, 250, 256, 257, 260, 266, 267, 294, 305, 313, 326, 328, 332, 356, 384, 392, 416, 425, 435, 439, 447, 459, 465, 472, 478, 490, 500, 515, 517, 521, 539, 545, 556, 573, 574, 575, 586, 598, 602, 625, 648, 651, 672, 674, 677, 689, 699, 700, 717, 721, 730, 743, 744, 751, 759, 762, 765, 768, 782, 790, 803, 812, 814, 825, 845, 867, 868, 869, 885, 886, 889, 908, 912, 944, 946, 948, 949, 966, 974, 984]"
overlap,18,days_450_500,38880000,43200000,1,90,"[11, 31, 39, 53, 65, 75, 91, 98, 117, 120, 134, 150, 151, 159, 165, 185, 186, 191, 193, 196, 198, 205, 213, 214, 220, 225, 235, 239, 243, 253, 268, 273, 278, 283, 290, 291, 312, 334, 340, 367, 401, 415, 429, 454, 471, 476, 501, 557, 566, 592, 607, 609, 617, 627, 633, 640, 660, 681, 683, 687, 696, 706, 707, 713, 752, 763, 772, 776, 787, 792, 807, 811, 816, 833, 841, 852, 865, 875, 880, 890, 893, 923, 927, 940, 951, 962, 970, 983, 997, 1003]"
overlap,18,days_450_500,38880000,43200000,2,86,"[5, 7, 10, 13, 14, 29, 93, 107, 118, 173, 175, 192, 199, 201, 208, 226, 236, 262, 270, 275, 289, 320, 327, 335, 341, 380, 381, 382, 385, 393, 396, 437, 440, 464, 468, 473, 479, 491, 506, 511, 516, 532, 537, 541, 553, 576, 611, 639, 643, 644, 650, 652, 654, 657, 664, 670, 682, 688, 702, 719, 737, 738, 745, 760, 761, 778, 783, 804, 808, 810, 828, 837, 849, 850, 858, 881, 898, 899, 921, 924, 945, 979, 980, 985, 991, 1001]"
overlap,18,days_450_500,38880000,43200000,3,80,"[3, 24, 35, 67, 141, 148, 158, 160, 167, 181, 188, 190, 207, 241, 248, 274, 280, 288, 301, 315, 344, 353, 360, 373, 387, 391, 394, 397, 408, 414, 421, 424, 431, 445, 451, 469, 484, 486, 493, 496, 507, 512, 526, 530, 547, 550, 552, 561, 563, 570, 571, 585, 610, 614, 629, 630, 631, 656, 658, 667, 671, 685, 750, 773, 795, 817, 822, 824, 846, 851, 891, 902, 920, 954, 957, 963, 975, 978, 988, 995]"
overlap,18,days_450_500,38880000,43200000,4,72,"[4, 26, 40, 60, 72, 82, 83, 86, 135, 137, 152, 155, 161, 170, 187, 194, 203, 254, 272, 292, 293, 300, 304, 306, 317, 371, 374, 379, 390, 400, 405, 441, 443, 450, 455, 466, 488, 523, 533, 568, 572, 581, 587, 626, 628, 659, 662, 678, 695, 697, 701, 703, 712, 725, 728, 742, 771, 774, 784, 802, 855, 863, 870, 900, 901, 936, 937, 942, 947, 965, 981, 993]"
overlap,18,days_450_500,38880000,43200000,5,71,"[16, 19, 55, 61, 71, 76, 89, 101, 105, 114, 127, 149, 153, 169, 184, 189, 195, 223, 237, 246, 279, 281, 296, 308, 365, 372, 377, 398, 404, 407, 410, 411, 418, 419, 423, 426, 457, 497, 522, 588, 593, 595, 597, 615, 621, 708, 711, 716, 718, 724, 732, 754, 777, 779, 836, 843, 861, 866, 883, 884, 896, 904, 905, 907, 916, 934, 969, 977, 996, 999, 1004]"
overlap,18,days_450_500,38880000,43200000,6,70,"[22, 38, 42, 46, 50, 64, 69, 70, 84, 88, 96, 102, 103, 106, 125, 132, 139, 154, 164, 206, 247, 282, 299, 309, 310, 322, 323, 324, 337, 343, 346, 368, 376, 378, 388, 399, 402, 420, 460, 474, 477, 487, 489, 505, 509, 510, 514, 524, 534, 559, 562, 591, 603, 622, 634, 638, 649, 663, 676, 735, 740, 780, 788, 832, 853, 879, 906, 939, 943, 950]"
overlap,18,days_450_500,38880000,43200000,7,44,"[28, 56, 68, 95, 231, 238, 245, 251, 264, 269, 311, 329, 338, 361, 364, 427, 432, 433, 448, 480, 482, 531, 540, 582, 606, 624, 641, 698, 736, 764, 796, 798, 809, 819, 830, 840, 872, 873, 874, 910, 925, 955, 987, 994]"
overlap,18,days_450_500,38880000,43200000,8,33,"[0, 6, 78, 99, 130, 178, 228, 249, 295, 314, 333, 339, 359, 409, 442, 470, 502, 519, 527, 538, 569, 599, 605, 693, 705, 710, 767, 786, 789, 862, 878, 929, 976]"
overlap,18,days_450_500,38880000,43200000,9,30,"[25, 41, 48, 73, 216, 318, 319, 321, 386, 434, 458, 481, 499, 503, 558, 565, 600, 601, 618, 679, 684, 704, 723, 758, 844, 918, 919, 956, 1000, 1002]"
overlap,18,days_450_500,38880000,43200000,10,28,"[58, 138, 229, 233, 362, 383, 483, 528, 548, 589, 612, 637, 661, 668, 692, 720, 746, 749, 769, 770, 775, 813, 834, 835, 887, 909, 922, 935]"
overlap,18,days_450_500,38880000,43200000,11,25,"[17, 92, 122, 136, 142, 200, 224, 302, 316, 349, 351, 428, 543, 647, 806, 838, 857, 888, 892, 915, 917, 952, 953, 971, 990]"
overlap,18,days_450_500,38880000,43200000,12,24,"[62, 109, 113, 124, 163, 263, 369, 389, 444, 485, 513, 518, 535, 542, 551, 604, 646, 722, 799, 800, 823, 854, 895, 913]"
overlap,18,days_450_500,38880000,43200000,13,21,"[129, 147, 157, 171, 230, 255, 277, 285, 336, 347, 355, 546, 577, 590, 686, 715, 748, 926, 931, 933, 972]"
overlap,18,days_450_500,38880000,43200000,14,18,"[8, 15, 32, 143, 144, 197, 284, 422, 544, 580, 584, 613, 669, 680, 731, 739, 741, 791]"
overlap,18,days_450_500,38880000,43200000,15,4,"[180, 727, 897, 958]"
overlap,19,days_475_525,41040000,45360000,0,93,"[8, 32, 39, 53, 65, 75, 76, 91, 120, 143, 144, 148, 150, 151, 159, 181, 186, 190, 191, 193, 196, 197, 203, 205, 213, 214, 220, 230, 235, 239, 242, 253, 257, 273, 274, 283, 290, 292, 312, 334, 340, 367, 438, 471, 476, 486, 515, 544, 557, 566, 580, 600, 609, 617, 627, 633, 640, 656, 660, 661, 669, 675, 681, 687, 701, 706, 728, 739, 741, 752, 768, 772, 776, 787, 791, 792, 807, 818, 852, 865, 875, 880, 890, 920, 923, 927, 940, 941, 951, 962, 970, 983, 997]"
overlap,19,days_475_525,41040000,45360000,1,88,"[26, 40, 54, 60, 72, 82, 83, 86, 105, 135, 137, 152, 155, 161, 170, 187, 198, 229, 233, 254, 272, 293, 300, 306, 307, 326, 374, 379, 390, 394, 398, 400, 405, 443, 450, 466, 488, 523, 527, 533, 568, 571, 572, 581, 587, 606, 612, 626, 628, 637, 659, 662, 665, 668, 673, 692, 695, 697, 703, 712, 720, 742, 746, 749, 769, 771, 774, 775, 784, 802, 813, 827, 834, 835, 855, 863, 864, 870, 900, 901, 914, 935, 937, 942, 947, 965, 981, 993]"
overlap,19,days_475_525,41040000,45360000,2,82,"[7, 22, 38, 42, 46, 50, 64, 69, 70, 84, 88, 96, 102, 103, 106, 125, 132, 139, 153, 154, 164, 206, 247, 299, 308, 309, 310, 322, 323, 324, 337, 343, 346, 368, 376, 378, 388, 395, 399, 402, 411, 418, 420, 460, 474, 477, 487, 489, 505, 509, 510, 514, 528, 534, 559, 562, 588, 591, 603, 622, 634, 638, 649, 663, 676, 735, 740, 780, 788, 822, 832, 853, 879, 893, 906, 922, 939, 943, 950, 969, 977, 996]"
overlap,19,days_475_525,41040000,45360000,3,79,"[5, 10, 11, 13, 14, 29, 93, 107, 118, 131, 173, 192, 199, 201, 208, 226, 236, 262, 270, 289, 320, 327, 335, 380, 381, 382, 396, 437, 440, 448, 461, 464, 468, 491, 506, 516, 532, 537, 541, 553, 576, 597, 611, 619, 639, 643, 644, 650, 652, 657, 664, 670, 682, 685, 688, 690, 702, 719, 738, 745, 761, 778, 783, 804, 808, 810, 828, 837, 850, 881, 898, 899, 921, 924, 945, 979, 980, 985, 1001]"
overlap,19,days_475_525,41040000,45360000,4,65,"[2, 30, 43, 52, 57, 77, 90, 104, 109, 119, 133, 168, 177, 182, 218, 232, 244, 250, 256, 260, 266, 305, 313, 356, 384, 416, 425, 439, 465, 472, 521, 545, 554, 556, 574, 575, 598, 602, 625, 648, 651, 689, 699, 700, 721, 730, 743, 744, 763, 765, 790, 812, 841, 845, 868, 876, 886, 889, 908, 912, 944, 946, 948, 949, 966]"
overlap,19,days_475_525,41040000,45360000,5,61,"[16, 19, 55, 61, 71, 89, 101, 114, 122, 127, 149, 169, 184, 189, 195, 223, 225, 237, 243, 246, 281, 315, 365, 372, 377, 393, 404, 407, 410, 423, 457, 479, 490, 522, 593, 595, 621, 654, 708, 711, 716, 718, 724, 732, 754, 777, 779, 781, 815, 843, 858, 861, 866, 883, 896, 904, 905, 907, 934, 991, 1004]"
overlap,19,days_475_525,41040000,45360000,6,53,"[21, 24, 67, 112, 158, 160, 248, 267, 280, 288, 344, 353, 360, 373, 391, 392, 397, 414, 445, 459, 478, 484, 493, 497, 507, 517, 526, 530, 546, 550, 561, 563, 607, 610, 629, 630, 631, 658, 671, 674, 678, 696, 750, 751, 773, 803, 816, 846, 891, 902, 963, 975, 995]"
overlap,19,days_475_525,41040000,45360000,7,47,"[28, 33, 56, 68, 95, 175, 231, 245, 251, 264, 269, 275, 311, 329, 338, 361, 364, 427, 433, 462, 480, 482, 531, 540, 582, 624, 632, 641, 698, 736, 737, 764, 796, 798, 809, 819, 830, 840, 849, 872, 873, 874, 910, 925, 955, 987, 994]"
overlap,19,days_475_525,41040000,45360000,8,37,"[3, 4, 35, 141, 167, 188, 207, 241, 301, 304, 317, 371, 387, 421, 424, 431, 441, 451, 456, 469, 512, 547, 552, 570, 585, 614, 645, 667, 795, 817, 848, 851, 860, 954, 957, 978, 988]"
overlap,19,days_475_525,41040000,45360000,9,34,"[0, 6, 78, 99, 130, 178, 228, 249, 295, 314, 333, 339, 359, 403, 409, 432, 442, 470, 502, 519, 538, 569, 599, 605, 693, 705, 710, 767, 786, 789, 862, 878, 929, 976]"
overlap,19,days_475_525,41040000,45360000,10,34,"[20, 45, 58, 66, 74, 111, 126, 138, 166, 240, 294, 332, 362, 383, 435, 447, 483, 500, 539, 573, 586, 589, 759, 762, 782, 814, 825, 867, 869, 885, 887, 909, 974, 984]"
overlap,19,days_475_525,41040000,45360000,11,30,"[25, 41, 48, 73, 216, 318, 319, 321, 386, 434, 458, 481, 499, 503, 558, 565, 601, 618, 672, 679, 684, 704, 723, 758, 844, 918, 919, 956, 1000, 1002]"
overlap,19,days_475_525,41040000,45360000,12,26,"[17, 92, 136, 142, 200, 224, 302, 316, 341, 349, 351, 408, 428, 511, 543, 647, 806, 838, 857, 888, 915, 917, 952, 953, 971, 990]"
overlap,19,days_475_525,41040000,45360000,13,22,"[62, 113, 124, 163, 263, 369, 444, 485, 513, 518, 535, 542, 551, 646, 722, 799, 800, 823, 854, 895, 913, 936]"
overlap,19,days_475_525,41040000,45360000,14,21,"[31, 98, 117, 134, 165, 185, 268, 278, 291, 401, 415, 429, 454, 592, 683, 707, 713, 811, 833, 836, 1003]"
overlap,19,days_475_525,41040000,45360000,15,19,"[129, 147, 157, 171, 255, 277, 285, 336, 347, 355, 577, 590, 686, 715, 748, 926, 931, 933, 972]"
overlap,19,days_475_525,41040000,45360000,16,9,"[15, 284, 422, 520, 584, 613, 680, 731, 797]"
overlap,19,days_475_525,41040000,45360000,17,4,"[180, 727, 897, 958]"
