from_snapshot,to_snapshot,source_observation_id,target_observation_id,source_identity_group,target_identity_group,overlap_size,source_overlap_pct,target_overlap_pct,jaccard
0,1,INT-C0001,INT-C0101,dead-INT-C0001,dead-INT-C0001,65,0.590909,0.802469,0.515873
0,1,INT-C0001,INT-C0102,dead-INT-C0001,dead-INT-C0102,5,0.045455,0.063291,0.027174
0,1,INT-C0001,INT-C0103,dead-INT-C0001,dead-INT-C0002,1,0.009091,0.014493,0.005618
0,1,INT-C0001,INT-C0104,dead-INT-C0001,dead-INT-C0003,6,0.054545,0.086957,0.034682
0,1,INT-C0001,INT-C0105,dead-INT-C0001,dead-INT-C0105,1,0.009091,0.014925,0.005682
0,1,INT-C0001,INT-C0108,dead-INT-C0001,dead-INT-C0008,12,0.109091,0.230769,0.080000
0,1,INT-C0001,INT-C0110,dead-INT-C0001,dead-INT-C0012,1,0.009091,0.026316,0.006803
0,1,INT-C0001,INT-C0113,dead-INT-C0001,c05,1,0.009091,0.033333,0.007194
0,1,INT-C0001,INT-C0114,dead-INT-C0001,dead-INT-C0114,11,0.100000,0.647059,0.094828
0,1,INT-C0002,INT-C0101,dead-INT-C0002,dead-INT-C0001,2,0.020000,0.024691,0.011173
0,1,INT-C0002,INT-C0102,dead-INT-C0002,dead-INT-C0102,11,0.110000,0.139241,0.065476
0,1,INT-C0002,INT-C0103,dead-INT-C0002,dead-INT-C0002,64,0.640000,0.927536,0.609524
0,1,INT-C0002,INT-C0104,dead-INT-C0002,dead-INT-C0003,8,0.080000,0.115942,0.049689
0,1,INT-C0002,INT-C0105,dead-INT-C0002,dead-INT-C0105,1,0.010000,0.014925,0.006024
0,1,INT-C0002,INT-C0106,dead-INT-C0002,c08,1,0.010000,0.015625,0.006135
0,1,INT-C0002,INT-C0107,dead-INT-C0002,dead-INT-C0107,1,0.010000,0.018519,0.006536
0,1,INT-C0002,INT-C0108,dead-INT-C0002,dead-INT-C0008,2,0.020000,0.038462,0.013333
0,1,INT-C0002,INT-C0109,dead-INT-C0002,c06,2,0.020000,0.048780,0.014388
0,1,INT-C0002,INT-C0111,dead-INT-C0002,dead-INT-C0007,1,0.010000,0.028571,0.007463
0,1,INT-C0003,INT-C0101,dead-INT-C0003,dead-INT-C0001,1,0.016393,0.012346,0.007092
0,1,INT-C0003,INT-C0102,dead-INT-C0003,dead-INT-C0102,8,0.131148,0.101266,0.060606
0,1,INT-C0003,INT-C0104,dead-INT-C0003,dead-INT-C0003,44,0.721311,0.637681,0.511628
0,1,INT-C0003,INT-C0105,dead-INT-C0003,dead-INT-C0105,1,0.016393,0.014925,0.007874
0,1,INT-C0003,INT-C0106,dead-INT-C0003,c08,1,0.016393,0.015625,0.008065
0,1,INT-C0004,INT-C0105,dead-INT-C0004,dead-INT-C0105,1,0.016393,0.014925,0.007874
0,1,INT-C0004,INT-C0107,dead-INT-C0004,dead-INT-C0107,29,0.475410,0.537037,0.337209
0,1,INT-C0004,INT-C0112,dead-INT-C0004,dead-INT-C0011,1,0.016393,0.031250,0.010870
0,1,INT-C0004,INT-C0113,dead-INT-C0004,c05,29,0.475410,0.966667,0.467742
0,1,INT-C0005,INT-C0101,dead-INT-C0005,dead-INT-C0001,2,0.033333,0.024691,0.014388
0,1,INT-C0005,INT-C0102,dead-INT-C0005,dead-INT-C0102,31,0.516667,0.392405,0.287037
0,1,INT-C0005,INT-C0104,dead-INT-C0005,dead-INT-C0003,1,0.016667,0.014493,0.007812
0,1,INT-C0005,INT-C0105,dead-INT-C0005,dead-INT-C0105,2,0.033333,0.029851,0.016000
0,1,INT-C0005,INT-C0107,dead-INT-C0005,dead-INT-C0107,18,0.300000,0.333333,0.187500
0,1,INT-C0005,INT-C0112,dead-INT-C0005,dead-INT-C0011,1,0.016667,0.031250,0.010989
0,1,INT-C0005,INT-C0114,dead-INT-C0005,dead-INT-C0114,2,0.033333,0.117647,0.026667
0,1,INT-C0006,INT-C0102,c08,dead-INT-C0102,3,0.052632,0.037975,0.022556
0,1,INT-C0006,INT-C0106,c08,c08,46,0.807018,0.718750,0.613333
0,1,INT-C0007,INT-C0101,dead-INT-C0007,dead-INT-C0001,1,0.020000,0.012346,0.007692
0,1,INT-C0007,INT-C0102,dead-INT-C0007,dead-INT-C0102,4,0.080000,0.050633,0.032000
0,1,INT-C0007,INT-C0104,dead-INT-C0007,dead-INT-C0003,1,0.020000,0.014493,0.008475
0,1,INT-C0007,INT-C0105,dead-INT-C0007,dead-INT-C0105,5,0.100000,0.074627,0.044643
0,1,INT-C0007,INT-C0110,dead-INT-C0007,dead-INT-C0012,7,0.140000,0.184211,0.086420
0,1,INT-C0007,INT-C0111,dead-INT-C0007,dead-INT-C0007,27,0.540000,0.771429,0.465517
0,1,INT-C0007,INT-C0112,dead-INT-C0007,dead-INT-C0011,1,0.020000,0.031250,0.012346
0,1,INT-C0008,INT-C0101,dead-INT-C0008,dead-INT-C0001,6,0.120000,0.074074,0.048000
0,1,INT-C0008,INT-C0102,dead-INT-C0008,dead-INT-C0102,2,0.040000,0.025316,0.015748
0,1,INT-C0008,INT-C0104,dead-INT-C0008,dead-INT-C0003,1,0.020000,0.014493,0.008475
0,1,INT-C0008,INT-C0105,dead-INT-C0008,dead-INT-C0105,2,0.040000,0.029851,0.017391
0,1,INT-C0008,INT-C0108,dead-INT-C0008,dead-INT-C0008,27,0.540000,0.519231,0.360000
0,1,INT-C0008,INT-C0111,dead-INT-C0008,dead-INT-C0007,3,0.060000,0.085714,0.036585
0,1,INT-C0008,INT-C0112,dead-INT-C0008,dead-INT-C0011,3,0.060000,0.093750,0.037975
0,1,INT-C0009,INT-C0102,c06,dead-INT-C0102,1,0.021277,0.012658,0.008000
0,1,INT-C0009,INT-C0105,c06,dead-INT-C0105,3,0.063830,0.044776,0.027027
0,1,INT-C0009,INT-C0106,c06,c08,1,0.021277,0.015625,0.009091
0,1,INT-C0009,INT-C0109,c06,c06,36,0.765957,0.878049,0.692308
0,1,INT-C0009,INT-C0110,c06,dead-INT-C0012,1,0.021277,0.026316,0.011905
0,1,INT-C0009,INT-C0114,c06,dead-INT-C0114,1,0.021277,0.058824,0.015873
0,1,INT-C0010,INT-C0102,dead-INT-C0010,dead-INT-C0102,5,0.113636,0.063291,0.042373
0,1,INT-C0010,INT-C0103,dead-INT-C0010,dead-INT-C0002,1,0.022727,0.014493,0.008929
0,1,INT-C0010,INT-C0104,dead-INT-C0010,dead-INT-C0003,1,0.022727,0.014493,0.008929
0,1,INT-C0010,INT-C0105,dead-INT-C0010,dead-INT-C0105,26,0.590909,0.388060,0.305882
0,1,INT-C0010,INT-C0107,dead-INT-C0010,dead-INT-C0107,3,0.068182,0.055556,0.031579
0,1,INT-C0010,INT-C0108,dead-INT-C0010,dead-INT-C0008,1,0.022727,0.019231,0.010526
0,1,INT-C0010,INT-C0109,dead-INT-C0010,c06,1,0.022727,0.024390,0.011905
0,1,INT-C0010,INT-C0110,dead-INT-C0010,dead-INT-C0012,1,0.022727,0.026316,0.012346
0,1,INT-C0010,INT-C0111,dead-INT-C0010,dead-INT-C0007,1,0.022727,0.028571,0.012821
0,1,INT-C0011,INT-C0105,dead-INT-C0011,dead-INT-C0105,1,0.037037,0.014925,0.010753
0,1,INT-C0011,INT-C0108,dead-INT-C0011,dead-INT-C0008,1,0.037037,0.019231,0.012821
0,1,INT-C0011,INT-C0109,dead-INT-C0011,c06,1,0.037037,0.024390,0.014925
0,1,INT-C0011,INT-C0112,dead-INT-C0011,dead-INT-C0011,23,0.851852,0.718750,0.638889
0,1,INT-C0012,INT-C0110,dead-INT-C0012,dead-INT-C0012,25,0.925926,0.657895,0.625000
0,1,INT-C0013,INT-C0105,dead-INT-C0013,dead-INT-C0105,20,0.833333,0.298507,0.281690
0,1,INT-C0014,INT-C0106,dead-INT-C0014,c08,8,0.800000,0.125000,0.121212
0,1,INT-C0015,INT-C0104,dead-INT-C0015,dead-INT-C0003,6,1.000000,0.086957,0.086957
1,2,INT-C0101,INT-C0201,dead-INT-C0001,dead-INT-C0102,1,0.012346,0.010000,0.005556
1,2,INT-C0101,INT-C0202,dead-INT-C0001,dead-INT-C0003,4,0.049383,0.041667,0.023121
1,2,INT-C0101,INT-C0203,dead-INT-C0001,dead-INT-C0002,3,0.037037,0.034483,0.018182
1,2,INT-C0101,INT-C0204,dead-INT-C0001,dead-INT-C0001,61,0.753086,0.772152,0.616162
1,2,INT-C0101,INT-C0205,dead-INT-C0001,dead-INT-C0205,5,0.061728,0.065789,0.032895
1,2,INT-C0101,INT-C0206,dead-INT-C0001,c08,1,0.012346,0.016393,0.007092
1,2,INT-C0101,INT-C0208,dead-INT-C0001,c06,1,0.012346,0.022222,0.008000
1,2,INT-C0101,INT-C0211,dead-INT-C0001,dead-INT-C0211,1,0.012346,0.040000,0.009524
1,2,INT-C0102,INT-C0201,dead-INT-C0102,dead-INT-C0102,53,0.670886,0.530000,0.420635
1,2,INT-C0102,INT-C0202,dead-INT-C0102,dead-INT-C0003,6,0.075949,0.062500,0.035503
1,2,INT-C0102,INT-C0203,dead-INT-C0102,dead-INT-C0002,1,0.012658,0.011494,0.006061
1,2,INT-C0102,INT-C0204,dead-INT-C0102,dead-INT-C0001,1,0.012658,0.012658,0.006369
1,2,INT-C0102,INT-C0205,dead-INT-C0102,dead-INT-C0205,1,0.012658,0.013158,0.006494
1,2,INT-C0102,INT-C0206,dead-INT-C0102,c08,3,0.037975,0.049180,0.021898
1,2,INT-C0102,INT-C0208,dead-INT-C0102,c06,1,0.012658,0.022222,0.008130
1,2,INT-C0102,INT-C0213,dead-INT-C0102,dead-INT-C0213,2,0.025316,0.095238,0.020408
1,2,INT-C0103,INT-C0201,dead-INT-C0002,dead-INT-C0102,4,0.057971,0.040000,0.024242
1,2,INT-C0103,INT-C0202,dead-INT-C0002,dead-INT-C0003,3,0.043478,0.031250,0.018519
1,2,INT-C0103,INT-C0203,dead-INT-C0002,dead-INT-C0002,58,0.840580,0.666667,0.591837
1,2,INT-C0103,INT-C0204,dead-INT-C0002,dead-INT-C0001,1,0.014493,0.012658,0.006803
1,2,INT-C0103,INT-C0208,dead-INT-C0002,c06,1,0.014493,0.022222,0.008850
1,2,INT-C0103,INT-C0211,dead-INT-C0002,dead-INT-C0211,1,0.014493,0.040000,0.010753
1,2,INT-C0104,INT-C0201,dead-INT-C0003,dead-INT-C0102,6,0.086957,0.060000,0.036810
1,2,INT-C0104,INT-C0202,dead-INT-C0003,dead-INT-C0003,43,0.623188,0.447917,0.352459
1,2,INT-C0104,INT-C0203,dead-INT-C0003,dead-INT-C0002,1,0.014493,0.011494,0.006452
1,2,INT-C0104,INT-C0204,dead-INT-C0003,dead-INT-C0001,1,0.014493,0.012658,0.006803
1,2,INT-C0104,INT-C0205,dead-INT-C0003,dead-INT-C0205,6,0.086957,0.078947,0.043165
1,2,INT-C0104,INT-C0208,dead-INT-C0003,c06,1,0.014493,0.022222,0.008850
1,2,INT-C0104,INT-C0214,dead-INT-C0003,dead-INT-C0214,4,0.057971,0.800000,0.057143
1,2,INT-C0105,INT-C0201,dead-INT-C0105,dead-INT-C0102,15,0.223881,0.150000,0.098684
1,2,INT-C0105,INT-C0202,dead-INT-C0105,dead-INT-C0003,1,0.014925,0.010417,0.006173
1,2,INT-C0105,INT-C0203,dead-INT-C0105,dead-INT-C0002,1,0.014925,0.011494,0.006536
1,2,INT-C0105,INT-C0205,dead-INT-C0105,dead-INT-C0205,2,0.029851,0.026316,0.014184
1,2,INT-C0105,INT-C0207,dead-INT-C0105,c05,1,0.014925,0.019608,0.008547
1,2,INT-C0105,INT-C0208,dead-INT-C0105,c06,1,0.014925,0.022222,0.009009
1,2,INT-C0105,INT-C0211,dead-INT-C0105,dead-INT-C0211,19,0.283582,0.760000,0.260274
1,2,INT-C0105,INT-C0212,dead-INT-C0105,dead-INT-C0212,18,0.268657,0.818182,0.253521
1,2,INT-C0105,INT-C0213,dead-INT-C0105,dead-INT-C0213,1,0.014925,0.047619,0.011494
1,2,INT-C0106,INT-C0201,c08,dead-INT-C0102,2,0.031250,0.020000,0.012346
1,2,INT-C0106,INT-C0202,c08,dead-INT-C0003,1,0.015625,0.010417,0.006289
1,2,INT-C0106,INT-C0205,c08,dead-INT-C0205,1,0.015625,0.013158,0.007194
1,2,INT-C0106,INT-C0206,c08,c08,49,0.765625,0.803279,0.644737
1,2,INT-C0106,INT-C0207,c08,c05,3,0.046875,0.058824,0.026786
1,2,INT-C0106,INT-C0208,c08,c06,1,0.015625,0.022222,0.009259
1,2,INT-C0107,INT-C0201,dead-INT-C0107,dead-INT-C0102,3,0.055556,0.030000,0.019868
1,2,INT-C0107,INT-C0207,dead-INT-C0107,c05,20,0.370370,0.392157,0.235294
1,2,INT-C0107,INT-C0209,dead-INT-C0107,dead-INT-C0107,26,0.481481,0.962963,0.472727
1,2,INT-C0107,INT-C0211,dead-INT-C0107,dead-INT-C0211,3,0.055556,0.120000,0.039474
1,2,INT-C0108,INT-C0201,dead-INT-C0008,dead-INT-C0102,1,0.019231,0.010000,0.006623
1,2,INT-C0108,INT-C0202,dead-INT-C0008,dead-INT-C0003,2,0.038462,0.020833,0.013699
1,2,INT-C0108,INT-C0203,dead-INT-C0008,dead-INT-C0002,17,0.326923,0.195402,0.139344
1,2,INT-C0108,INT-C0204,dead-INT-C0008,dead-INT-C0001,5,0.096154,0.063291,0.039683
1,2,INT-C0108,INT-C0205,dead-INT-C0008,dead-INT-C0205,24,0.461538,0.315789,0.230769
1,2,INT-C0109,INT-C0201,c06,dead-INT-C0102,1,0.024390,0.010000,0.007143
1,2,INT-C0109,INT-C0202,c06,dead-INT-C0003,5,0.121951,0.052083,0.037879
1,2,INT-C0109,INT-C0208,c06,c06,35,0.853659,0.777778,0.686275
1,2,INT-C0110,INT-C0201,dead-INT-C0012,dead-INT-C0102,1,0.026316,0.010000,0.007299
1,2,INT-C0110,INT-C0202,dead-INT-C0012,dead-INT-C0003,6,0.157895,0.062500,0.046875
1,2,INT-C0110,INT-C0206,dead-INT-C0012,c08,1,0.026316,0.016393,0.010204
1,2,INT-C0110,INT-C0210,dead-INT-C0012,dead-INT-C0012,23,0.605263,0.884615,0.560976
1,2,INT-C0110,INT-C0213,dead-INT-C0012,dead-INT-C0213,1,0.026316,0.047619,0.017241
1,2,INT-C0111,INT-C0201,dead-INT-C0007,dead-INT-C0102,1,0.028571,0.010000,0.007463
1,2,INT-C0111,INT-C0202,dead-INT-C0007,dead-INT-C0003,19,0.542857,0.197917,0.169643
1,2,INT-C0111,INT-C0203,dead-INT-C0007,dead-INT-C0002,1,0.028571,0.011494,0.008264
1,2,INT-C0111,INT-C0205,dead-INT-C0007,dead-INT-C0205,1,0.028571,0.013158,0.009091
1,2,INT-C0111,INT-C0207,dead-INT-C0007,c05,1,0.028571,0.019608,0.011765
1,2,INT-C0111,INT-C0213,dead-INT-C0007,dead-INT-C0213,8,0.228571,0.380952,0.166667
1,2,INT-C0112,INT-C0201,dead-INT-C0011,dead-INT-C0102,1,0.031250,0.010000,0.007634
1,2,INT-C0112,INT-C0205,dead-INT-C0011,dead-INT-C0205,25,0.781250,0.328947,0.301205
1,2,INT-C0112,INT-C0208,dead-INT-C0011,c06,3,0.093750,0.066667,0.040541
1,2,INT-C0112,INT-C0209,dead-INT-C0011,dead-INT-C0107,1,0.031250,0.037037,0.017241
1,2,INT-C0112,INT-C0213,dead-INT-C0011,dead-INT-C0213,2,0.062500,0.095238,0.039216
1,2,INT-C0113,INT-C0204,c05,dead-INT-C0001,2,0.066667,0.025316,0.018692
1,2,INT-C0113,INT-C0207,c05,c05,25,0.833333,0.490196,0.446429
1,2,INT-C0114,INT-C0201,dead-INT-C0114,dead-INT-C0102,2,0.117647,0.020000,0.017391
1,2,INT-C0114,INT-C0202,dead-INT-C0114,dead-INT-C0003,1,0.058824,0.010417,0.008929
1,2,INT-C0114,INT-C0203,dead-INT-C0114,dead-INT-C0002,1,0.058824,0.011494,0.009709
1,2,INT-C0114,INT-C0204,dead-INT-C0114,dead-INT-C0001,3,0.176471,0.037975,0.032258
1,2,INT-C0114,INT-C0205,dead-INT-C0114,dead-INT-C0205,2,0.117647,0.026316,0.021978
1,2,INT-C0114,INT-C0206,dead-INT-C0114,c08,1,0.058824,0.016393,0.012987
1,2,INT-C0114,INT-C0213,dead-INT-C0114,dead-INT-C0213,6,0.352941,0.285714,0.187500
2,3,INT-C0201,INT-C0301,dead-INT-C0102,dead-INT-C0301,52,0.520000,0.335484,0.256158
2,3,INT-C0201,INT-C0302,dead-INT-C0102,dead-INT-C0205,2,0.020000,0.019608,0.010000
2,3,INT-C0201,INT-C0303,dead-INT-C0102,dead-INT-C0003,12,0.120000,0.146341,0.070588
2,3,INT-C0201,INT-C0306,dead-INT-C0102,c05,1,0.010000,0.018182,0.006494
2,3,INT-C0201,INT-C0307,dead-INT-C0102,dead-INT-C0307,2,0.020000,0.039216,0.013423
2,3,INT-C0201,INT-C0308,dead-INT-C0102,dead-INT-C0012,19,0.190000,0.395833,0.147287
2,3,INT-C0201,INT-C0309,dead-INT-C0102,c06,1,0.010000,0.020833,0.006803
2,3,INT-C0201,INT-C0311,dead-INT-C0102,dead-INT-C0311,3,0.030000,0.125000,0.024793
2,3,INT-C0201,INT-C0312,dead-INT-C0102,dead-INT-C0312,1,0.010000,0.090909,0.009091
2,3,INT-C0202,INT-C0301,dead-INT-C0003,dead-INT-C0301,9,0.093750,0.058065,0.037190
2,3,INT-C0202,INT-C0302,dead-INT-C0003,dead-INT-C0205,20,0.208333,0.196078,0.112360
2,3,INT-C0202,INT-C0303,dead-INT-C0003,dead-INT-C0003,54,0.562500,0.658537,0.435484
2,3,INT-C0202,INT-C0304,dead-INT-C0003,c08,1,0.010417,0.014085,0.006024
2,3,INT-C0202,INT-C0305,dead-INT-C0003,dead-INT-C0001,1,0.010417,0.017857,0.006623
2,3,INT-C0202,INT-C0307,dead-INT-C0003,dead-INT-C0307,2,0.020833,0.039216,0.013793
2,3,INT-C0202,INT-C0308,dead-INT-C0003,dead-INT-C0012,1,0.010417,0.020833,0.006993
2,3,INT-C0202,INT-C0309,dead-INT-C0003,c06,3,0.031250,0.062500,0.021277
2,3,INT-C0202,INT-C0311,dead-INT-C0003,dead-INT-C0311,1,0.010417,0.041667,0.008403
2,3,INT-C0202,INT-C0313,dead-INT-C0003,dead-INT-C0313,1,0.010417,0.250000,0.010101
2,3,INT-C0203,INT-C0301,dead-INT-C0002,dead-INT-C0301,52,0.597701,0.335484,0.273684
2,3,INT-C0203,INT-C0302,dead-INT-C0002,dead-INT-C0205,16,0.183908,0.156863,0.092486
2,3,INT-C0203,INT-C0305,dead-INT-C0002,dead-INT-C0001,11,0.126437,0.196429,0.083333
2,3,INT-C0203,INT-C0307,dead-INT-C0002,dead-INT-C0307,2,0.022989,0.039216,0.014706
2,3,INT-C0204,INT-C0301,dead-INT-C0001,dead-INT-C0301,1,0.012658,0.006452,0.004292
2,3,INT-C0204,INT-C0302,dead-INT-C0001,dead-INT-C0205,9,0.113924,0.088235,0.052326
2,3,INT-C0204,INT-C0303,dead-INT-C0001,dead-INT-C0003,1,0.012658,0.012195,0.006250
2,3,INT-C0204,INT-C0305,dead-INT-C0001,dead-INT-C0001,36,0.455696,0.642857,0.363636
2,3,INT-C0204,INT-C0306,dead-INT-C0001,c05,1,0.012658,0.018182,0.007519
2,3,INT-C0204,INT-C0307,dead-INT-C0001,dead-INT-C0307,17,0.215190,0.333333,0.150442
2,3,INT-C0204,INT-C0309,dead-INT-C0001,c06,5,0.063291,0.104167,0.040984
2,3,INT-C0205,INT-C0301,dead-INT-C0205,dead-INT-C0301,2,0.026316,0.012903,0.008734
2,3,INT-C0205,INT-C0302,dead-INT-C0205,dead-INT-C0205,44,0.578947,0.431373,0.328358
2,3,INT-C0205,INT-C0304,dead-INT-C0205,c08,1,0.013158,0.014085,0.006849
2,3,INT-C0205,INT-C0307,dead-INT-C0205,dead-INT-C0307,2,0.026316,0.039216,0.016000
2,3,INT-C0205,INT-C0308,dead-INT-C0205,dead-INT-C0012,1,0.013158,0.020833,0.008130
2,3,INT-C0205,INT-C0310,dead-INT-C0205,dead-INT-C0310,22,0.289474,0.880000,0.278481
2,3,INT-C0206,INT-C0304,c08,c08,56,0.918033,0.788732,0.736842
2,3,INT-C0206,INT-C0308,c08,dead-INT-C0012,1,0.016393,0.020833,0.009259
2,3,INT-C0206,INT-C0312,c08,dead-INT-C0312,2,0.032787,0.181818,0.028571
2,3,INT-C0207,INT-C0301,c05,dead-INT-C0301,2,0.039216,0.012903,0.009804
2,3,INT-C0207,INT-C0304,c05,c08,2,0.039216,0.028169,0.016667
2,3,INT-C0207,INT-C0306,c05,c05,28,0.549020,0.509091,0.358974
2,3,INT-C0207,INT-C0307,c05,dead-INT-C0307,1,0.019608,0.019608,0.009901
2,3,INT-C0207,INT-C0311,c05,dead-INT-C0311,18,0.352941,0.750000,0.315789
2,3,INT-C0208,INT-C0301,c06,dead-INT-C0301,1,0.022222,0.006452,0.005025
2,3,INT-C0208,INT-C0302,c06,dead-INT-C0205,1,0.022222,0.009804,0.006849
2,3,INT-C0208,INT-C0303,c06,dead-INT-C0003,2,0.044444,0.024390,0.016000
2,3,INT-C0208,INT-C0307,c06,dead-INT-C0307,1,0.022222,0.019608,0.010526
2,3,INT-C0208,INT-C0308,c06,dead-INT-C0012,1,0.022222,0.020833,0.010870
2,3,INT-C0208,INT-C0309,c06,c06,39,0.866667,0.812500,0.722222
2,3,INT-C0209,INT-C0302,dead-INT-C0107,dead-INT-C0205,1,0.037037,0.009804,0.007812
2,3,INT-C0209,INT-C0306,dead-INT-C0107,c05,23,0.851852,0.418182,0.389831
2,3,INT-C0209,INT-C0311,dead-INT-C0107,dead-INT-C0311,2,0.074074,0.083333,0.040816
2,3,INT-C0210,INT-C0304,dead-INT-C0012,c08,1,0.038462,0.014085,0.010417
2,3,INT-C0210,INT-C0308,dead-INT-C0012,dead-INT-C0012,24,0.923077,0.500000,0.480000
2,3,INT-C0211,INT-C0301,dead-INT-C0211,dead-INT-C0301,3,0.120000,0.019355,0.016949
2,3,INT-C0211,INT-C0304,dead-INT-C0211,c08,2,0.080000,0.028169,0.021277
2,3,INT-C0211,INT-C0307,dead-INT-C0211,dead-INT-C0307,19,0.760000,0.372549,0.333333
2,3,INT-C0212,INT-C0301,dead-INT-C0212,dead-INT-C0301,18,0.818182,0.116129,0.113208
2,3,INT-C0212,INT-C0304,dead-INT-C0212,c08,1,0.045455,0.014085,0.010870
2,3,INT-C0213,INT-C0302,dead-INT-C0213,dead-INT-C0205,3,0.142857,0.029412,0.025000
2,3,INT-C0213,INT-C0303,dead-INT-C0213,dead-INT-C0003,7,0.333333,0.085366,0.072917
2,3,INT-C0213,INT-C0312,dead-INT-C0213,dead-INT-C0312,6,0.285714,0.545455,0.230769
2,3,INT-C0213,INT-C0313,dead-INT-C0213,dead-INT-C0313,3,0.142857,0.750000,0.136364
2,3,INT-C0214,INT-C0307,dead-INT-C0214,dead-INT-C0307,1,0.200000,0.019608,0.018182
2,3,INT-C0214,INT-C0314,dead-INT-C0214,dead-INT-C0214,3,0.600000,0.750000,0.500000
3,4,INT-C0301,INT-C0401,dead-INT-C0301,dead-INT-C0401,25,0.161290,0.229358,0.104603
3,4,INT-C0301,INT-C0402,dead-INT-C0301,dead-INT-C0001,9,0.058065,0.082569,0.035294
3,4,INT-C0301,INT-C0403,dead-INT-C0301,c08,3,0.019355,0.036145,0.012766
3,4,INT-C0301,INT-C0404,dead-INT-C0301,dead-INT-C0404,12,0.077419,0.193548,0.058537
3,4,INT-C0301,INT-C0405,dead-INT-C0301,c01,45,0.290323,0.775862,0.267857
3,4,INT-C0301,INT-C0406,dead-INT-C0301,dead-INT-C0406,4,0.025806,0.081633,0.020000
3,4,INT-C0301,INT-C0408,dead-INT-C0301,dead-INT-C0408,18,0.116129,0.409091,0.099448
3,4,INT-C0301,INT-C0409,dead-INT-C0301,c06,1,0.006452,0.022727,0.005051
3,4,INT-C0301,INT-C0410,dead-INT-C0301,dead-INT-C0311,1,0.006452,0.024390,0.005128
3,4,INT-C0301,INT-C0412,dead-INT-C0301,dead-INT-C0412,8,0.051613,0.307692,0.046243
3,4,INT-C0301,INT-C0414,dead-INT-C0301,dead-INT-C0414,18,0.116129,0.857143,0.113924
3,4,INT-C0302,INT-C0401,dead-INT-C0205,dead-INT-C0401,40,0.392157,0.366972,0.233918
3,4,INT-C0302,INT-C0402,dead-INT-C0205,dead-INT-C0001,13,0.127451,0.119266,0.065657
3,4,INT-C0302,INT-C0404,dead-INT-C0205,dead-INT-C0404,16,0.156863,0.258065,0.108108
3,4,INT-C0302,INT-C0405,dead-INT-C0205,c01,9,0.088235,0.155172,0.059603
3,4,INT-C0302,INT-C0407,dead-INT-C0205,c05,1,0.009804,0.020408,0.006667
3,4,INT-C0302,INT-C0408,dead-INT-C0205,dead-INT-C0408,2,0.019608,0.045455,0.013889
3,4,INT-C0302,INT-C0410,dead-INT-C0205,dead-INT-C0311,9,0.088235,0.219512,0.067164
3,4,INT-C0302,INT-C0412,dead-INT-C0205,dead-INT-C0412,1,0.009804,0.038462,0.007874
3,4,INT-C0302,INT-C0415,dead-INT-C0205,dead-INT-C0415,1,0.009804,0.333333,0.009615
3,4,INT-C0303,INT-C0401,dead-INT-C0003,dead-INT-C0401,4,0.048780,0.036697,0.021390
3,4,INT-C0303,INT-C0403,dead-INT-C0003,c08,1,0.012195,0.012048,0.006098
3,4,INT-C0303,INT-C0404,dead-INT-C0003,dead-INT-C0404,25,0.304878,0.403226,0.210084
3,4,INT-C0303,INT-C0406,dead-INT-C0003,dead-INT-C0406,32,0.390244,0.653061,0.323232
3,4,INT-C0303,INT-C0408,dead-INT-C0003,dead-INT-C0408,1,0.012195,0.022727,0.008000
3,4,INT-C0303,INT-C0409,dead-INT-C0003,c06,2,0.024390,0.045455,0.016129
3,4,INT-C0303,INT-C0412,dead-INT-C0003,dead-INT-C0412,13,0.158537,0.500000,0.136842
3,4,INT-C0304,INT-C0401,c08,dead-INT-C0401,1,0.014085,0.009174,0.005587
3,4,INT-C0304,INT-C0403,c08,c08,64,0.901408,0.771084,0.711111
3,4,INT-C0304,INT-C0411,c08,dead-INT-C0012,1,0.014085,0.038462,0.010417
3,4,INT-C0304,INT-C0414,c08,dead-INT-C0414,1,0.014085,0.047619,0.010989
3,4,INT-C0305,INT-C0401,dead-INT-C0001,dead-INT-C0401,3,0.053571,0.027523,0.018519
3,4,INT-C0305,INT-C0402,dead-INT-C0001,dead-INT-C0001,46,0.821429,0.422018,0.386555
3,4,INT-C0305,INT-C0404,dead-INT-C0001,dead-INT-C0404,2,0.035714,0.032258,0.017241
3,4,INT-C0305,INT-C0410,dead-INT-C0001,dead-INT-C0311,1,0.017857,0.024390,0.010417
3,4,INT-C0306,INT-C0407,c05,c05,45,0.818182,0.918367,0.762712
3,4,INT-C0306,INT-C0409,c05,c06,1,0.018182,0.022727,0.010204
3,4,INT-C0306,INT-C0410,c05,dead-INT-C0311,4,0.072727,0.097561,0.043478
3,4,INT-C0306,INT-C0412,c05,dead-INT-C0412,1,0.018182,0.038462,0.012500
3,4,INT-C0307,INT-C0401,dead-INT-C0307,dead-INT-C0401,3,0.058824,0.027523,0.019108
3,4,INT-C0307,INT-C0402,dead-INT-C0307,dead-INT-C0001,23,0.450980,0.211009,0.167883
3,4,INT-C0307,INT-C0406,dead-INT-C0307,dead-INT-C0406,2,0.039216,0.040816,0.020408
3,4,INT-C0307,INT-C0408,dead-INT-C0307,dead-INT-C0408,18,0.352941,0.409091,0.233766
3,4,INT-C0307,INT-C0410,dead-INT-C0307,dead-INT-C0311,2,0.039216,0.048780,0.022222
3,4,INT-C0308,INT-C0404,dead-INT-C0012,dead-INT-C0404,2,0.041667,0.032258,0.018519
3,4,INT-C0308,INT-C0410,dead-INT-C0012,dead-INT-C0311,1,0.020833,0.024390,0.011364
3,4,INT-C0308,INT-C0411,dead-INT-C0012,dead-INT-C0012,23,0.479167,0.884615,0.450980
3,4,INT-C0308,INT-C0412,dead-INT-C0012,dead-INT-C0412,1,0.020833,0.038462,0.013699
3,4,INT-C0308,INT-C0413,dead-INT-C0012,dead-INT-C0413,18,0.375000,0.818182,0.346154
3,4,INT-C0309,INT-C0402,c06,dead-INT-C0001,7,0.145833,0.064220,0.046667
3,4,INT-C0309,INT-C0404,c06,dead-INT-C0404,1,0.020833,0.016129,0.009174
3,4,INT-C0309,INT-C0405,c06,c01,1,0.020833,0.017241,0.009524
3,4,INT-C0309,INT-C0406,c06,dead-INT-C0406,1,0.020833,0.020408,0.010417
3,4,INT-C0309,INT-C0409,c06,c06,38,0.791667,0.863636,0.703704
3,4,INT-C0310,INT-C0401,dead-INT-C0310,dead-INT-C0401,23,0.920000,0.211009,0.207207
3,4,INT-C0310,INT-C0410,dead-INT-C0310,dead-INT-C0311,1,0.040000,0.024390,0.015385
3,4,INT-C0311,INT-C0402,dead-INT-C0311,dead-INT-C0001,1,0.041667,0.009174,0.007576
3,4,INT-C0311,INT-C0406,dead-INT-C0311,dead-INT-C0406,1,0.041667,0.020408,0.013889
3,4,INT-C0311,INT-C0407,dead-INT-C0311,c05,1,0.041667,0.020408,0.013889
3,4,INT-C0311,INT-C0410,dead-INT-C0311,dead-INT-C0311,18,0.750000,0.439024,0.382979
3,4,INT-C0311,INT-C0412,dead-INT-C0311,dead-INT-C0412,1,0.041667,0.038462,0.020408
3,4,INT-C0312,INT-C0403,dead-INT-C0312,c08,6,0.545455,0.072289,0.068182
3,4,INT-C0312,INT-C0413,dead-INT-C0312,dead-INT-C0413,3,0.272727,0.136364,0.100000
3,4,INT-C0313,INT-C0406,dead-INT-C0313,dead-INT-C0406,4,1.000000,0.081633,0.081633
3,4,INT-C0314,INT-C0410,dead-INT-C0214,dead-INT-C0311,3,0.750000,0.073171,0.071429
4,5,INT-C0401,INT-C0501,dead-INT-C0401,dead-INT-C0501,17,0.155963,0.204819,0.097143
4,5,INT-C0401,INT-C0502,dead-INT-C0401,dead-INT-C0401,51,0.467890,0.653846,0.375000
4,5,INT-C0401,INT-C0503,dead-INT-C0401,c08,1,0.009174,0.013333,0.005464
4,5,INT-C0401,INT-C0504,dead-INT-C0401,c01,13,0.119266,0.203125,0.081250
4,5,INT-C0401,INT-C0505,dead-INT-C0401,c05,1,0.009174,0.015873,0.005848
4,5,INT-C0401,INT-C0506,dead-INT-C0401,dead-INT-C0506,1,0.009174,0.018868,0.006211
4,5,INT-C0401,INT-C0507,dead-INT-C0401,dead-INT-C0507,3,0.027523,0.060000,0.019231
4,5,INT-C0401,INT-C0508,dead-INT-C0401,c03,1,0.009174,0.023256,0.006623
4,5,INT-C0401,INT-C0511,dead-INT-C0401,dead-INT-C0511,4,0.036697,0.137931,0.029851
4,5,INT-C0401,INT-C0512,dead-INT-C0401,dead-INT-C0012,1,0.009174,0.034483,0.007299
4,5,INT-C0401,INT-C0513,dead-INT-C0401,dead-INT-C0513,1,0.009174,0.038462,0.007463
4,5,INT-C0401,INT-C0514,dead-INT-C0401,dead-INT-C0414,2,0.018349,0.080000,0.015152
4,5,INT-C0402,INT-C0501,dead-INT-C0001,dead-INT-C0501,5,0.045872,0.060241,0.026738
4,5,INT-C0402,INT-C0502,dead-INT-C0001,dead-INT-C0401,10,0.091743,0.128205,0.056497
4,5,INT-C0402,INT-C0504,dead-INT-C0001,c01,6,0.055046,0.093750,0.035928
4,5,INT-C0402,INT-C0505,dead-INT-C0001,c05,3,0.027523,0.047619,0.017751
4,5,INT-C0402,INT-C0506,dead-INT-C0001,dead-INT-C0506,27,0.247706,0.509434,0.200000
4,5,INT-C0402,INT-C0507,dead-INT-C0001,dead-INT-C0507,40,0.366972,0.800000,0.336134
4,5,INT-C0402,INT-C0509,dead-INT-C0001,c06,1,0.009174,0.027778,0.006944
4,5,INT-C0402,INT-C0511,dead-INT-C0001,dead-INT-C0511,1,0.009174,0.034483,0.007299
4,5,INT-C0402,INT-C0513,dead-INT-C0001,dead-INT-C0513,1,0.009174,0.038462,0.007463
4,5,INT-C0402,INT-C0514,dead-INT-C0001,dead-INT-C0414,1,0.009174,0.040000,0.007519
4,5,INT-C0402,INT-C0515,dead-INT-C0001,dead-INT-C0413,1,0.009174,0.052632,0.007874
4,5,INT-C0403,INT-C0501,c08,dead-INT-C0501,1,0.012048,0.012048,0.006061
4,5,INT-C0403,INT-C0502,c08,dead-INT-C0401,1,0.012048,0.012821,0.006250
4,5,INT-C0403,INT-C0503,c08,c08,61,0.734940,0.813333,0.628866
4,5,INT-C0403,INT-C0508,c08,c03,1,0.012048,0.023256,0.008000
4,5,INT-C0403,INT-C0510,c08,dead-INT-C0311,7,0.084337,0.205882,0.063636
4,5,INT-C0403,INT-C0511,c08,dead-INT-C0511,2,0.024096,0.068966,0.018182
4,5,INT-C0403,INT-C0514,c08,dead-INT-C0414,1,0.012048,0.040000,0.009346
4,5,INT-C0404,INT-C0501,dead-INT-C0404,dead-INT-C0501,11,0.177419,0.132530,0.082090
4,5,INT-C0404,INT-C0505,dead-INT-C0404,c05,3,0.048387,0.047619,0.024590
4,5,INT-C0404,INT-C0507,dead-INT-C0404,dead-INT-C0507,2,0.032258,0.040000,0.018182
4,5,INT-C0404,INT-C0508,dead-INT-C0404,c03,20,0.322581,0.465116,0.235294
4,5,INT-C0404,INT-C0509,dead-INT-C0404,c06,1,0.016129,0.027778,0.010309
4,5,INT-C0404,INT-C0511,dead-INT-C0404,dead-INT-C0511,1,0.016129,0.034483,0.011111
4,5,INT-C0404,INT-C0512,dead-INT-C0404,dead-INT-C0012,1,0.016129,0.034483,0.011111
4,5,INT-C0404,INT-C0513,dead-INT-C0404,dead-INT-C0513,19,0.306452,0.730769,0.275362
4,5,INT-C0405,INT-C0501,c01,dead-INT-C0501,7,0.120690,0.084337,0.052239
4,5,INT-C0405,INT-C0502,c01,dead-INT-C0401,1,0.017241,0.012821,0.007407
4,5,INT-C0405,INT-C0504,c01,c01,40,0.689655,0.625000,0.487805
4,5,INT-C0405,INT-C0505,c01,c05,1,0.017241,0.015873,0.008333
4,5,INT-C0405,INT-C0507,c01,dead-INT-C0507,1,0.017241,0.020000,0.009346
4,5,INT-C0406,INT-C0501,dead-INT-C0406,dead-INT-C0501,2,0.040816,0.024096,0.015385
4,5,INT-C0406,INT-C0502,dead-INT-C0406,dead-INT-C0401,1,0.020408,0.012821,0.007937
4,5,INT-C0406,INT-C0503,dead-INT-C0406,c08,1,0.020408,0.013333,0.008130
4,5,INT-C0406,INT-C0504,dead-INT-C0406,c01,1,0.020408,0.015625,0.008929
4,5,INT-C0406,INT-C0508,dead-INT-C0406,c03,19,0.387755,0.441860,0.260274
4,5,INT-C0406,INT-C0509,dead-INT-C0406,c06,2,0.040816,0.055556,0.024096
4,5,INT-C0406,INT-C0511,dead-INT-C0406,dead-INT-C0511,15,0.306122,0.517241,0.238095
4,5,INT-C0406,INT-C0513,dead-INT-C0406,dead-INT-C0513,1,0.020408,0.038462,0.013514
4,5,INT-C0407,INT-C0505,c05,c05,47,0.959184,0.746032,0.723077
4,5,INT-C0407,INT-C0510,c05,dead-INT-C0311,1,0.020408,0.029412,0.012195
4,5,INT-C0408,INT-C0501,dead-INT-C0408,dead-INT-C0501,11,0.250000,0.132530,0.094828
4,5,INT-C0408,INT-C0502,dead-INT-C0408,dead-INT-C0401,1,0.022727,0.012821,0.008264
4,5,INT-C0408,INT-C0505,dead-INT-C0408,c05,1,0.022727,0.015873,0.009434
4,5,INT-C0408,INT-C0506,dead-INT-C0408,dead-INT-C0506,23,0.522727,0.433962,0.310811
4,5,INT-C0408,INT-C0511,dead-INT-C0408,dead-INT-C0511,4,0.090909,0.137931,0.057971
4,5,INT-C0408,INT-C0515,dead-INT-C0408,dead-INT-C0413,1,0.022727,0.052632,0.016129
4,5,INT-C0409,INT-C0501,c06,dead-INT-C0501,3,0.068182,0.036145,0.024194
4,5,INT-C0409,INT-C0502,c06,dead-INT-C0401,2,0.045455,0.025641,0.016667
4,5,INT-C0409,INT-C0505,c06,c05,1,0.022727,0.015873,0.009434
4,5,INT-C0409,INT-C0507,c06,dead-INT-C0507,1,0.022727,0.020000,0.010753
4,5,INT-C0409,INT-C0509,c06,c06,31,0.704545,0.861111,0.632653
4,5,INT-C0410,INT-C0501,dead-INT-C0311,dead-INT-C0501,1,0.024390,0.012048,0.008130
4,5,INT-C0410,INT-C0502,dead-INT-C0311,dead-INT-C0401,8,0.195122,0.102564,0.072072
4,5,INT-C0410,INT-C0504,dead-INT-C0311,c01,2,0.048780,0.031250,0.019417
4,5,INT-C0410,INT-C0505,dead-INT-C0311,c05,1,0.024390,0.015873,0.009709
4,5,INT-C0410,INT-C0510,dead-INT-C0311,dead-INT-C0311,24,0.585366,0.705882,0.470588
4,5,INT-C0410,INT-C0514,dead-INT-C0311,dead-INT-C0414,2,0.048780,0.080000,0.031250
4,5,INT-C0410,INT-C0516,dead-INT-C0311,dead-INT-C0516,3,0.073171,1.000000,0.073171
4,5,INT-C0411,INT-C0512,dead-INT-C0012,dead-INT-C0012,25,0.961538,0.862069,0.833333
4,5,INT-C0412,INT-C0501,dead-INT-C0412,dead-INT-C0501,15,0.576923,0.180723,0.159574
4,5,INT-C0412,INT-C0503,dead-INT-C0412,c08,1,0.038462,0.013333,0.010000
4,5,INT-C0412,INT-C0505,dead-INT-C0412,c05,1,0.038462,0.015873,0.011364
4,5,INT-C0412,INT-C0506,dead-INT-C0412,dead-INT-C0506,2,0.076923,0.037736,0.025974
4,5,INT-C0412,INT-C0509,dead-INT-C0412,c06,1,0.038462,0.027778,0.016393
4,5,INT-C0412,INT-C0511,dead-INT-C0412,dead-INT-C0511,1,0.038462,0.034483,0.018519
4,5,INT-C0412,INT-C0512,dead-INT-C0412,dead-INT-C0012,1,0.038462,0.034483,0.018519
4,5,INT-C0413,INT-C0503,dead-INT-C0413,c08,4,0.181818,0.053333,0.043011
4,5,INT-C0413,INT-C0515,dead-INT-C0413,dead-INT-C0413,17,0.772727,0.894737,0.708333
4,5,INT-C0414,INT-C0503,dead-INT-C0414,c08,1,0.047619,0.013333,0.010526
4,5,INT-C0414,INT-C0514,dead-INT-C0414,dead-INT-C0414,17,0.809524,0.680000,0.586207
4,5,INT-C0415,INT-C0513,dead-INT-C0415,dead-INT-C0513,3,1.000000,0.115385,0.115385
5,6,INT-C0501,INT-C0601,dead-INT-C0501,dead-INT-C0507,3,0.036145,0.034091,0.017857
5,6,INT-C0501,INT-C0602,dead-INT-C0501,c08,2,0.024096,0.023529,0.012048
5,6,INT-C0501,INT-C0603,dead-INT-C0501,dead-INT-C0401,3,0.036145,0.037975,0.018868
5,6,INT-C0501,INT-C0604,dead-INT-C0501,dead-INT-C0501,35,0.421687,0.454545,0.280000
5,6,INT-C0501,INT-C0605,dead-INT-C0501,c03,5,0.060241,0.073529,0.034247
5,6,INT-C0501,INT-C0606,dead-INT-C0501,c01,5,0.060241,0.076923,0.034965
5,6,INT-C0501,INT-C0607,dead-INT-C0501,dead-INT-C0607,14,0.168675,0.259259,0.113821
5,6,INT-C0501,INT-C0609,dead-INT-C0501,c06,4,0.048193,0.093023,0.032787
5,6,INT-C0501,INT-C0611,dead-INT-C0501,dead-INT-C0012,1,0.012048,0.035714,0.009091
5,6,INT-C0501,INT-C0613,dead-INT-C0501,dead-INT-C0513,2,0.024096,0.095238,0.019608
5,6,INT-C0502,INT-C0601,dead-INT-C0401,dead-INT-C0507,12,0.153846,0.136364,0.077922
5,6,INT-C0502,INT-C0603,dead-INT-C0401,dead-INT-C0401,53,0.679487,0.670886,0.509615
5,6,INT-C0502,INT-C0605,dead-INT-C0401,c03,3,0.038462,0.044118,0.020979
5,6,INT-C0502,INT-C0606,dead-INT-C0401,c01,1,0.012821,0.015385,0.007042
5,6,INT-C0502,INT-C0607,dead-INT-C0401,dead-INT-C0607,3,0.038462,0.055556,0.023256
5,6,INT-C0502,INT-C0609,dead-INT-C0401,c06,3,0.038462,0.069767,0.025424
5,6,INT-C0503,INT-C0602,c08,c08,66,0.880000,0.776471,0.702128
5,6,INT-C0503,INT-C0604,c08,dead-INT-C0501,1,0.013333,0.012987,0.006623
5,6,INT-C0503,INT-C0605,c08,c03,1,0.013333,0.014706,0.007042
5,6,INT-C0504,INT-C0601,c01,dead-INT-C0507,3,0.046875,0.034091,0.020134
5,6,INT-C0504,INT-C0603,c01,dead-INT-C0401,5,0.078125,0.063291,0.036232
5,6,INT-C0504,INT-C0604,c01,dead-INT-C0501,8,0.125000,0.103896,0.060150
5,6,INT-C0504,INT-C0605,c01,c03,2,0.031250,0.029412,0.015385
5,6,INT-C0504,INT-C0606,c01,c01,38,0.593750,0.584615,0.417582
5,6,INT-C0505,INT-C0601,c05,dead-INT-C0507,1,0.015873,0.011364,0.006667
5,6,INT-C0505,INT-C0602,c05,c08,2,0.031746,0.023529,0.013699
5,6,INT-C0505,INT-C0603,c05,dead-INT-C0401,1,0.015873,0.012658,0.007092
5,6,INT-C0505,INT-C0606,c05,c01,5,0.079365,0.076923,0.040650
5,6,INT-C0505,INT-C0607,c05,dead-INT-C0607,1,0.015873,0.018519,0.008621
5,6,INT-C0505,INT-C0608,c05,c05,47,0.746032,0.921569,0.701493
5,6,INT-C0505,INT-C0609,c05,c06,1,0.015873,0.023256,0.009524
5,6,INT-C0505,INT-C0610,c05,dead-INT-C0311,1,0.015873,0.035714,0.011111
5,6,INT-C0506,INT-C0601,dead-INT-C0506,dead-INT-C0507,24,0.452830,0.272727,0.205128
5,6,INT-C0506,INT-C0602,dead-INT-C0506,c08,2,0.037736,0.023529,0.014706
5,6,INT-C0506,INT-C0603,dead-INT-C0506,dead-INT-C0401,1,0.018868,0.012658,0.007634
5,6,INT-C0506,INT-C0604,dead-INT-C0506,dead-INT-C0501,1,0.018868,0.012987,0.007752
5,6,INT-C0506,INT-C0606,dead-INT-C0506,c01,1,0.018868,0.015385,0.008547
5,6,INT-C0506,INT-C0607,dead-INT-C0506,dead-INT-C0607,22,0.415094,0.407407,0.258824
5,6,INT-C0506,INT-C0611,dead-INT-C0506,dead-INT-C0012,1,0.018868,0.035714,0.012500
5,6,INT-C0506,INT-C0614,dead-INT-C0506,dead-INT-C0614,1,0.018868,0.111111,0.016393
5,6,INT-C0507,INT-C0601,dead-INT-C0507,dead-INT-C0507,38,0.760000,0.431818,0.380000
5,6,INT-C0507,INT-C0603,dead-INT-C0507,dead-INT-C0401,2,0.040000,0.025316,0.015748
5,6,INT-C0507,INT-C0605,dead-INT-C0507,c03,2,0.040000,0.029412,0.017241
5,6,INT-C0507,INT-C0606,dead-INT-C0507,c01,4,0.080000,0.061538,0.036036
5,6,INT-C0507,INT-C0607,dead-INT-C0507,dead-INT-C0607,1,0.020000,0.018519,0.009709
5,6,INT-C0507,INT-C0608,dead-INT-C0507,c05,1,0.020000,0.019608,0.010000
5,6,INT-C0508,INT-C0602,c03,c08,1,0.023256,0.011765,0.007874
5,6,INT-C0508,INT-C0604,c03,dead-INT-C0501,2,0.046512,0.025974,0.016949
5,6,INT-C0508,INT-C0605,c03,c03,37,0.860465,0.544118,0.500000
5,6,INT-C0508,INT-C0606,c03,c01,1,0.023256,0.015385,0.009346
5,6,INT-C0509,INT-C0605,c06,c03,3,0.083333,0.044118,0.029703
5,6,INT-C0509,INT-C0606,c06,c01,1,0.027778,0.015385,0.010000
5,6,INT-C0509,INT-C0609,c06,c06,32,0.888889,0.744186,0.680851
5,6,INT-C0510,INT-C0602,dead-INT-C0311,c08,4,0.117647,0.047059,0.034783
5,6,INT-C0510,INT-C0603,dead-INT-C0311,dead-INT-C0401,2,0.058824,0.025316,0.018018
5,6,INT-C0510,INT-C0610,dead-INT-C0311,dead-INT-C0311,25,0.735294,0.892857,0.675676
5,6,INT-C0510,INT-C0612,dead-INT-C0311,dead-INT-C0414,1,0.029412,0.043478,0.017857
5,6,INT-C0511,INT-C0601,dead-INT-C0511,dead-INT-C0507,1,0.034483,0.011364,0.008621
5,6,INT-C0511,INT-C0603,dead-INT-C0511,dead-INT-C0401,7,0.241379,0.088608,0.069307
5,6,INT-C0511,INT-C0604,dead-INT-C0511,dead-INT-C0501,1,0.034483,0.012987,0.009524
5,6,INT-C0511,INT-C0605,dead-INT-C0511,c03,2,0.068966,0.029412,0.021053
5,6,INT-C0511,INT-C0606,dead-INT-C0511,c01,2,0.068966,0.030769,0.021739
5,6,INT-C0511,INT-C0607,dead-INT-C0511,dead-INT-C0607,5,0.172414,0.092593,0.064103
5,6,INT-C0511,INT-C0613,dead-INT-C0511,dead-INT-C0513,1,0.034483,0.047619,0.020408
5,6,INT-C0511,INT-C0614,dead-INT-C0511,dead-INT-C0614,8,0.275862,0.888889,0.266667
5,6,INT-C0512,INT-C0602,dead-INT-C0012,c08,2,0.068966,0.023529,0.017857
5,6,INT-C0512,INT-C0604,dead-INT-C0012,dead-INT-C0501,1,0.034483,0.012987,0.009524
5,6,INT-C0512,INT-C0611,dead-INT-C0012,dead-INT-C0012,24,0.827586,0.857143,0.727273
5,6,INT-C0513,INT-C0603,dead-INT-C0513,dead-INT-C0401,1,0.038462,0.012658,0.009615
5,6,INT-C0513,INT-C0604,dead-INT-C0513,dead-INT-C0501,2,0.076923,0.025974,0.019802
5,6,INT-C0513,INT-C0605,dead-INT-C0513,c03,4,0.153846,0.058824,0.044444
5,6,INT-C0513,INT-C0606,dead-INT-C0513,c01,1,0.038462,0.015385,0.011111
5,6,INT-C0513,INT-C0613,dead-INT-C0513,dead-INT-C0513,18,0.692308,0.857143,0.620690
5,6,INT-C0514,INT-C0603,dead-INT-C0414,dead-INT-C0401,1,0.040000,0.012658,0.009709
5,6,INT-C0514,INT-C0604,dead-INT-C0414,dead-INT-C0501,1,0.040000,0.012987,0.009901
5,6,INT-C0514,INT-C0605,dead-INT-C0414,c03,1,0.040000,0.014706,0.010870
5,6,INT-C0514,INT-C0611,dead-INT-C0414,dead-INT-C0012,1,0.040000,0.035714,0.019231
5,6,INT-C0514,INT-C0612,dead-INT-C0414,dead-INT-C0414,18,0.720000,0.782609,0.600000
5,6,INT-C0515,INT-C0604,dead-INT-C0413,dead-INT-C0501,18,0.947368,0.233766,0.230769
5,6,INT-C0515,INT-C0606,dead-INT-C0413,c01,1,0.052632,0.015385,0.012048
5,6,INT-C0516,INT-C0615,dead-INT-C0516,dead-INT-C0516,3,1.000000,0.600000,0.600000
6,7,INT-C0601,INT-C0701,dead-INT-C0507,c03,1,0.011364,0.010101,0.005376
6,7,INT-C0601,INT-C0703,dead-INT-C0507,c01,4,0.045455,0.048780,0.024096
6,7,INT-C0601,INT-C0704,dead-INT-C0507,dead-INT-C0704,3,0.034091,0.036585,0.017964
6,7,INT-C0601,INT-C0705,dead-INT-C0507,dead-INT-C0705,6,0.068182,0.092308,0.040816
6,7,INT-C0601,INT-C0706,dead-INT-C0507,c05,1,0.011364,0.016667,0.006803
6,7,INT-C0601,INT-C0707,dead-INT-C0507,dead-INT-C0707,25,0.284091,0.471698,0.215517
6,7,INT-C0601,INT-C0709,dead-INT-C0507,dead-INT-C0507,38,0.431818,0.791667,0.387755
6,7,INT-C0601,INT-C0710,dead-INT-C0507,c06,2,0.022727,0.043478,0.015152
6,7,INT-C0601,INT-C0711,dead-INT-C0507,c09,3,0.034091,0.068182,0.023256
6,7,INT-C0602,INT-C0702,c08,c08,71,0.835294,0.835294,0.717172
6,7,INT-C0602,INT-C0704,c08,dead-INT-C0704,4,0.047059,0.048780,0.024540
6,7,INT-C0602,INT-C0706,c08,c05,1,0.011765,0.016667,0.006944
6,7,INT-C0602,INT-C0707,c08,dead-INT-C0707,1,0.011765,0.018868,0.007299
6,7,INT-C0602,INT-C0708,c08,dead-INT-C0012,2,0.023529,0.040000,0.015038
6,7,INT-C0602,INT-C0709,c08,dead-INT-C0507,1,0.011765,0.020833,0.007576
6,7,INT-C0603,INT-C0702,dead-INT-C0401,c08,3,0.037975,0.035294,0.018634
6,7,INT-C0603,INT-C0703,dead-INT-C0401,c01,1,0.012658,0.012195,0.006250
6,7,INT-C0603,INT-C0704,dead-INT-C0401,dead-INT-C0704,1,0.012658,0.012195,0.006250
6,7,INT-C0603,INT-C0705,dead-INT-C0401,dead-INT-C0705,32,0.405063,0.492308,0.285714
6,7,INT-C0603,INT-C0706,dead-INT-C0401,c05,2,0.025316,0.033333,0.014599
6,7,INT-C0603,INT-C0707,dead-INT-C0401,dead-INT-C0707,1,0.012658,0.018868,0.007634
6,7,INT-C0603,INT-C0709,dead-INT-C0401,dead-INT-C0507,2,0.025316,0.041667,0.016000
6,7,INT-C0603,INT-C0711,dead-INT-C0401,c09,32,0.405063,0.727273,0.351648
6,7,INT-C0603,INT-C0712,dead-INT-C0401,dead-INT-C0311,1,0.012658,0.041667,0.009804
6,7,INT-C0603,INT-C0713,dead-INT-C0401,c14,4,0.050633,0.200000,0.042105
6,7,INT-C0604,INT-C0701,dead-INT-C0501,c03,21,0.272727,0.212121,0.135484
6,7,INT-C0604,INT-C0703,dead-INT-C0501,c01,15,0.194805,0.182927,0.104167
6,7,INT-C0604,INT-C0704,dead-INT-C0501,dead-INT-C0704,7,0.090909,0.085366,0.046053
6,7,INT-C0604,INT-C0705,dead-INT-C0501,dead-INT-C0705,7,0.090909,0.107692,0.051852
6,7,INT-C0604,INT-C0707,dead-INT-C0501,dead-INT-C0707,1,0.012987,0.018868,0.007752
6,7,INT-C0604,INT-C0708,dead-INT-C0501,dead-INT-C0012,18,0.233766,0.360000,0.165138
6,7,INT-C0604,INT-C0709,dead-INT-C0501,dead-INT-C0507,1,0.012987,0.020833,0.008065
6,7,INT-C0604,INT-C0711,dead-INT-C0501,c09,1,0.012987,0.022727,0.008333
6,7,INT-C0604,INT-C0713,dead-INT-C0501,c14,1,0.012987,0.050000,0.010417
6,7,INT-C0605,INT-C0701,c03,c03,47,0.691176,0.474747,0.391667
6,7,INT-C0605,INT-C0702,c03,c08,1,0.014706,0.011765,0.006579
6,7,INT-C0605,INT-C0704,c03,dead-INT-C0704,6,0.088235,0.073171,0.041667
6,7,INT-C0605,INT-C0705,c03,dead-INT-C0705,1,0.014706,0.015385,0.007576
6,7,INT-C0605,INT-C0709,c03,dead-INT-C0507,1,0.014706,0.020833,0.008696
6,7,INT-C0605,INT-C0710,c03,c06,3,0.044118,0.065217,0.027027
6,7,INT-C0606,INT-C0701,c01,c03,1,0.015385,0.010101,0.006135
6,7,INT-C0606,INT-C0703,c01,c01,48,0.738462,0.585366,0.484848
6,7,INT-C0606,INT-C0704,c01,dead-INT-C0704,5,0.076923,0.060976,0.035211
6,7,INT-C0606,INT-C0705,c01,dead-INT-C0705,4,0.061538,0.061538,0.031746
6,7,INT-C0606,INT-C0706,c01,c05,1,0.015385,0.016667,0.008065
6,7,INT-C0606,INT-C0707,c01,dead-INT-C0707,1,0.015385,0.018868,0.008547
6,7,INT-C0606,INT-C0708,c01,dead-INT-C0012,1,0.015385,0.020000,0.008772
6,7,INT-C0606,INT-C0713,c01,c14,1,0.015385,0.050000,0.011905
6,7,INT-C0607,INT-C0701,dead-INT-C0607,c03,5,0.092593,0.050505,0.033784
6,7,INT-C0607,INT-C0703,dead-INT-C0607,c01,1,0.018519,0.012195,0.007407
6,7,INT-C0607,INT-C0704,dead-INT-C0607,dead-INT-C0704,18,0.333333,0.219512,0.152542
6,7,INT-C0607,INT-C0705,dead-INT-C0607,dead-INT-C0705,4,0.074074,0.061538,0.034783
6,7,INT-C0607,INT-C0707,dead-INT-C0607,dead-INT-C0707,19,0.351852,0.358491,0.215909
6,7,INT-C0607,INT-C0711,dead-INT-C0607,c09,1,0.018519,0.022727,0.010309
6,7,INT-C0607,INT-C0713,dead-INT-C0607,c14,3,0.055556,0.150000,0.042254
6,7,INT-C0608,INT-C0706,c05,c05,49,0.960784,0.816667,0.790323
6,7,INT-C0608,INT-C0709,c05,dead-INT-C0507,1,0.019608,0.020833,0.010204
6,7,INT-C0609,INT-C0704,c06,dead-INT-C0704,3,0.069767,0.036585,0.024590
6,7,INT-C0609,INT-C0706,c06,c05,1,0.023256,0.016667,0.009804
6,7,INT-C0609,INT-C0710,c06,c06,38,0.883721,0.826087,0.745098
6,7,INT-C0610,INT-C0702,dead-INT-C0311,c08,1,0.035714,0.011765,0.008929
6,7,INT-C0610,INT-C0706,dead-INT-C0311,c05,2,0.071429,0.033333,0.023256
6,7,INT-C0610,INT-C0712,dead-INT-C0311,dead-INT-C0311,23,0.821429,0.958333,0.793103
6,7,INT-C0611,INT-C0707,dead-INT-C0012,dead-INT-C0707,1,0.035714,0.018868,0.012500
6,7,INT-C0611,INT-C0708,dead-INT-C0012,dead-INT-C0012,25,0.892857,0.500000,0.471698
6,7,INT-C0611,INT-C0709,dead-INT-C0012,dead-INT-C0507,1,0.035714,0.020833,0.013333
6,7,INT-C0611,INT-C0710,dead-INT-C0012,c06,1,0.035714,0.021739,0.013699
6,7,INT-C0612,INT-C0702,dead-INT-C0414,c08,1,0.043478,0.011765,0.009346
6,7,INT-C0612,INT-C0704,dead-INT-C0414,dead-INT-C0704,21,0.913043,0.256098,0.250000
6,7,INT-C0613,INT-C0701,dead-INT-C0513,c03,16,0.761905,0.161616,0.153846
6,7,INT-C0613,INT-C0710,dead-INT-C0513,c06,1,0.047619,0.021739,0.015152
6,7,INT-C0614,INT-C0707,dead-INT-C0614,dead-INT-C0707,1,0.111111,0.018868,0.016393
6,7,INT-C0614,INT-C0713,dead-INT-C0614,c14,7,0.777778,0.350000,0.318182
6,7,INT-C0615,INT-C0714,dead-INT-C0516,dead-INT-C0516,4,0.800000,0.666667,0.571429
7,8,INT-C0701,INT-C0801,c03,c01,3,0.030303,0.024194,0.013636
7,8,INT-C0701,INT-C0802,c03,dead-INT-C0802,16,0.161616,0.152381,0.085106
7,8,INT-C0701,INT-C0803,c03,c02,1,0.010101,0.010417,0.005155
7,8,INT-C0701,INT-C0804,c03,c03,66,0.666667,0.694737,0.515625
7,8,INT-C0701,INT-C0805,c03,c05,2,0.020202,0.021277,0.010471
7,8,INT-C0701,INT-C0806,c03,c08,2,0.020202,0.022222,0.010695
7,8,INT-C0701,INT-C0808,c03,c06,1,0.010101,0.022222,0.006993
7,8,INT-C0701,INT-C0809,c03,c09,1,0.010101,0.025641,0.007299
7,8,INT-C0701,INT-C0811,c03,c14,1,0.010101,0.071429,0.008929
7,8,INT-C0702,INT-C0801,c08,c01,1,0.011765,0.008065,0.004808
7,8,INT-C0702,INT-C0802,c08,dead-INT-C0802,2,0.023529,0.019048,0.010638
7,8,INT-C0702,INT-C0804,c08,c03,1,0.011765,0.010526,0.005587
7,8,INT-C0702,INT-C0805,c08,c05,1,0.011765,0.010638,0.005618
7,8,INT-C0702,INT-C0806,c08,c08,68,0.800000,0.755556,0.635514
7,8,INT-C0702,INT-C0807,c08,dead-INT-C0012,2,0.023529,0.039216,0.014925
7,8,INT-C0702,INT-C0808,c08,c06,1,0.011765,0.022222,0.007752
7,8,INT-C0703,INT-C0801,c01,c01,71,0.865854,0.572581,0.525926
7,8,INT-C0703,INT-C0802,c01,dead-INT-C0802,1,0.012195,0.009524,0.005376
7,8,INT-C0703,INT-C0806,c01,c08,3,0.036585,0.033333,0.017751
7,8,INT-C0704,INT-C0801,dead-INT-C0704,c01,2,0.024390,0.016129,0.009804
7,8,INT-C0704,INT-C0802,dead-INT-C0704,dead-INT-C0802,40,0.487805,0.380952,0.272109
7,8,INT-C0704,INT-C0804,dead-INT-C0704,c03,3,0.036585,0.031579,0.017241
7,8,INT-C0704,INT-C0805,dead-INT-C0704,c05,2,0.024390,0.021277,0.011494
7,8,INT-C0704,INT-C0806,dead-INT-C0704,c08,3,0.036585,0.033333,0.017751
7,8,INT-C0704,INT-C0810,dead-INT-C0704,c12,21,0.256098,0.875000,0.247059
7,8,INT-C0705,INT-C0801,dead-INT-C0705,c01,28,0.430769,0.225806,0.173913
7,8,INT-C0705,INT-C0802,dead-INT-C0705,dead-INT-C0802,9,0.138462,0.085714,0.055901
7,8,INT-C0705,INT-C0803,dead-INT-C0705,c02,9,0.138462,0.093750,0.059211
7,8,INT-C0705,INT-C0807,dead-INT-C0705,dead-INT-C0012,2,0.030769,0.039216,0.017544
7,8,INT-C0705,INT-C0808,dead-INT-C0705,c06,3,0.046154,0.066667,0.028037
7,8,INT-C0705,INT-C0809,dead-INT-C0705,c09,1,0.015385,0.025641,0.009709
7,8,INT-C0705,INT-C0810,dead-INT-C0705,c12,1,0.015385,0.041667,0.011364
7,8,INT-C0706,INT-C0801,c05,c01,1,0.016667,0.008065,0.005464
7,8,INT-C0706,INT-C0803,c05,c02,3,0.050000,0.031250,0.019608
7,8,INT-C0706,INT-C0805,c05,c05,53,0.883333,0.563830,0.524752
7,8,INT-C0707,INT-C0801,dead-INT-C0707,c01,1,0.018868,0.008065,0.005682
7,8,INT-C0707,INT-C0802,dead-INT-C0707,dead-INT-C0802,19,0.358491,0.180952,0.136691
7,8,INT-C0707,INT-C0803,dead-INT-C0707,c02,27,0.509434,0.281250,0.221311
7,8,INT-C0707,INT-C0804,dead-INT-C0707,c03,2,0.037736,0.021053,0.013699
7,8,INT-C0707,INT-C0806,dead-INT-C0707,c08,1,0.018868,0.011111,0.007042
7,8,INT-C0707,INT-C0808,dead-INT-C0707,c06,1,0.018868,0.022222,0.010309
7,8,INT-C0708,INT-C0801,dead-INT-C0012,c01,1,0.020000,0.008065,0.005780
7,8,INT-C0708,INT-C0807,dead-INT-C0012,dead-INT-C0012,47,0.940000,0.921569,0.870370
7,8,INT-C0709,INT-C0802,dead-INT-C0507,dead-INT-C0802,3,0.062500,0.028571,0.020000
7,8,INT-C0709,INT-C0803,dead-INT-C0507,c02,37,0.770833,0.385417,0.345794
7,8,INT-C0709,INT-C0804,dead-INT-C0507,c03,2,0.041667,0.021053,0.014184
7,8,INT-C0709,INT-C0805,dead-INT-C0507,c05,1,0.020833,0.010638,0.007092
7,8,INT-C0709,INT-C0808,dead-INT-C0507,c06,1,0.020833,0.022222,0.010870
7,8,INT-C0709,INT-C0809,dead-INT-C0507,c09,1,0.020833,0.025641,0.011628
7,8,INT-C0710,INT-C0801,c06,c01,2,0.043478,0.016129,0.011905
7,8,INT-C0710,INT-C0802,c06,dead-INT-C0802,2,0.043478,0.019048,0.013423
7,8,INT-C0710,INT-C0804,c06,c03,3,0.065217,0.031579,0.021739
7,8,INT-C0710,INT-C0806,c06,c08,1,0.021739,0.011111,0.007407
7,8,INT-C0710,INT-C0808,c06,c06,36,0.782609,0.800000,0.654545
7,8,INT-C0711,INT-C0801,c09,c01,2,0.045455,0.016129,0.012048
7,8,INT-C0711,INT-C0803,c09,c02,1,0.022727,0.010417,0.007194
7,8,INT-C0711,INT-C0804,c09,c03,3,0.068182,0.031579,0.022059
7,8,INT-C0711,INT-C0805,c09,c05,3,0.068182,0.031915,0.022222
7,8,INT-C0711,INT-C0809,c09,c09,31,0.704545,0.794872,0.596154
7,8,INT-C0712,INT-C0805,dead-INT-C0311,c05,24,1.000000,0.255319,0.255319
7,8,INT-C0713,INT-C0801,c14,c01,1,0.050000,0.008065,0.006993
7,8,INT-C0713,INT-C0802,c14,dead-INT-C0802,1,0.050000,0.009524,0.008065
7,8,INT-C0713,INT-C0804,c14,c03,1,0.050000,0.010526,0.008772
7,8,INT-C0713,INT-C0806,c14,c08,1,0.050000,0.011111,0.009174
7,8,INT-C0713,INT-C0811,c14,c14,13,0.650000,0.928571,0.619048
7,8,INT-C0714,INT-C0803,dead-INT-C0516,c02,5,0.833333,0.052083,0.051546
8,9,INT-C0801,INT-C0901,c01,c08,2,0.016129,0.019231,0.008850
8,9,INT-C0801,INT-C0902,c01,dead-INT-C0802,2,0.016129,0.022222,0.009434
8,9,INT-C0801,INT-C0903,c01,c02,2,0.016129,0.023256,0.009615
8,9,INT-C0801,INT-C0904,c01,c05,2,0.016129,0.025000,0.009901
8,9,INT-C0801,INT-C0906,c01,c07,44,0.354839,0.619718,0.291391
8,9,INT-C0801,INT-C0907,c01,c01,60,0.483871,0.857143,0.447761
8,9,INT-C0801,INT-C0910,c01,dead-INT-C0012,3,0.024194,0.100000,0.019868
8,9,INT-C0801,INT-C0911,c01,dead-INT-C0911,1,0.008065,0.035714,0.006623
8,9,INT-C0802,INT-C0901,dead-INT-C0802,c08,4,0.038095,0.038462,0.019512
8,9,INT-C0802,INT-C0902,dead-INT-C0802,dead-INT-C0802,69,0.657143,0.766667,0.547619
8,9,INT-C0802,INT-C0903,dead-INT-C0802,c02,1,0.009524,0.011628,0.005263
8,9,INT-C0802,INT-C0904,dead-INT-C0802,c05,5,0.047619,0.062500,0.027778
8,9,INT-C0802,INT-C0906,dead-INT-C0802,c07,3,0.028571,0.042254,0.017341
8,9,INT-C0802,INT-C0907,dead-INT-C0802,c01,1,0.009524,0.014286,0.005747
8,9,INT-C0802,INT-C0908,dead-INT-C0802,c06,3,0.028571,0.068182,0.020548
8,9,INT-C0802,INT-C0911,dead-INT-C0802,dead-INT-C0911,5,0.047619,0.178571,0.039062
8,9,INT-C0802,INT-C0913,dead-INT-C0802,c12,1,0.009524,0.041667,0.007812
8,9,INT-C0802,INT-C0915,dead-INT-C0802,c14,2,0.019048,0.111111,0.016529
8,9,INT-C0803,INT-C0901,c02,c08,1,0.010417,0.009615,0.005025
8,9,INT-C0803,INT-C0903,c02,c02,73,0.760417,0.848837,0.669725
8,9,INT-C0803,INT-C0904,c02,c05,1,0.010417,0.012500,0.005714
8,9,INT-C0803,INT-C0906,c02,c07,7,0.072917,0.098592,0.043750
8,9,INT-C0803,INT-C0911,c02,dead-INT-C0911,1,0.010417,0.035714,0.008130
8,9,INT-C0803,INT-C0916,c02,dead-INT-C0916,4,0.041667,1.000000,0.041667
8,9,INT-C0804,INT-C0901,c03,c08,1,0.010526,0.009615,0.005051
8,9,INT-C0804,INT-C0902,c03,dead-INT-C0802,4,0.042105,0.044444,0.022099
8,9,INT-C0804,INT-C0904,c03,c05,2,0.021053,0.025000,0.011561
8,9,INT-C0804,INT-C0905,c03,c03,62,0.652632,0.861111,0.590476
8,9,INT-C0804,INT-C0908,c03,c06,1,0.010526,0.022727,0.007246
8,9,INT-C0804,INT-C0911,c03,dead-INT-C0911,16,0.168421,0.571429,0.149533
8,9,INT-C0804,INT-C0915,c03,c14,1,0.010526,0.055556,0.008929
8,9,INT-C0805,INT-C0901,c05,c08,1,0.010638,0.009615,0.005076
8,9,INT-C0805,INT-C0902,c05,dead-INT-C0802,3,0.031915,0.033333,0.016575
8,9,INT-C0805,INT-C0903,c05,c02,1,0.010638,0.011628,0.005587
8,9,INT-C0805,INT-C0904,c05,c05,60,0.638298,0.750000,0.526316
8,9,INT-C0805,INT-C0905,c05,c03,2,0.021277,0.027778,0.012195
8,9,INT-C0805,INT-C0906,c05,c07,1,0.010638,0.014085,0.006098
8,9,INT-C0805,INT-C0912,c05,c10,23,0.244681,0.920000,0.239583
8,9,INT-C0805,INT-C0915,c05,c14,1,0.010638,0.055556,0.009009
8,9,INT-C0806,INT-C0901,c08,c08,74,0.822222,0.711538,0.616667
8,9,INT-C0806,INT-C0902,c08,dead-INT-C0802,2,0.022222,0.022222,0.011236
8,9,INT-C0806,INT-C0904,c08,c05,2,0.022222,0.025000,0.011905
8,9,INT-C0806,INT-C0906,c08,c07,1,0.011111,0.014085,0.006250
8,9,INT-C0806,INT-C0907,c08,c01,4,0.044444,0.057143,0.025641
8,9,INT-C0806,INT-C0908,c08,c06,1,0.011111,0.022727,0.007519
8,9,INT-C0806,INT-C0913,c08,c12,1,0.011111,0.041667,0.008850
8,9,INT-C0807,INT-C0901,dead-INT-C0012,c08,1,0.019608,0.009615,0.006494
8,9,INT-C0807,INT-C0904,dead-INT-C0012,c05,1,0.019608,0.012500,0.007692
8,9,INT-C0807,INT-C0910,dead-INT-C0012,dead-INT-C0012,25,0.490196,0.833333,0.446429
8,9,INT-C0807,INT-C0914,dead-INT-C0012,c15,21,0.411765,1.000000,0.411765
8,9,INT-C0808,INT-C0902,c06,dead-INT-C0802,1,0.022222,0.011111,0.007463
8,9,INT-C0808,INT-C0903,c06,c02,2,0.044444,0.023256,0.015504
8,9,INT-C0808,INT-C0905,c06,c03,1,0.022222,0.013889,0.008621
8,9,INT-C0808,INT-C0908,c06,c06,37,0.822222,0.840909,0.711538
8,9,INT-C0808,INT-C0909,c06,c09,1,0.022222,0.030303,0.012987
8,9,INT-C0808,INT-C0911,c06,dead-INT-C0911,1,0.022222,0.035714,0.013889
8,9,INT-C0809,INT-C0902,c09,dead-INT-C0802,1,0.025641,0.011111,0.007812
8,9,INT-C0809,INT-C0903,c09,c02,1,0.025641,0.011628,0.008065
8,9,INT-C0809,INT-C0905,c09,c03,1,0.025641,0.013889,0.009091
8,9,INT-C0809,INT-C0906,c09,c07,2,0.051282,0.028169,0.018519
8,9,INT-C0809,INT-C0907,c09,c01,1,0.025641,0.014286,0.009259
8,9,INT-C0809,INT-C0909,c09,c09,31,0.794872,0.939394,0.756098
8,9,INT-C0809,INT-C0911,c09,dead-INT-C0911,1,0.025641,0.035714,0.015152
8,9,INT-C0809,INT-C0915,c09,c14,1,0.025641,0.055556,0.017857
8,9,INT-C0810,INT-C0901,c12,c08,2,0.083333,0.019231,0.015873
8,9,INT-C0810,INT-C0906,c12,c07,1,0.041667,0.014085,0.010638
8,9,INT-C0810,INT-C0911,c12,dead-INT-C0911,1,0.041667,0.035714,0.019608
8,9,INT-C0810,INT-C0913,c12,c12,20,0.833333,0.833333,0.714286
8,9,INT-C0811,INT-C0902,c14,dead-INT-C0802,1,0.071429,0.011111,0.009709
8,9,INT-C0811,INT-C0904,c14,c05,1,0.071429,0.012500,0.010753
8,9,INT-C0811,INT-C0915,c14,c14,12,0.857143,0.666667,0.600000
9,10,INT-C0901,INT-C1001,c08,c01,5,0.048077,0.038462,0.021834
9,10,INT-C0901,INT-C1002,c08,c02,3,0.028846,0.032258,0.015464
9,10,INT-C0901,INT-C1004,c08,c04,31,0.298077,0.462687,0.221429
9,10,INT-C0901,INT-C1007,c08,c07,1,0.009615,0.019231,0.006452
9,10,INT-C0901,INT-C1008,c08,c08,45,0.432692,0.900000,0.412844
9,10,INT-C0901,INT-C1012,c08,c12,2,0.019231,0.090909,0.016129
9,10,INT-C0902,INT-C1001,dead-INT-C0802,c01,39,0.433333,0.300000,0.215470
9,10,INT-C0902,INT-C1002,dead-INT-C0802,c02,11,0.122222,0.118280,0.063953
9,10,INT-C0902,INT-C1003,dead-INT-C0802,c03,3,0.033333,0.038961,0.018293
9,10,INT-C0902,INT-C1006,dead-INT-C0802,c06,2,0.022222,0.033898,0.013605
9,10,INT-C0902,INT-C1007,dead-INT-C0802,c07,3,0.033333,0.057692,0.021583
9,10,INT-C0902,INT-C1011,dead-INT-C0802,c11,20,0.222222,0.833333,0.212766
9,10,INT-C0902,INT-C1013,dead-INT-C0802,c13,2,0.022222,0.100000,0.018519
9,10,INT-C0903,INT-C1002,c02,c02,68,0.790698,0.731183,0.612613
9,10,INT-C0903,INT-C1005,c02,c05,1,0.011628,0.015152,0.006623
9,10,INT-C0903,INT-C1006,c02,c06,4,0.046512,0.067797,0.028369
9,10,INT-C0903,INT-C1007,c02,c07,1,0.011628,0.019231,0.007299
9,10,INT-C0903,INT-C1010,c02,c10,2,0.023256,0.074074,0.018018
9,10,INT-C0903,INT-C1013,c02,c13,1,0.011628,0.050000,0.009524
9,10,INT-C0904,INT-C1001,c05,c01,12,0.150000,0.092308,0.060606
9,10,INT-C0904,INT-C1002,c05,c02,1,0.012500,0.010753,0.005814
9,10,INT-C0904,INT-C1003,c05,c03,4,0.050000,0.051948,0.026144
9,10,INT-C0904,INT-C1005,c05,c05,56,0.700000,0.848485,0.622222
9,10,INT-C0904,INT-C1007,c05,c07,1,0.012500,0.019231,0.007634
9,10,INT-C0904,INT-C1010,c05,c10,2,0.025000,0.074074,0.019048
9,10,INT-C0904,INT-C1011,c05,c11,1,0.012500,0.041667,0.009709
9,10,INT-C0904,INT-C1014,c05,c14,1,0.012500,0.052632,0.010204
9,10,INT-C0905,INT-C1001,c03,c01,3,0.041667,0.023077,0.015075
9,10,INT-C0905,INT-C1003,c03,c03,43,0.597222,0.558442,0.405660
9,10,INT-C0905,INT-C1005,c03,c05,4,0.055556,0.060606,0.029851
9,10,INT-C0905,INT-C1006,c03,c06,11,0.152778,0.186441,0.091667
9,10,INT-C0905,INT-C1008,c03,c08,1,0.013889,0.020000,0.008264
9,10,INT-C0905,INT-C1013,c03,c13,3,0.041667,0.150000,0.033708
9,10,INT-C0906,INT-C1001,c07,c01,1,0.014085,0.007692,0.005000
9,10,INT-C0906,INT-C1002,c07,c02,1,0.014085,0.010753,0.006135
9,10,INT-C0906,INT-C1003,c07,c03,3,0.042254,0.038961,0.020690
9,10,INT-C0906,INT-C1007,c07,c07,42,0.591549,0.807692,0.518519
9,10,INT-C0906,INT-C1010,c07,c10,1,0.014085,0.037037,0.010309
9,10,INT-C0906,INT-C1011,c07,c11,1,0.014085,0.041667,0.010638
9,10,INT-C0906,INT-C1012,c07,c12,1,0.014085,0.045455,0.010870
9,10,INT-C0906,INT-C1013,c07,c13,6,0.084507,0.300000,0.070588
9,10,INT-C0907,INT-C1001,c01,c01,56,0.800000,0.430769,0.388889
9,10,INT-C0907,INT-C1004,c01,c04,3,0.042857,0.044776,0.022388
9,10,INT-C0907,INT-C1013,c01,c13,5,0.071429,0.250000,0.058824
9,10,INT-C0908,INT-C1001,c06,c01,2,0.045455,0.015385,0.011628
9,10,INT-C0908,INT-C1002,c06,c02,1,0.022727,0.010753,0.007353
9,10,INT-C0908,INT-C1003,c06,c03,1,0.022727,0.012987,0.008333
9,10,INT-C0908,INT-C1006,c06,c06,38,0.863636,0.644068,0.584615
9,10,INT-C0908,INT-C1007,c06,c07,1,0.022727,0.019231,0.010526
9,10,INT-C0909,INT-C1003,c09,c03,1,0.030303,0.012987,0.009174
9,10,INT-C0909,INT-C1006,c09,c06,1,0.030303,0.016949,0.010989
9,10,INT-C0909,INT-C1007,c09,c07,1,0.030303,0.019231,0.011905
9,10,INT-C0909,INT-C1009,c09,c09,26,0.787879,0.962963,0.764706
9,10,INT-C0909,INT-C1013,c09,c13,1,0.030303,0.050000,0.019231
9,10,INT-C0910,INT-C1001,dead-INT-C0012,c01,1,0.033333,0.007692,0.006289
9,10,INT-C0910,INT-C1004,dead-INT-C0012,c04,27,0.900000,0.402985,0.385714
9,10,INT-C0911,INT-C1001,dead-INT-C0911,c01,7,0.250000,0.053846,0.046358
9,10,INT-C0911,INT-C1003,dead-INT-C0911,c03,12,0.428571,0.155844,0.129032
9,10,INT-C0911,INT-C1004,dead-INT-C0911,c04,4,0.142857,0.059701,0.043956
9,10,INT-C0911,INT-C1011,dead-INT-C0911,c11,1,0.035714,0.041667,0.019608
9,10,INT-C0912,INT-C1002,c10,c02,1,0.040000,0.010753,0.008547
9,10,INT-C0912,INT-C1010,c10,c10,22,0.880000,0.814815,0.733333
9,10,INT-C0912,INT-C1011,c10,c11,1,0.040000,0.041667,0.020833
9,10,INT-C0913,INT-C1008,c12,c08,1,0.041667,0.020000,0.013699
9,10,INT-C0913,INT-C1012,c12,c12,19,0.791667,0.863636,0.703704
9,10,INT-C0914,INT-C1001,c15,c01,1,0.047619,0.007692,0.006667
9,10,INT-C0914,INT-C1003,c15,c03,2,0.095238,0.025974,0.020833
9,10,INT-C0914,INT-C1004,c15,c04,1,0.047619,0.014925,0.011494
9,10,INT-C0914,INT-C1005,c15,c05,1,0.047619,0.015152,0.011628
9,10,INT-C0914,INT-C1015,c15,c15,14,0.666667,1.000000,0.666667
9,10,INT-C0915,INT-C1002,c14,c02,2,0.111111,0.021505,0.018349
9,10,INT-C0915,INT-C1014,c14,c14,16,0.888889,0.842105,0.761905
