approach,snapshot_index,local_id,observation_id,decision,from_snapshot,from_local_id,from_observation_id,overlap_size,jaccard,prospective_stability,retrospective_stability,candidate_parent_local_ids,candidate_parent_observation_ids
interval,1,0,INT-C0101,inherited,0,0,INT-C0001,65,0.515873,0.590909,0.802469,0;7;4;1;6;2,INT-C0001;INT-C0008;INT-C0005;INT-C0002;INT-C0007;INT-C0003
interval,1,1,INT-C0102,new,,,,,,,,4;1;2;9;0;6;5;7;8,INT-C0005;INT-C0002;INT-C0003;INT-C0010;INT-C0001;INT-C0007;INT-C0006;INT-C0008;INT-C0009
interval,1,2,INT-C0103,inherited,0,1,INT-C0002,64,0.609524,0.640000,0.927536,1;9;0,INT-C0002;INT-C0010;INT-C0001
interval,1,3,INT-C0104,inherited,0,2,INT-C0003,44,0.511628,0.721311,0.637681,2;1;14;0;9;6;7;4,INT-C0003;INT-C0002;INT-C0015;INT-C0001;INT-C0010;INT-C0007;INT-C0008;INT-C0005
interval,1,4,INT-C0105,new,,,,,,,,9;12;6;8;7;4;10;2;3;1;0,INT-C0010;INT-C0013;INT-C0007;INT-C0009;INT-C0008;INT-C0005;INT-C0011;INT-C0003;INT-C0004;INT-C0002;INT-C0001
interval,1,5,INT-C0106,inherited,0,5,INT-C0006,46,0.613333,0.807018,0.718750,5;13;8;2;1,INT-C0006;INT-C0014;INT-C0009;INT-C0003;INT-C0002
interval,1,6,INT-C0107,new,,,,,,,,3;4;9;1,INT-C0004;INT-C0005;INT-C0010;INT-C0002
interval,1,7,INT-C0108,inherited,0,7,INT-C0008,27,0.360000,0.540000,0.519231,7;0;1;10;9,INT-C0008;INT-C0001;INT-C0002;INT-C0011;INT-C0010
interval,1,8,INT-C0109,inherited,0,8,INT-C0009,36,0.692308,0.765957,0.878049,8;1;10;9,INT-C0009;INT-C0002;INT-C0011;INT-C0010
interval,1,9,INT-C0110,inherited,0,11,INT-C0012,25,0.625000,0.925926,0.657895,11;6;9;8;0,INT-C0012;INT-C0007;INT-C0010;INT-C0009;INT-C0001
interval,1,10,INT-C0111,inherited,0,6,INT-C0007,27,0.465517,0.540000,0.771429,6;7;9;1,INT-C0007;INT-C0008;INT-C0010;INT-C0002
interval,1,11,INT-C0112,inherited,0,10,INT-C0011,23,0.638889,0.851852,0.718750,10;7;6;4;3,INT-C0011;INT-C0008;INT-C0007;INT-C0005;INT-C0004
interval,1,12,INT-C0113,new,,,,,,,,3;0,INT-C0004;INT-C0001
interval,1,13,INT-C0114,new,,,,,,,,0;4;8,INT-C0001;INT-C0005;INT-C0009
interval,2,0,INT-C0201,inherited,1,1,INT-C0102,53,0.420635,0.670886,0.530000,1;4;3;2;6;13;5;11;10;9;8;7;0,INT-C0102;INT-C0105;INT-C0104;INT-C0103;INT-C0107;INT-C0114;INT-C0106;INT-C0112;INT-C0111;INT-C0110;INT-C0109;INT-C0108;INT-C0101
interval,2,1,INT-C0202,inherited,1,3,INT-C0104,43,0.352459,0.623188,0.447917,3;10;9;1;8;0;2;7;13;5;4,INT-C0104;INT-C0111;INT-C0110;INT-C0102;INT-C0109;INT-C0101;INT-C0103;INT-C0108;INT-C0114;INT-C0106;INT-C0105
interval,2,2,INT-C0203,inherited,1,2,INT-C0103,58,0.591837,0.840580,0.666667,2;7;0;13;10;4;3;1,INT-C0103;INT-C0108;INT-C0101;INT-C0114;INT-C0111;INT-C0105;INT-C0104;INT-C0102
interval,2,3,INT-C0204,inherited,1,0,INT-C0101,61,0.616162,0.753086,0.772152,0;7;13;12;2;3;1,INT-C0101;INT-C0108;INT-C0114;INT-C0113;INT-C0103;INT-C0104;INT-C0102
interval,2,4,INT-C0205,new,,,,,,,,11;7;3;0;13;4;10;5;1,INT-C0112;INT-C0108;INT-C0104;INT-C0101;INT-C0114;INT-C0105;INT-C0111;INT-C0106;INT-C0102
interval,2,5,INT-C0206,inherited,1,5,INT-C0106,49,0.644737,0.765625,0.803279,5;1;13;9;0,INT-C0106;INT-C0102;INT-C0114;INT-C0110;INT-C0101
interval,2,6,INT-C0207,inherited,1,12,INT-C0113,25,0.446429,0.833333,0.490196,12;6;5;10;4,INT-C0113;INT-C0107;INT-C0106;INT-C0111;INT-C0105
interval,2,7,INT-C0208,inherited,1,8,INT-C0109,35,0.686275,0.853659,0.777778,8;11;5;4;2;3;1;0,INT-C0109;INT-C0112;INT-C0106;INT-C0105;INT-C0103;INT-C0104;INT-C0102;INT-C0101
interval,2,8,INT-C0209,inherited,1,6,INT-C0107,26,0.472727,0.481481,0.962963,6;11,INT-C0107;INT-C0112
interval,2,9,INT-C0210,inherited,1,9,INT-C0110,23,0.560976,0.605263,0.884615,9,INT-C0110
interval,2,10,INT-C0211,new,,,,,,,,4;6;2;0,INT-C0105;INT-C0107;INT-C0103;INT-C0101
interval,2,11,INT-C0212,new,,,,,,,,4,INT-C0105
interval,2,12,INT-C0213,new,,,,,,,,10;13;11;1;9;4,INT-C0111;INT-C0114;INT-C0112;INT-C0102;INT-C0110;INT-C0105
interval,2,13,INT-C0214,new,,,,,,,,3,INT-C0104
interval,3,0,INT-C0301,new,,,,,,,,2;0;11;1;10;6;4;7;3,INT-C0203;INT-C0201;INT-C0212;INT-C0202;INT-C0211;INT-C0207;INT-C0205;INT-C0208;INT-C0204
interval,3,1,INT-C0302,inherited,2,4,INT-C0205,44,0.328358,0.578947,0.431373,4;1;2;3;12;0;8;7,INT-C0205;INT-C0202;INT-C0203;INT-C0204;INT-C0213;INT-C0201;INT-C0209;INT-C0208
interval,3,2,INT-C0303,inherited,2,1,INT-C0202,54,0.435484,0.562500,0.658537,1;0;12;7;3,INT-C0202;INT-C0201;INT-C0213;INT-C0208;INT-C0204
interval,3,3,INT-C0304,inherited,2,5,INT-C0206,56,0.736842,0.918033,0.788732,5;10;6;11;9;4;1,INT-C0206;INT-C0211;INT-C0207;INT-C0212;INT-C0210;INT-C0205;INT-C0202
interval,3,4,INT-C0305,inherited,2,3,INT-C0204,36,0.363636,0.455696,0.642857,3;2;1,INT-C0204;INT-C0203;INT-C0202
interval,3,5,INT-C0306,inherited,2,6,INT-C0207,28,0.358974,0.549020,0.509091,6;8;3;0,INT-C0207;INT-C0209;INT-C0204;INT-C0201
interval,3,6,INT-C0307,new,,,,,,,,10;3;4;2;1;0;13;7;6,INT-C0211;INT-C0204;INT-C0205;INT-C0203;INT-C0202;INT-C0201;INT-C0214;INT-C0208;INT-C0207
interval,3,7,INT-C0308,inherited,2,9,INT-C0210,24,0.480000,0.923077,0.500000,9;0;7;5;4;1,INT-C0210;INT-C0201;INT-C0208;INT-C0206;INT-C0205;INT-C0202
interval,3,8,INT-C0309,inherited,2,7,INT-C0208,39,0.722222,0.866667,0.812500,7;3;1;0,INT-C0208;INT-C0204;INT-C0202;INT-C0201
interval,3,9,INT-C0310,new,,,,,,,,4,INT-C0205
interval,3,10,INT-C0311,new,,,,,,,,6;0;8;1,INT-C0207;INT-C0201;INT-C0209;INT-C0202
interval,3,11,INT-C0312,new,,,,,,,,12;5;0,INT-C0213;INT-C0206;INT-C0201
interval,3,12,INT-C0313,new,,,,,,,,12;1,INT-C0213;INT-C0202
interval,3,13,INT-C0314,inherited,2,13,INT-C0214,3,0.500000,0.600000,0.750000,13,INT-C0214
interval,4,0,INT-C0401,new,,,,,,,,1;0;9;2;6;4;3,INT-C0302;INT-C0301;INT-C0310;INT-C0303;INT-C0307;INT-C0305;INT-C0304
interval,4,1,INT-C0402,inherited,3,4,INT-C0305,46,0.386555,0.821429,0.422018,4;6;1;0;8;10,INT-C0305;INT-C0307;INT-C0302;INT-C0301;INT-C0309;INT-C0311
interval,4,2,INT-C0403,inherited,3,3,INT-C0304,64,0.711111,0.901408,0.771084,3;11;0;2,INT-C0304;INT-C0312;INT-C0301;INT-C0303
interval,4,3,INT-C0404,new,,,,,,,,2;1;0;7;4;8,INT-C0303;INT-C0302;INT-C0301;INT-C0308;INT-C0305;INT-C0309
interval,4,4,INT-C0405,new,,,,,,,,0;1;8,INT-C0301;INT-C0302;INT-C0309
interval,4,5,INT-C0406,new,,,,,,,,2;12;0;6;10;8,INT-C0303;INT-C0313;INT-C0301;INT-C0307;INT-C0311;INT-C0309
interval,4,6,INT-C0407,inherited,3,5,INT-C0306,45,0.762712,0.818182,0.918367,5;10;1,INT-C0306;INT-C0311;INT-C0302
interval,4,7,INT-C0408,new,,,,,,,,6;0;1;2,INT-C0307;INT-C0301;INT-C0302;INT-C0303
interval,4,8,INT-C0409,inherited,3,8,INT-C0309,38,0.703704,0.791667,0.863636,8;2;5;0,INT-C0309;INT-C0303;INT-C0306;INT-C0301
interval,4,9,INT-C0410,inherited,3,10,INT-C0311,18,0.382979,0.750000,0.439024,10;1;5;13;6;9;7;4;0,INT-C0311;INT-C0302;INT-C0306;INT-C0314;INT-C0307;INT-C0310;INT-C0308;INT-C0305;INT-C0301
interval,4,10,INT-C0411,inherited,3,7,INT-C0308,23,0.450980,0.479167,0.884615,7;3,INT-C0308;INT-C0304
interval,4,11,INT-C0412,new,,,,,,,,2;0;10;7;5;1,INT-C0303;INT-C0301;INT-C0311;INT-C0308;INT-C0306;INT-C0302
interval,4,12,INT-C0413,new,,,,,,,,7;11,INT-C0308;INT-C0312
interval,4,13,INT-C0414,new,,,,,,,,0;3,INT-C0301;INT-C0304
interval,4,14,INT-C0415,new,,,,,,,,1,INT-C0302
interval,5,0,INT-C0501,new,,,,,,,,0;11;7;3;4;1;8;5;9;2,INT-C0401;INT-C0412;INT-C0408;INT-C0404;INT-C0405;INT-C0402;INT-C0409;INT-C0406;INT-C0410;INT-C0403
interval,5,1,INT-C0502,inherited,4,0,INT-C0401,51,0.375000,0.467890,0.653846,0;1;9;8;7;5;4;2,INT-C0401;INT-C0402;INT-C0410;INT-C0409;INT-C0408;INT-C0406;INT-C0405;INT-C0403
interval,5,2,INT-C0503,inherited,4,2,INT-C0403,61,0.628866,0.734940,0.813333,2;12;13;11;5;0,INT-C0403;INT-C0413;INT-C0414;INT-C0412;INT-C0406;INT-C0401
interval,5,3,INT-C0504,inherited,4,4,INT-C0405,40,0.487805,0.689655,0.625000,4;0;1;9;5,INT-C0405;INT-C0401;INT-C0402;INT-C0410;INT-C0406
interval,5,4,INT-C0505,inherited,4,6,INT-C0407,47,0.723077,0.959184,0.746032,6;3;1;11;9;7;8;4;0,INT-C0407;INT-C0404;INT-C0402;INT-C0412;INT-C0410;INT-C0408;INT-C0409;INT-C0405;INT-C0401
interval,5,5,INT-C0506,new,,,,,,,,1;7;11;0,INT-C0402;INT-C0408;INT-C0412;INT-C0401
interval,5,6,INT-C0507,new,,,,,,,,1;0;3;8;4,INT-C0402;INT-C0401;INT-C0404;INT-C0409;INT-C0405
interval,5,7,INT-C0508,new,,,,,,,,3;5;2;0,INT-C0404;INT-C0406;INT-C0403;INT-C0401
interval,5,8,INT-C0509,inherited,4,8,INT-C0409,31,0.632653,0.704545,0.861111,8;5;11;3;1,INT-C0409;INT-C0406;INT-C0412;INT-C0404;INT-C0402
interval,5,9,INT-C0510,inherited,4,9,INT-C0410,24,0.470588,0.585366,0.705882,9;2;6,INT-C0410;INT-C0403;INT-C0407
interval,5,10,INT-C0511,new,,,,,,,,5;7;0;2;11;3;1,INT-C0406;INT-C0408;INT-C0401;INT-C0403;INT-C0412;INT-C0404;INT-C0402
interval,5,11,INT-C0512,inherited,4,10,INT-C0411,25,0.833333,0.961538,0.862069,10;11;3;0,INT-C0411;INT-C0412;INT-C0404;INT-C0401
interval,5,12,INT-C0513,new,,,,,,,,3;14;5;0;1,INT-C0404;INT-C0415;INT-C0406;INT-C0401;INT-C0402
interval,5,13,INT-C0514,inherited,4,13,INT-C0414,17,0.586207,0.809524,0.680000,13;9;0;2;1,INT-C0414;INT-C0410;INT-C0401;INT-C0403;INT-C0402
interval,5,14,INT-C0515,inherited,4,12,INT-C0413,17,0.708333,0.772727,0.894737,12;7;1,INT-C0413;INT-C0408;INT-C0402
interval,5,15,INT-C0516,new,,,,,,,,9,INT-C0410
interval,6,0,INT-C0601,inherited,5,6,INT-C0507,38,0.380000,0.760000,0.431818,6;5;1;3;0;10;4,INT-C0507;INT-C0506;INT-C0502;INT-C0504;INT-C0501;INT-C0511;INT-C0505
interval,6,1,INT-C0602,inherited,5,2,INT-C0503,66,0.702128,0.880000,0.776471,2;9;11;5;4;0;7,INT-C0503;INT-C0510;INT-C0512;INT-C0506;INT-C0505;INT-C0501;INT-C0508
interval,6,2,INT-C0603,inherited,5,1,INT-C0502,53,0.509615,0.679487,0.670886,1;10;3;0;9;6;13;12;5;4,INT-C0502;INT-C0511;INT-C0504;INT-C0501;INT-C0510;INT-C0507;INT-C0514;INT-C0513;INT-C0506;INT-C0505
interval,6,3,INT-C0604,inherited,5,0,INT-C0501,35,0.280000,0.421687,0.454545,0;14;3;12;7;13;10;11;5;2,INT-C0501;INT-C0515;INT-C0504;INT-C0513;INT-C0508;INT-C0514;INT-C0511;INT-C0512;INT-C0506;INT-C0503
interval,6,4,INT-C0605,inherited,5,7,INT-C0508,37,0.500000,0.860465,0.544118,7;0;12;8;1;10;6;3;13;2,INT-C0508;INT-C0501;INT-C0513;INT-C0509;INT-C0502;INT-C0511;INT-C0507;INT-C0504;INT-C0514;INT-C0503
interval,6,5,INT-C0606,inherited,5,3,INT-C0504,38,0.417582,0.593750,0.584615,3;4;0;6;10;14;12;8;7;5;1,INT-C0504;INT-C0505;INT-C0501;INT-C0507;INT-C0511;INT-C0515;INT-C0513;INT-C0509;INT-C0508;INT-C0506;INT-C0502
interval,6,6,INT-C0607,new,,,,,,,,5;0;10;1;6;4,INT-C0506;INT-C0501;INT-C0511;INT-C0502;INT-C0507;INT-C0505
interval,6,7,INT-C0608,inherited,5,4,INT-C0505,47,0.701493,0.746032,0.921569,4;6,INT-C0505;INT-C0507
interval,6,8,INT-C0609,inherited,5,8,INT-C0509,32,0.680851,0.888889,0.744186,8;0;1;4,INT-C0509;INT-C0501;INT-C0502;INT-C0505
interval,6,9,INT-C0610,inherited,5,9,INT-C0510,25,0.675676,0.735294,0.892857,9;4,INT-C0510;INT-C0505
interval,6,10,INT-C0611,inherited,5,11,INT-C0512,24,0.727273,0.827586,0.857143,11;13;5;0,INT-C0512;INT-C0514;INT-C0506;INT-C0501
interval,6,11,INT-C0612,inherited,5,13,INT-C0514,18,0.600000,0.720000,0.782609,13;9,INT-C0514;INT-C0510
interval,6,12,INT-C0613,inherited,5,12,INT-C0513,18,0.620690,0.692308,0.857143,12;0;10,INT-C0513;INT-C0501;INT-C0511
interval,6,13,INT-C0614,new,,,,,,,,10;5,INT-C0511;INT-C0506
interval,6,14,INT-C0615,inherited,5,15,INT-C0516,3,0.600000,1.000000,0.600000,15,INT-C0516
interval,7,0,INT-C0701,inherited,6,4,INT-C0605,47,0.391667,0.691176,0.474747,4;3;12;6;5;0,INT-C0605;INT-C0604;INT-C0613;INT-C0607;INT-C0606;INT-C0601
interval,7,1,INT-C0702,inherited,6,1,INT-C0602,71,0.717172,0.835294,0.835294,1;2;11;9;4,INT-C0602;INT-C0603;INT-C0612;INT-C0610;INT-C0605
interval,7,2,INT-C0703,inherited,6,5,INT-C0606,48,0.484848,0.738462,0.585366,5;3;0;6;2,INT-C0606;INT-C0604;INT-C0601;INT-C0607;INT-C0603
interval,7,3,INT-C0704,new,,,,,,,,11;6;3;4;5;1;8;0;2,INT-C0612;INT-C0607;INT-C0604;INT-C0605;INT-C0606;INT-C0602;INT-C0609;INT-C0601;INT-C0603
interval,7,4,INT-C0705,new,,,,,,,,2;3;0;6;5;4,INT-C0603;INT-C0604;INT-C0601;INT-C0607;INT-C0606;INT-C0605
interval,7,5,INT-C0706,inherited,6,7,INT-C0608,49,0.790323,0.960784,0.816667,7;9;2;8;5;1;0,INT-C0608;INT-C0610;INT-C0603;INT-C0609;INT-C0606;INT-C0602;INT-C0601
interval,7,6,INT-C0707,new,,,,,,,,0;6;13;10;5;3;2;1,INT-C0601;INT-C0607;INT-C0614;INT-C0611;INT-C0606;INT-C0604;INT-C0603;INT-C0602
interval,7,7,INT-C0708,inherited,6,10,INT-C0611,25,0.471698,0.892857,0.500000,10;3;1;5,INT-C0611;INT-C0604;INT-C0602;INT-C0606
interval,7,8,INT-C0709,inherited,6,0,INT-C0601,38,0.387755,0.431818,0.791667,0;2;10;7;4;3;1,INT-C0601;INT-C0603;INT-C0611;INT-C0608;INT-C0605;INT-C0604;INT-C0602
interval,7,9,INT-C0710,inherited,6,8,INT-C0609,38,0.745098,0.883721,0.826087,8;4;0;12;10,INT-C0609;INT-C0605;INT-C0601;INT-C0613;INT-C0611
interval,7,10,INT-C0711,new,,,,,,,,2;0;6;3,INT-C0603;INT-C0601;INT-C0607;INT-C0604
interval,7,11,INT-C0712,inherited,6,9,INT-C0610,23,0.793103,0.821429,0.958333,9;2,INT-C0610;INT-C0603
interval,7,12,INT-C0713,new,,,,,,,,13;2;6;5;3,INT-C0614;INT-C0603;INT-C0607;INT-C0606;INT-C0604
interval,7,13,INT-C0714,inherited,6,14,INT-C0615,4,0.571429,0.800000,0.666667,14,INT-C0615
interval,8,0,INT-C0801,inherited,7,2,INT-C0703,71,0.525926,0.865854,0.572581,2;4;0;10;9;3;12;7;6;5;1,INT-C0703;INT-C0705;INT-C0701;INT-C0711;INT-C0710;INT-C0704;INT-C0713;INT-C0708;INT-C0707;INT-C0706;INT-C0702
interval,8,1,INT-C0802,new,,,,,,,,3;6;0;4;8;9;1;12;2,INT-C0704;INT-C0707;INT-C0701;INT-C0705;INT-C0709;INT-C0710;INT-C0702;INT-C0713;INT-C0703
interval,8,2,INT-C0803,new,,,,,,,,8;6;4;13;5;10;0,INT-C0709;INT-C0707;INT-C0705;INT-C0714;INT-C0706;INT-C0711;INT-C0701
interval,8,3,INT-C0804,inherited,7,0,INT-C0701,66,0.515625,0.666667,0.694737,0;10;9;3;8;6;12;1,INT-C0701;INT-C0711;INT-C0710;INT-C0704;INT-C0709;INT-C0707;INT-C0713;INT-C0702
interval,8,4,INT-C0805,inherited,7,5,INT-C0706,53,0.524752,0.883333,0.563830,5;11;10;3;0;8;1,INT-C0706;INT-C0712;INT-C0711;INT-C0704;INT-C0701;INT-C0709;INT-C0702
interval,8,5,INT-C0806,inherited,7,1,INT-C0702,68,0.635514,0.800000,0.755556,1;2;3;0;12;9;6,INT-C0702;INT-C0703;INT-C0704;INT-C0701;INT-C0713;INT-C0710;INT-C0707
interval,8,6,INT-C0807,inherited,7,7,INT-C0708,47,0.870370,0.940000,0.921569,7;4;1,INT-C0708;INT-C0705;INT-C0702
interval,8,7,INT-C0808,inherited,7,9,INT-C0710,36,0.654545,0.782609,0.800000,9;4;8;6;1;0,INT-C0710;INT-C0705;INT-C0709;INT-C0707;INT-C0702;INT-C0701
interval,8,8,INT-C0809,inherited,7,10,INT-C0711,31,0.596154,0.704545,0.794872,10;8;4;0,INT-C0711;INT-C0709;INT-C0705;INT-C0701
interval,8,9,INT-C0810,new,,,,,,,,3;4,INT-C0704;INT-C0705
interval,8,10,INT-C0811,inherited,7,12,INT-C0713,13,0.619048,0.650000,0.928571,12;0,INT-C0713;INT-C0701
interval,9,0,INT-C0901,inherited,8,5,INT-C0806,74,0.616667,0.822222,0.711538,5;1;9;0;6;4;3;2,INT-C0806;INT-C0802;INT-C0810;INT-C0801;INT-C0807;INT-C0805;INT-C0804;INT-C0803
interval,9,1,INT-C0902,inherited,8,1,INT-C0802,69,0.547619,0.657143,0.766667,1;3;4;5;0;10;8;7,INT-C0802;INT-C0804;INT-C0805;INT-C0806;INT-C0801;INT-C0811;INT-C0809;INT-C0808
interval,9,2,INT-C0903,inherited,8,2,INT-C0803,73,0.669725,0.760417,0.848837,2;7;0;8;4;1,INT-C0803;INT-C0808;INT-C0801;INT-C0809;INT-C0805;INT-C0802
interval,9,3,INT-C0904,inherited,8,4,INT-C0805,60,0.526316,0.638298,0.750000,4;1;5;3;0;10;6;2,INT-C0805;INT-C0802;INT-C0806;INT-C0804;INT-C0801;INT-C0811;INT-C0807;INT-C0803
interval,9,4,INT-C0905,inherited,8,3,INT-C0804,62,0.590476,0.652632,0.861111,3;4;8;7,INT-C0804;INT-C0805;INT-C0809;INT-C0808
interval,9,5,INT-C0906,new,,,,,,,,0;2;1;8;9;5;4,INT-C0801;INT-C0803;INT-C0802;INT-C0809;INT-C0810;INT-C0806;INT-C0805
interval,9,6,INT-C0907,inherited,8,0,INT-C0801,60,0.447761,0.483871,0.857143,0;5;8;1,INT-C0801;INT-C0806;INT-C0809;INT-C0802
interval,9,7,INT-C0908,inherited,8,7,INT-C0808,37,0.711538,0.822222,0.840909,7;1;5;3,INT-C0808;INT-C0802;INT-C0806;INT-C0804
interval,9,8,INT-C0909,inherited,8,8,INT-C0809,31,0.756098,0.794872,0.939394,8;7,INT-C0809;INT-C0808
interval,9,9,INT-C0910,inherited,8,6,INT-C0807,25,0.446429,0.490196,0.833333,6;0,INT-C0807;INT-C0801
interval,9,10,INT-C0911,new,,,,,,,,3;1;9;8;7;2;0,INT-C0804;INT-C0802;INT-C0810;INT-C0809;INT-C0808;INT-C0803;INT-C0801
interval,9,11,INT-C0912,new,,,,,,,,4,INT-C0805
interval,9,12,INT-C0913,inherited,8,9,INT-C0810,20,0.714286,0.833333,0.833333,9;5;1,INT-C0810;INT-C0806;INT-C0802
interval,9,13,INT-C0914,new,,,,,,,,6,INT-C0807
interval,9,14,INT-C0915,inherited,8,10,INT-C0811,12,0.600000,0.857143,0.666667,10;1;8;4;3,INT-C0811;INT-C0802;INT-C0809;INT-C0805;INT-C0804
interval,9,15,INT-C0916,new,,,,,,,,2,INT-C0803
interval,10,0,INT-C1001,inherited,9,6,INT-C0907,56,0.388889,0.800000,0.430769,6;1;3;10;0;4;7;13;9;5,INT-C0907;INT-C0902;INT-C0904;INT-C0911;INT-C0901;INT-C0905;INT-C0908;INT-C0914;INT-C0910;INT-C0906
interval,10,1,INT-C1002,inherited,9,2,INT-C0903,68,0.612613,0.790698,0.731183,2;1;0;14;11;7;5;3,INT-C0903;INT-C0902;INT-C0901;INT-C0915;INT-C0912;INT-C0908;INT-C0906;INT-C0904
interval,10,2,INT-C1003,inherited,9,4,INT-C0905,43,0.405660,0.597222,0.558442,4;10;3;5;1;13;8;7,INT-C0905;INT-C0911;INT-C0904;INT-C0906;INT-C0902;INT-C0914;INT-C0909;INT-C0908
interval,10,3,INT-C1004,new,,,,,,,,0;9;10;6;13,INT-C0901;INT-C0910;INT-C0911;INT-C0907;INT-C0914
interval,10,4,INT-C1005,inherited,9,3,INT-C0904,56,0.622222,0.700000,0.848485,3;4;13;2,INT-C0904;INT-C0905;INT-C0914;INT-C0903
interval,10,5,INT-C1006,inherited,9,7,INT-C0908,38,0.584615,0.863636,0.644068,7;4;2;1;8,INT-C0908;INT-C0905;INT-C0903;INT-C0902;INT-C0909
interval,10,6,INT-C1007,inherited,9,5,INT-C0906,42,0.518519,0.591549,0.807692,5;1;8;7;3;2;0,INT-C0906;INT-C0902;INT-C0909;INT-C0908;INT-C0904;INT-C0903;INT-C0901
interval,10,7,INT-C1008,inherited,9,0,INT-C0901,45,0.412844,0.432692,0.900000,0;12;4,INT-C0901;INT-C0913;INT-C0905
interval,10,8,INT-C1009,inherited,9,8,INT-C0909,26,0.764706,0.787879,0.962963,8,INT-C0909
interval,10,9,INT-C1010,inherited,9,11,INT-C0912,22,0.733333,0.880000,0.814815,11;3;2;5,INT-C0912;INT-C0904;INT-C0903;INT-C0906
interval,10,10,INT-C1011,new,,,,,,,,1;11;10;5;3,INT-C0902;INT-C0912;INT-C0911;INT-C0906;INT-C0904
interval,10,11,INT-C1012,inherited,9,12,INT-C0913,19,0.703704,0.791667,0.863636,12;0;5,INT-C0913;INT-C0901;INT-C0906
interval,10,12,INT-C1013,new,,,,,,,,5;6;4;1;8;2,INT-C0906;INT-C0907;INT-C0905;INT-C0902;INT-C0909;INT-C0903
interval,10,13,INT-C1014,inherited,9,14,INT-C0915,16,0.761905,0.888889,0.842105,14;3,INT-C0915;INT-C0904
interval,10,14,INT-C1015,inherited,9,13,INT-C0914,14,0.666667,0.666667,1.000000,13,INT-C0914
