approach,method,event_type,post_stage_type,event_group_involvement_count,stage_boundary_count,stage_boundary_rate,internal_event_group_involvement_count,internal_stage_boundary_count,internal_stage_boundary_rate,group_start_event_count,group_end_event_count,post_stage_available_count,post_stage_count,post_stage_likelihood,stage_type_change_rate,event_type_post_stage_cramers_v
cumulative,classic,merge,Erosion,15,10,0.6666666666666666,12,10,0.8333333333333334,2,1,14,3,0.21428571428571427,0.6666666666666666,0.13572417850765925
cumulative,classic,merge,Turnover-Shrinkage,15,10,0.6666666666666666,12,10,0.8333333333333334,2,1,14,1,0.07142857142857142,0.6666666666666666,0.13572417850765925
cumulative,classic,merge,Steady-Stability,15,10,0.6666666666666666,12,10,0.8333333333333334,2,1,14,2,0.14285714285714285,0.6666666666666666,0.13572417850765925
cumulative,classic,merge,Fluid-Stability,15,10,0.6666666666666666,12,10,0.8333333333333334,2,1,14,1,0.07142857142857142,0.6666666666666666,0.13572417850765925
cumulative,classic,merge,Organic-Growth,15,10,0.6666666666666666,12,10,0.8333333333333334,2,1,14,4,0.2857142857142857,0.6666666666666666,0.13572417850765925
cumulative,classic,merge,Dynamic-Growth,15,10,0.6666666666666666,12,10,0.8333333333333334,2,1,14,3,0.21428571428571427,0.6666666666666666,0.13572417850765925
cumulative,classic,split,Erosion,20,9,0.45,11,9,0.8181818181818182,8,1,19,3,0.15789473684210525,0.7272727272727273,0.13572417850765925
cumulative,classic,split,Turnover-Shrinkage,20,9,0.45,11,9,0.8181818181818182,8,1,19,1,0.05263157894736842,0.7272727272727273,0.13572417850765925
cumulative,classic,split,Steady-Stability,20,9,0.45,11,9,0.8181818181818182,8,1,19,3,0.15789473684210525,0.7272727272727273,0.13572417850765925
cumulative,classic,split,Fluid-Stability,20,9,0.45,11,9,0.8181818181818182,8,1,19,2,0.10526315789473684,0.7272727272727273,0.13572417850765925
cumulative,classic,split,Organic-Growth,20,9,0.45,11,9,0.8181818181818182,8,1,19,7,0.3684210526315789,0.7272727272727273,0.13572417850765925
cumulative,classic,split,Dynamic-Growth,20,9,0.45,11,9,0.8181818181818182,8,1,19,3,0.15789473684210525,0.7272727272727273,0.13572417850765925
cumulative,event_based,merge,Erosion,15,12,0.8,12,12,1.0,2,1,14,3,0.21428571428571427,0.75,0.30718219716584994
cumulative,event_based,merge,Turnover-Shrinkage,15,12,0.8,12,12,1.0,2,1,14,1,0.07142857142857142,0.75,0.30718219716584994
cumulative,event_based,merge,Steady-Stability,15,12,0.8,12,12,1.0,2,1,14,0,0.0,0.75,0.30718219716584994
cumulative,event_based,merge,Fluid-Stability,15,12,0.8,12,12,1.0,2,1,14,3,0.21428571428571427,0.75,0.30718219716584994
cumulative,event_based,merge,Organic-Growth,15,12,0.8,12,12,1.0,2,1,14,3,0.21428571428571427,0.75,0.30718219716584994
cumulative,event_based,merge,Dynamic-Growth,15,12,0.8,12,12,1.0,2,1,14,4,0.2857142857142857,0.75,0.30718219716584994
cumulative,event_based,split,Erosion,20,11,0.55,11,11,1.0,8,1,19,3,0.15789473684210525,0.9090909090909091,0.30718219716584994
cumulative,event_based,split,Turnover-Shrinkage,20,11,0.55,11,11,1.0,8,1,19,1,0.05263157894736842,0.9090909090909091,0.30718219716584994
cumulative,event_based,split,Steady-Stability,20,11,0.55,11,11,1.0,8,1,19,2,0.10526315789473684,0.9090909090909091,0.30718219716584994
cumulative,event_based,split,Fluid-Stability,20,11,0.55,11,11,1.0,8,1,19,2,0.10526315789473684,0.9090909090909091,0.30718219716584994
cumulative,event_based,split,Organic-Growth,20,11,0.55,11,11,1.0,8,1,19,7,0.3684210526315789,0.9090909090909091,0.30718219716584994
cumulative,event_based,split,Dynamic-Growth,20,11,0.55,11,11,1.0,8,1,19,4,0.21052631578947367,0.9090909090909091,0.30718219716584994
interval,classic,merge,Erosion,11,4,0.36363636363636365,6,4,0.6666666666666666,2,3,8,0,0.0,0.6666666666666666,0.2719918966379967
interval,classic,merge,Turnover-Shrinkage,11,4,0.36363636363636365,6,4,0.6666666666666666,2,3,8,3,0.375,0.6666666666666666,0.2719918966379967
interval,classic,merge,Steady-Stability,11,4,0.36363636363636365,6,4,0.6666666666666666,2,3,8,0,0.0,0.6666666666666666,0.2719918966379967
interval,classic,merge,Fluid-Stability,11,4,0.36363636363636365,6,4,0.6666666666666666,2,3,8,3,0.375,0.6666666666666666,0.2719918966379967
interval,classic,merge,Organic-Growth,11,4,0.36363636363636365,6,4,0.6666666666666666,2,3,8,0,0.0,0.6666666666666666,0.2719918966379967
interval,classic,merge,Dynamic-Growth,11,4,0.36363636363636365,6,4,0.6666666666666666,2,3,8,2,0.25,0.6666666666666666,0.2719918966379967
interval,classic,split,Erosion,16,2,0.125,5,2,0.4,9,2,14,1,0.07142857142857142,0.4,0.2719918966379967
interval,classic,split,Turnover-Shrinkage,16,2,0.125,5,2,0.4,9,2,14,3,0.21428571428571427,0.4,0.2719918966379967
interval,classic,split,Steady-Stability,16,2,0.125,5,2,0.4,9,2,14,0,0.0,0.4,0.2719918966379967
interval,classic,split,Fluid-Stability,16,2,0.125,5,2,0.4,9,2,14,4,0.2857142857142857,0.4,0.2719918966379967
interval,classic,split,Organic-Growth,16,2,0.125,5,2,0.4,9,2,14,0,0.0,0.4,0.2719918966379967
interval,classic,split,Dynamic-Growth,16,2,0.125,5,2,0.4,9,2,14,6,0.42857142857142855,0.4,0.2719918966379967
interval,event_based,merge,Erosion,11,6,0.5454545454545454,6,6,1.0,2,3,8,0,0.0,0.8333333333333334,0.5028617085831687
interval,event_based,merge,Turnover-Shrinkage,11,6,0.5454545454545454,6,6,1.0,2,3,8,5,0.625,0.8333333333333334,0.5028617085831687
interval,event_based,merge,Steady-Stability,11,6,0.5454545454545454,6,6,1.0,2,3,8,0,0.0,0.8333333333333334,0.5028617085831687
interval,event_based,merge,Fluid-Stability,11,6,0.5454545454545454,6,6,1.0,2,3,8,0,0.0,0.8333333333333334,0.5028617085831687
interval,event_based,merge,Organic-Growth,11,6,0.5454545454545454,6,6,1.0,2,3,8,1,0.125,0.8333333333333334,0.5028617085831687
interval,event_based,merge,Dynamic-Growth,11,6,0.5454545454545454,6,6,1.0,2,3,8,2,0.25,0.8333333333333334,0.5028617085831687
interval,event_based,split,Erosion,16,5,0.3125,5,5,1.0,9,2,14,1,0.07142857142857142,0.8,0.5028617085831687
interval,event_based,split,Turnover-Shrinkage,16,5,0.3125,5,5,1.0,9,2,14,3,0.21428571428571427,0.8,0.5028617085831687
interval,event_based,split,Steady-Stability,16,5,0.3125,5,5,1.0,9,2,14,0,0.0,0.8,0.5028617085831687
interval,event_based,split,Fluid-Stability,16,5,0.3125,5,5,1.0,9,2,14,4,0.2857142857142857,0.8,0.5028617085831687
interval,event_based,split,Organic-Growth,16,5,0.3125,5,5,1.0,9,2,14,1,0.07142857142857142,0.8,0.5028617085831687
interval,event_based,split,Dynamic-Growth,16,5,0.3125,5,5,1.0,9,2,14,5,0.35714285714285715,0.8,0.5028617085831687
overlap,classic,merge,Erosion,21,9,0.42857142857142855,16,9,0.5625,3,2,19,2,0.10526315789473684,0.5625,0.285903590943648
overlap,classic,merge,Turnover-Shrinkage,21,9,0.42857142857142855,16,9,0.5625,3,2,19,3,0.15789473684210525,0.5625,0.285903590943648
overlap,classic,merge,Steady-Stability,21,9,0.42857142857142855,16,9,0.5625,3,2,19,1,0.05263157894736842,0.5625,0.285903590943648
overlap,classic,merge,Fluid-Stability,21,9,0.42857142857142855,16,9,0.5625,3,2,19,5,0.2631578947368421,0.5625,0.285903590943648
overlap,classic,merge,Organic-Growth,21,9,0.42857142857142855,16,9,0.5625,3,2,19,0,0.0,0.5625,0.285903590943648
overlap,classic,merge,Dynamic-Growth,21,9,0.42857142857142855,16,9,0.5625,3,2,19,8,0.42105263157894735,0.5625,0.285903590943648
overlap,classic,split,Erosion,33,11,0.3333333333333333,16,11,0.6875,13,4,29,4,0.13793103448275862,0.6875,0.285903590943648
overlap,classic,split,Turnover-Shrinkage,33,11,0.3333333333333333,16,11,0.6875,13,4,29,6,0.20689655172413793,0.6875,0.285903590943648
overlap,classic,split,Steady-Stability,33,11,0.3333333333333333,16,11,0.6875,13,4,29,3,0.10344827586206896,0.6875,0.285903590943648
overlap,classic,split,Fluid-Stability,33,11,0.3333333333333333,16,11,0.6875,13,4,29,4,0.13793103448275862,0.6875,0.285903590943648
overlap,classic,split,Organic-Growth,33,11,0.3333333333333333,16,11,0.6875,13,4,29,3,0.10344827586206896,0.6875,0.285903590943648
overlap,classic,split,Dynamic-Growth,33,11,0.3333333333333333,16,11,0.6875,13,4,29,9,0.3103448275862069,0.6875,0.285903590943648
overlap,event_based,merge,Erosion,21,16,0.7619047619047619,16,16,1.0,3,2,19,1,0.05263157894736842,0.8125,0.23806758114367377
overlap,event_based,merge,Turnover-Shrinkage,21,16,0.7619047619047619,16,16,1.0,3,2,19,6,0.3157894736842105,0.8125,0.23806758114367377
overlap,event_based,merge,Steady-Stability,21,16,0.7619047619047619,16,16,1.0,3,2,19,0,0.0,0.8125,0.23806758114367377
overlap,event_based,merge,Fluid-Stability,21,16,0.7619047619047619,16,16,1.0,3,2,19,3,0.15789473684210525,0.8125,0.23806758114367377
overlap,event_based,merge,Organic-Growth,21,16,0.7619047619047619,16,16,1.0,3,2,19,2,0.10526315789473684,0.8125,0.23806758114367377
overlap,event_based,merge,Dynamic-Growth,21,16,0.7619047619047619,16,16,1.0,3,2,19,7,0.3684210526315789,0.8125,0.23806758114367377
overlap,event_based,split,Erosion,33,16,0.48484848484848486,16,16,1.0,13,4,29,2,0.06896551724137931,0.6875,0.23806758114367377
overlap,event_based,split,Turnover-Shrinkage,33,16,0.48484848484848486,16,16,1.0,13,4,29,8,0.27586206896551724,0.6875,0.23806758114367377
overlap,event_based,split,Steady-Stability,33,16,0.48484848484848486,16,16,1.0,13,4,29,3,0.10344827586206896,0.6875,0.23806758114367377
overlap,event_based,split,Fluid-Stability,33,16,0.48484848484848486,16,16,1.0,13,4,29,6,0.20689655172413793,0.6875,0.23806758114367377
overlap,event_based,split,Organic-Growth,33,16,0.48484848484848486,16,16,1.0,13,4,29,2,0.06896551724137931,0.6875,0.23806758114367377
overlap,event_based,split,Dynamic-Growth,33,16,0.48484848484848486,16,16,1.0,13,4,29,8,0.27586206896551724,0.6875,0.23806758114367377
