approach,method,stage_type,stage_count,stage_count_share,transition_duration,transition_duration_share,count_duration_index,mean_stage_length_snapshots,mean_group_transition_share,groups_with_stage,group_prevalence
cumulative,classic,Erosion,6,0.13953488372093023,6,0.06,0.09976744186046511,2.0,0.1142857142857143,5,0.35714285714285715
cumulative,classic,Turnover-Shrinkage,3,0.06976744186046512,5,0.05,0.05988372093023256,2.6666666666666665,0.03571428571428571,3,0.21428571428571427
cumulative,classic,Steady-Stability,9,0.20930232558139536,13,0.13,0.1696511627906977,2.4444444444444446,0.16031746031746033,7,0.5
cumulative,classic,Fluid-Stability,6,0.13953488372093023,12,0.12,0.12976744186046513,3.0,0.11746031746031746,3,0.21428571428571427
cumulative,classic,Organic-Growth,13,0.3023255813953488,46,0.46,0.38116279069767445,4.538461538461538,0.4428571428571429,9,0.6428571428571429
cumulative,classic,Dynamic-Growth,6,0.13953488372093023,18,0.18,0.1597674418604651,4.0,0.12936507936507935,4,0.2857142857142857
cumulative,event_based,Erosion,4,0.13333333333333333,4,0.04,0.08666666666666667,2.0,0.09999999999999999,4,0.2857142857142857
cumulative,event_based,Turnover-Shrinkage,3,0.1,12,0.12,0.11,5.0,0.08571428571428573,3,0.21428571428571427
cumulative,event_based,Steady-Stability,2,0.06666666666666667,2,0.02,0.043333333333333335,2.0,0.07857142857142858,2,0.14285714285714285
cumulative,event_based,Fluid-Stability,5,0.16666666666666666,24,0.24,0.2033333333333333,5.8,0.20476190476190476,4,0.2857142857142857
cumulative,event_based,Organic-Growth,9,0.3,41,0.41,0.355,5.555555555555555,0.40793650793650793,7,0.5
cumulative,event_based,Dynamic-Growth,7,0.23333333333333334,17,0.17,0.20166666666666666,3.4285714285714284,0.12301587301587301,4,0.2857142857142857
interval,classic,Erosion,3,0.10344827586206896,3,0.05660377358490566,0.08002602472348731,2.0,0.10092592592592592,3,0.25
interval,classic,Turnover-Shrinkage,6,0.20689655172413793,11,0.20754716981132076,0.20722186076772936,2.8333333333333335,0.2490740740740741,6,0.5
interval,classic,Steady-Stability,0,0.0,0,0.0,0.0,0.0,0.0,0,0.0
interval,classic,Fluid-Stability,8,0.27586206896551724,15,0.2830188679245283,0.2794404684450228,2.875,0.39999999999999997,7,0.5833333333333334
interval,classic,Organic-Growth,1,0.034482758620689655,1,0.018867924528301886,0.02667534157449577,2.0,0.009259259259259259,1,0.08333333333333333
interval,classic,Dynamic-Growth,11,0.3793103448275862,23,0.4339622641509434,0.4066363044892648,3.090909090909091,0.24074074074074078,5,0.4166666666666667
interval,event_based,Erosion,1,0.045454545454545456,1,0.018867924528301886,0.03216123499142367,2.0,0.08333333333333333,1,0.08333333333333333
interval,event_based,Turnover-Shrinkage,8,0.36363636363636365,16,0.3018867924528302,0.33276157804459694,3.0,0.32407407407407407,7,0.5833333333333334
interval,event_based,Steady-Stability,0,0.0,0,0.0,0.0,0.0,0.0,0,0.0
interval,event_based,Fluid-Stability,5,0.22727272727272727,8,0.1509433962264151,0.18910806174957118,2.6,0.30833333333333335,5,0.4166666666666667
interval,event_based,Organic-Growth,1,0.045454545454545456,5,0.09433962264150944,0.06989708404802744,6.0,0.0462962962962963,1,0.08333333333333333
interval,event_based,Dynamic-Growth,7,0.3181818181818182,23,0.4339622641509434,0.3760720411663808,4.285714285714286,0.23796296296296296,5,0.4166666666666667
overlap,classic,Erosion,11,0.19298245614035087,12,0.11009174311926606,0.15153709962980846,2.090909090909091,0.15350877192982454,7,0.5
overlap,classic,Turnover-Shrinkage,9,0.15789473684210525,20,0.1834862385321101,0.17069048768710768,3.2222222222222223,0.2316624895572264,7,0.5
overlap,classic,Steady-Stability,4,0.07017543859649122,4,0.03669724770642202,0.05343634315145662,2.0,0.15037593984962405,3,0.21428571428571427
overlap,classic,Fluid-Stability,8,0.14035087719298245,22,0.2018348623853211,0.17109286978915178,3.75,0.14452798663324978,6,0.42857142857142855
overlap,classic,Organic-Growth,12,0.21052631578947367,25,0.22935779816513763,0.21994205697730565,3.0833333333333335,0.13575605680868838,4,0.2857142857142857
overlap,classic,Dynamic-Growth,13,0.22807017543859648,26,0.23853211009174313,0.2333011427651698,3.0,0.18416875522138682,6,0.42857142857142855
overlap,event_based,Erosion,2,0.05555555555555555,3,0.027522935779816515,0.041539245667686034,2.5,0.07936507936507937,2,0.14285714285714285
overlap,event_based,Turnover-Shrinkage,10,0.2777777777777778,24,0.22018348623853212,0.24898063200815496,3.4,0.33663324979114456,9,0.6428571428571429
overlap,event_based,Steady-Stability,3,0.08333333333333333,3,0.027522935779816515,0.05542813455657492,2.0,0.14661654135338345,3,0.21428571428571427
overlap,event_based,Fluid-Stability,10,0.2777777777777778,49,0.44954128440366975,0.3636595310907238,5.9,0.25969089390142025,7,0.5
overlap,event_based,Organic-Growth,2,0.05555555555555555,12,0.11009174311926606,0.0828236493374108,7.0,0.06746031746031746,2,0.14285714285714285
overlap,event_based,Dynamic-Growth,9,0.25,18,0.1651376146788991,0.20756880733944955,3.0,0.11023391812865498,5,0.35714285714285715
