approach,method,event_id,event_type,identity_group,event_snapshot,is_stage_boundary,pre_event_stage_type,post_event_stage_type,stage_type_changed,post_stage_available,boundary_context
cumulative,classic,CUM-E0016,split,c06,1,False,,Steady-Stability,False,True,group_start
cumulative,event_based,CUM-E0016,split,c06,1,False,,Organic-Growth,False,True,group_start
cumulative,classic,CUM-E0017,split,c01,1,False,,Dynamic-Growth,False,True,group_start
cumulative,event_based,CUM-E0017,split,c01,1,False,,Dynamic-Growth,False,True,group_start
cumulative,classic,CUM-E0018,merge,c01,1,False,,Dynamic-Growth,False,True,group_start
cumulative,event_based,CUM-E0018,merge,c01,1,False,,Dynamic-Growth,False,True,group_start
cumulative,classic,CUM-E0019,merge,c05,1,True,Fluid-Stability,Erosion,True,True,internal
cumulative,event_based,CUM-E0019,merge,c05,1,True,Fluid-Stability,Erosion,True,True,internal
cumulative,classic,CUM-E0020,merge,c03,1,False,Dynamic-Growth,Dynamic-Growth,False,True,internal
cumulative,event_based,CUM-E0020,merge,c03,1,True,Dynamic-Growth,Dynamic-Growth,False,True,internal
cumulative,classic,CUM-E0021,merge,c02,1,True,Organic-Growth,Organic-Growth,False,True,internal
cumulative,event_based,CUM-E0021,merge,c02,1,True,Organic-Growth,Organic-Growth,False,True,internal
cumulative,classic,CUM-E0028,split,c05,2,True,Erosion,Dynamic-Growth,True,True,internal
cumulative,event_based,CUM-E0028,split,c05,2,True,Erosion,Dynamic-Growth,True,True,internal
cumulative,classic,CUM-E0029,split,c03,2,True,Dynamic-Growth,Turnover-Shrinkage,True,True,internal
cumulative,event_based,CUM-E0029,split,c03,2,True,Dynamic-Growth,Turnover-Shrinkage,True,True,internal
cumulative,classic,CUM-E0030,merge,c01,2,True,Dynamic-Growth,Steady-Stability,True,True,internal
cumulative,event_based,CUM-E0030,merge,c01,2,True,Dynamic-Growth,Fluid-Stability,True,True,internal
cumulative,classic,CUM-E0039,split,c03,3,True,Turnover-Shrinkage,Dynamic-Growth,True,True,internal
cumulative,event_based,CUM-E0039,split,c03,3,True,Turnover-Shrinkage,Dynamic-Growth,True,True,internal
cumulative,classic,CUM-E0043,merge,c03,3,True,Turnover-Shrinkage,Dynamic-Growth,True,True,internal
cumulative,event_based,CUM-E0043,merge,c03,3,True,Turnover-Shrinkage,Dynamic-Growth,True,True,internal
cumulative,classic,CUM-E0053,split,c06,4,True,Organic-Growth,Organic-Growth,False,True,internal
cumulative,event_based,CUM-E0053,split,c06,4,True,Organic-Growth,Organic-Growth,False,True,internal
cumulative,classic,CUM-E0053,split,c11,4,False,,Fluid-Stability,False,True,group_start
cumulative,event_based,CUM-E0053,split,c11,4,False,,Fluid-Stability,False,True,group_start
cumulative,classic,CUM-E0055,merge,c05,4,True,Dynamic-Growth,Turnover-Shrinkage,True,True,internal
cumulative,event_based,CUM-E0055,merge,c05,4,True,Dynamic-Growth,Turnover-Shrinkage,True,True,internal
cumulative,classic,CUM-E0056,merge,c03,4,True,Dynamic-Growth,Steady-Stability,True,True,internal
cumulative,event_based,CUM-E0056,merge,c03,4,True,Dynamic-Growth,Fluid-Stability,True,True,internal
cumulative,classic,CUM-E0059,merge,c06,4,True,Organic-Growth,Organic-Growth,False,True,internal
cumulative,event_based,CUM-E0059,merge,c06,4,True,Organic-Growth,Organic-Growth,False,True,internal
cumulative,classic,CUM-E0063,split,c05,5,True,Turnover-Shrinkage,Fluid-Stability,True,True,internal
cumulative,event_based,CUM-E0063,split,c05,5,True,Turnover-Shrinkage,Fluid-Stability,True,True,internal
cumulative,classic,CUM-E0063,split,c07,5,False,,Erosion,False,True,group_start
cumulative,event_based,CUM-E0063,split,c07,5,False,,Erosion,False,True,group_start
cumulative,classic,CUM-E0063,split,c14,5,False,,Organic-Growth,False,True,group_start
cumulative,event_based,CUM-E0063,split,c14,5,False,,Organic-Growth,False,True,group_start
cumulative,classic,CUM-E0067,merge,c05,5,True,Turnover-Shrinkage,Fluid-Stability,True,True,internal
cumulative,event_based,CUM-E0067,merge,c05,5,True,Turnover-Shrinkage,Fluid-Stability,True,True,internal
cumulative,classic,CUM-E0067,merge,c07,5,False,,Erosion,False,True,group_start
cumulative,event_based,CUM-E0067,merge,c07,5,False,,Erosion,False,True,group_start
cumulative,classic,CUM-E0074,split,c07,6,True,Erosion,Organic-Growth,True,True,internal
cumulative,event_based,CUM-E0074,split,c07,6,True,Erosion,Organic-Growth,True,True,internal
cumulative,classic,CUM-E0074,split,c10,6,False,,Organic-Growth,False,True,group_start
cumulative,event_based,CUM-E0074,split,c10,6,False,,Organic-Growth,False,True,group_start
cumulative,classic,CUM-E0099,split,c01,8,True,Fluid-Stability,Organic-Growth,True,True,internal
cumulative,event_based,CUM-E0099,split,c01,8,True,Fluid-Stability,Dynamic-Growth,True,True,internal
cumulative,classic,CUM-E0099,split,c09,8,True,Organic-Growth,Erosion,True,True,internal
cumulative,event_based,CUM-E0099,split,c09,8,True,Organic-Growth,Erosion,True,True,internal
cumulative,classic,CUM-E0107,merge,c01,8,True,Fluid-Stability,Organic-Growth,True,True,internal
cumulative,event_based,CUM-E0107,merge,c01,8,True,Fluid-Stability,Dynamic-Growth,True,True,internal
cumulative,classic,CUM-E0107,merge,c09,8,True,Organic-Growth,Erosion,True,True,internal
cumulative,event_based,CUM-E0107,merge,c09,8,True,Organic-Growth,Erosion,True,True,internal
cumulative,classic,CUM-E0112,split,c01,9,False,Organic-Growth,Organic-Growth,False,True,internal
cumulative,event_based,CUM-E0112,split,c01,9,True,Dynamic-Growth,Organic-Growth,True,True,internal
cumulative,classic,CUM-E0113,split,c01,9,False,Organic-Growth,Organic-Growth,False,True,internal
cumulative,event_based,CUM-E0113,split,c01,9,True,Dynamic-Growth,Organic-Growth,True,True,internal
cumulative,classic,CUM-E0113,split,c13,9,False,,Steady-Stability,False,True,group_start
cumulative,event_based,CUM-E0113,split,c13,9,False,,Steady-Stability,False,True,group_start
cumulative,classic,CUM-E0114,split,c09,9,True,Erosion,Steady-Stability,True,True,internal
cumulative,event_based,CUM-E0114,split,c09,9,True,Erosion,Steady-Stability,True,True,internal
cumulative,classic,CUM-E0114,split,c12,9,False,,Erosion,False,True,group_start
cumulative,event_based,CUM-E0114,split,c12,9,False,,Erosion,False,True,group_start
cumulative,classic,CUM-E0115,merge,c01,9,False,Organic-Growth,Organic-Growth,False,True,internal
cumulative,event_based,CUM-E0115,merge,c01,9,True,Dynamic-Growth,Organic-Growth,True,True,internal
cumulative,classic,CUM-E0126,split,c01,10,False,Organic-Growth,,False,False,group_end
cumulative,event_based,CUM-E0126,split,c01,10,False,Organic-Growth,,False,False,group_end
cumulative,classic,CUM-E0127,merge,c01,10,False,Organic-Growth,,False,False,group_end
cumulative,event_based,CUM-E0127,merge,c01,10,False,Organic-Growth,,False,False,group_end
interval,classic,INT-E0017,split,c05,1,False,,Dynamic-Growth,False,True,group_start
interval,event_based,INT-E0017,split,c05,1,False,,Dynamic-Growth,False,True,group_start
interval,classic,INT-E0022,merge,c08,1,False,Fluid-Stability,Fluid-Stability,False,True,internal
interval,event_based,INT-E0022,merge,c08,1,True,Dynamic-Growth,Dynamic-Growth,False,True,internal
interval,classic,INT-E0043,split,c05,3,False,Dynamic-Growth,Dynamic-Growth,False,True,internal
interval,event_based,INT-E0043,split,c05,3,True,Dynamic-Growth,Organic-Growth,True,True,internal
interval,classic,INT-E0049,merge,c05,3,False,Dynamic-Growth,Dynamic-Growth,False,True,internal
interval,event_based,INT-E0049,merge,c05,3,True,Dynamic-Growth,Organic-Growth,True,True,internal
interval,classic,INT-E0054,split,c01,4,False,,Dynamic-Growth,False,True,group_start
interval,event_based,INT-E0054,split,c01,4,False,,Dynamic-Growth,False,True,group_start
interval,classic,INT-E0061,merge,c08,4,True,Dynamic-Growth,Fluid-Stability,True,True,internal
interval,event_based,INT-E0061,merge,c08,4,True,Dynamic-Growth,Turnover-Shrinkage,True,True,internal
interval,classic,INT-E0069,split,c03,5,False,,Dynamic-Growth,False,True,group_start
interval,event_based,INT-E0069,split,c03,5,False,,Dynamic-Growth,False,True,group_start
interval,classic,INT-E0070,split,c03,5,False,,Dynamic-Growth,False,True,group_start
interval,event_based,INT-E0070,split,c03,5,False,,Dynamic-Growth,False,True,group_start
interval,classic,INT-E0078,merge,c03,5,False,,Dynamic-Growth,False,True,group_start
interval,event_based,INT-E0078,merge,c03,5,False,,Dynamic-Growth,False,True,group_start
interval,classic,INT-E0100,split,c09,7,False,,Turnover-Shrinkage,False,True,group_start
interval,event_based,INT-E0100,split,c09,7,False,,Turnover-Shrinkage,False,True,group_start
interval,classic,INT-E0103,merge,c03,7,True,Dynamic-Growth,Turnover-Shrinkage,True,True,internal
interval,event_based,INT-E0103,merge,c03,7,True,Dynamic-Growth,Turnover-Shrinkage,True,True,internal
interval,classic,INT-E0113,split,c12,8,False,,Fluid-Stability,False,True,group_start
interval,event_based,INT-E0113,split,c12,8,False,,Fluid-Stability,False,True,group_start
interval,classic,INT-E0114,merge,c01,8,True,Dynamic-Growth,Turnover-Shrinkage,True,True,internal
interval,event_based,INT-E0114,merge,c01,8,True,Dynamic-Growth,Turnover-Shrinkage,True,True,internal
interval,classic,INT-E0115,merge,c02,8,False,,Fluid-Stability,False,True,group_start
interval,event_based,INT-E0115,merge,c02,8,False,,Turnover-Shrinkage,False,True,group_start
interval,classic,INT-E0117,merge,c05,8,True,Dynamic-Growth,Turnover-Shrinkage,True,True,internal
interval,event_based,INT-E0117,merge,c05,8,True,Organic-Growth,Turnover-Shrinkage,True,True,internal
interval,classic,INT-E0123,split,c01,9,True,Turnover-Shrinkage,Dynamic-Growth,True,True,internal
interval,event_based,INT-E0123,split,c01,9,True,Turnover-Shrinkage,Dynamic-Growth,True,True,internal
interval,classic,INT-E0123,split,c07,9,False,,Turnover-Shrinkage,False,True,group_start
interval,event_based,INT-E0123,split,c07,9,False,,Turnover-Shrinkage,False,True,group_start
interval,classic,INT-E0124,split,c02,9,False,Fluid-Stability,Fluid-Stability,False,True,internal
interval,event_based,INT-E0124,split,c02,9,True,Turnover-Shrinkage,Fluid-Stability,True,True,internal
interval,classic,INT-E0125,split,c03,9,True,Turnover-Shrinkage,Fluid-Stability,True,True,internal
interval,event_based,INT-E0125,split,c03,9,True,Turnover-Shrinkage,Fluid-Stability,True,True,internal
interval,classic,INT-E0126,split,c05,9,False,Turnover-Shrinkage,Turnover-Shrinkage,False,True,internal
interval,event_based,INT-E0126,split,c05,9,True,Turnover-Shrinkage,Turnover-Shrinkage,False,True,internal
interval,classic,INT-E0126,split,c10,9,False,,Fluid-Stability,False,True,group_start
interval,event_based,INT-E0126,split,c10,9,False,,Fluid-Stability,False,True,group_start
interval,classic,INT-E0127,split,c15,9,False,,Erosion,False,True,group_start
interval,event_based,INT-E0127,split,c15,9,False,,Erosion,False,True,group_start
interval,classic,INT-E0134,split,c08,10,False,Erosion,,False,False,group_end
interval,event_based,INT-E0134,split,c08,10,False,Turnover-Shrinkage,,False,False,group_end
interval,classic,INT-E0135,split,c01,10,False,Dynamic-Growth,,False,False,group_end
interval,event_based,INT-E0135,split,c01,10,False,Dynamic-Growth,,False,False,group_end
interval,classic,INT-E0137,merge,c01,10,False,Dynamic-Growth,,False,False,group_end
interval,event_based,INT-E0137,merge,c01,10,False,Dynamic-Growth,,False,False,group_end
interval,classic,INT-E0139,merge,c03,10,False,Fluid-Stability,,False,False,group_end
interval,event_based,INT-E0139,merge,c03,10,False,Fluid-Stability,,False,False,group_end
interval,classic,INT-E0140,merge,c08,10,False,Erosion,,False,False,group_end
interval,event_based,INT-E0140,merge,c08,10,False,Turnover-Shrinkage,,False,False,group_end
overlap,classic,OVL-E0016,split,c07,1,False,,Fluid-Stability,False,True,group_start
overlap,event_based,OVL-E0016,split,c07,1,False,,Dynamic-Growth,False,True,group_start
overlap,classic,OVL-E0036,merge,c05,2,False,Dynamic-Growth,Dynamic-Growth,False,True,internal
overlap,event_based,OVL-E0036,merge,c05,2,True,Dynamic-Growth,Dynamic-Growth,False,True,internal
overlap,classic,OVL-E0059,split,c07,4,True,Organic-Growth,Fluid-Stability,True,True,internal
overlap,event_based,OVL-E0059,split,c07,4,True,Dynamic-Growth,Fluid-Stability,True,True,internal
overlap,classic,OVL-E0067,merge,c07,4,True,Organic-Growth,Fluid-Stability,True,True,internal
overlap,event_based,OVL-E0067,merge,c07,4,True,Dynamic-Growth,Fluid-Stability,True,True,internal
overlap,classic,OVL-E0074,split,c07,5,False,Fluid-Stability,Fluid-Stability,False,True,internal
overlap,event_based,OVL-E0074,split,c07,5,True,Fluid-Stability,Organic-Growth,True,True,internal
overlap,classic,OVL-E0079,merge,c07,5,False,Fluid-Stability,Fluid-Stability,False,True,internal
overlap,event_based,OVL-E0079,merge,c07,5,True,Fluid-Stability,Organic-Growth,True,True,internal
overlap,classic,OVL-E0082,merge,c07,5,False,Fluid-Stability,Fluid-Stability,False,True,internal
overlap,event_based,OVL-E0082,merge,c07,5,True,Fluid-Stability,Organic-Growth,True,True,internal
overlap,classic,OVL-E0102,merge,c05,7,True,Dynamic-Growth,Fluid-Stability,True,True,internal
overlap,event_based,OVL-E0102,merge,c05,7,True,Dynamic-Growth,Fluid-Stability,True,True,internal
overlap,classic,OVL-E0110,split,c12,8,True,Erosion,Organic-Growth,True,True,internal
overlap,event_based,OVL-E0110,split,c12,8,True,Fluid-Stability,Fluid-Stability,False,True,internal
overlap,classic,OVL-E0138,split,c02,10,False,,Dynamic-Growth,False,True,group_start
overlap,event_based,OVL-E0138,split,c02,10,False,,Dynamic-Growth,False,True,group_start
overlap,classic,OVL-E0141,split,c02,10,False,,Dynamic-Growth,False,True,group_start
overlap,event_based,OVL-E0141,split,c02,10,False,,Dynamic-Growth,False,True,group_start
overlap,classic,OVL-E0147,merge,c02,10,False,,Dynamic-Growth,False,True,group_start
overlap,event_based,OVL-E0147,merge,c02,10,False,,Dynamic-Growth,False,True,group_start
overlap,classic,OVL-E0180,split,c05,13,False,Dynamic-Growth,Dynamic-Growth,False,True,internal
overlap,event_based,OVL-E0180,split,c05,13,True,Fluid-Stability,Fluid-Stability,False,True,internal
overlap,classic,OVL-E0181,merge,c02,13,True,Dynamic-Growth,Fluid-Stability,True,True,internal
overlap,event_based,OVL-E0181,merge,c02,13,True,Dynamic-Growth,Fluid-Stability,True,True,internal
overlap,classic,OVL-E0194,split,c10,14,False,,Turnover-Shrinkage,False,True,group_start
overlap,event_based,OVL-E0194,split,c10,14,False,,Turnover-Shrinkage,False,True,group_start
overlap,classic,OVL-E0195,split,c04,14,False,,Dynamic-Growth,False,True,group_start
overlap,event_based,OVL-E0195,split,c04,14,False,,Dynamic-Growth,False,True,group_start
overlap,classic,OVL-E0196,split,c04,14,False,,Dynamic-Growth,False,True,group_start
overlap,event_based,OVL-E0196,split,c04,14,False,,Dynamic-Growth,False,True,group_start
overlap,classic,OVL-E0197,merge,c02,14,True,Fluid-Stability,Dynamic-Growth,True,True,internal
overlap,event_based,OVL-E0197,merge,c02,14,True,Fluid-Stability,Dynamic-Growth,True,True,internal
overlap,classic,OVL-E0198,merge,c05,14,False,Dynamic-Growth,Dynamic-Growth,False,True,internal
overlap,event_based,OVL-E0198,merge,c05,14,True,Fluid-Stability,Turnover-Shrinkage,True,True,internal
overlap,classic,OVL-E0202,merge,c04,14,False,,Dynamic-Growth,False,True,group_start
overlap,event_based,OVL-E0202,merge,c04,14,False,,Dynamic-Growth,False,True,group_start
overlap,classic,OVL-E0208,split,c02,15,True,Dynamic-Growth,Turnover-Shrinkage,True,True,internal
overlap,event_based,OVL-E0208,split,c02,15,True,Dynamic-Growth,Turnover-Shrinkage,True,True,internal
overlap,classic,OVL-E0208,split,c14,15,False,,Fluid-Stability,False,True,group_start
overlap,event_based,OVL-E0208,split,c14,15,False,,Fluid-Stability,False,True,group_start
overlap,classic,OVL-E0209,split,c02,15,True,Dynamic-Growth,Turnover-Shrinkage,True,True,internal
overlap,event_based,OVL-E0209,split,c02,15,True,Dynamic-Growth,Turnover-Shrinkage,True,True,internal
overlap,classic,OVL-E0209,split,c04,15,False,Dynamic-Growth,Dynamic-Growth,False,True,internal
overlap,event_based,OVL-E0209,split,c04,15,True,Dynamic-Growth,Dynamic-Growth,False,True,internal
overlap,classic,OVL-E0210,split,c04,15,False,Dynamic-Growth,Dynamic-Growth,False,True,internal
overlap,event_based,OVL-E0210,split,c04,15,True,Dynamic-Growth,Dynamic-Growth,False,True,internal
overlap,classic,OVL-E0211,split,c12,15,True,Erosion,Dynamic-Growth,True,True,internal
overlap,event_based,OVL-E0211,split,c12,15,True,Fluid-Stability,Dynamic-Growth,True,True,internal
overlap,classic,OVL-E0212,merge,c02,15,True,Dynamic-Growth,Turnover-Shrinkage,True,True,internal
overlap,event_based,OVL-E0212,merge,c02,15,True,Dynamic-Growth,Turnover-Shrinkage,True,True,internal
overlap,classic,OVL-E0214,merge,c04,15,False,Dynamic-Growth,Dynamic-Growth,False,True,internal
overlap,event_based,OVL-E0214,merge,c04,15,True,Dynamic-Growth,Dynamic-Growth,False,True,internal
overlap,classic,OVL-E0218,merge,c04,15,False,Dynamic-Growth,Dynamic-Growth,False,True,internal
overlap,event_based,OVL-E0218,merge,c04,15,True,Dynamic-Growth,Dynamic-Growth,False,True,internal
overlap,classic,OVL-E0222,split,c01,16,False,,Erosion,False,True,group_start
overlap,event_based,OVL-E0222,split,c01,16,False,,Turnover-Shrinkage,False,True,group_start
overlap,classic,OVL-E0222,split,c02,16,True,Turnover-Shrinkage,Erosion,True,True,internal
overlap,event_based,OVL-E0222,split,c02,16,True,Turnover-Shrinkage,Erosion,True,True,internal
overlap,classic,OVL-E0223,split,c01,16,False,,Erosion,False,True,group_start
overlap,event_based,OVL-E0223,split,c01,16,False,,Turnover-Shrinkage,False,True,group_start
overlap,classic,OVL-E0223,split,c07,16,True,Dynamic-Growth,Turnover-Shrinkage,True,True,internal
overlap,event_based,OVL-E0223,split,c07,16,True,Organic-Growth,Turnover-Shrinkage,True,True,internal
overlap,classic,OVL-E0225,merge,c01,16,False,,Erosion,False,True,group_start
overlap,event_based,OVL-E0225,merge,c01,16,False,,Turnover-Shrinkage,False,True,group_start
overlap,classic,OVL-E0225,merge,c02,16,True,Turnover-Shrinkage,Erosion,True,True,internal
overlap,event_based,OVL-E0225,merge,c02,16,True,Turnover-Shrinkage,Erosion,True,True,internal
overlap,classic,OVL-E0226,merge,c04,16,True,Dynamic-Growth,Turnover-Shrinkage,True,True,internal
overlap,event_based,OVL-E0226,merge,c04,16,True,Dynamic-Growth,Turnover-Shrinkage,True,True,internal
overlap,classic,OVL-E0227,merge,c07,16,True,Dynamic-Growth,Turnover-Shrinkage,True,True,internal
overlap,event_based,OVL-E0227,merge,c07,16,True,Organic-Growth,Turnover-Shrinkage,True,True,internal
overlap,classic,OVL-E0229,merge,c12,16,True,Dynamic-Growth,Steady-Stability,True,True,internal
overlap,event_based,OVL-E0229,merge,c12,16,True,Dynamic-Growth,Turnover-Shrinkage,True,True,internal
overlap,classic,OVL-E0234,split,c02,17,True,Erosion,Dynamic-Growth,True,True,internal
overlap,event_based,OVL-E0234,split,c02,17,True,Erosion,Fluid-Stability,True,True,internal
overlap,classic,OVL-E0235,split,c07,17,True,Turnover-Shrinkage,Organic-Growth,True,True,internal
overlap,event_based,OVL-E0235,split,c07,17,True,Turnover-Shrinkage,Turnover-Shrinkage,False,True,internal
overlap,classic,OVL-E0235,split,c13,17,False,,Erosion,False,True,group_start
overlap,event_based,OVL-E0235,split,c13,17,False,,Erosion,False,True,group_start
overlap,classic,OVL-E0246,split,c03,18,True,Erosion,Organic-Growth,True,True,internal
overlap,event_based,OVL-E0246,split,c03,18,True,Turnover-Shrinkage,Organic-Growth,True,True,internal
overlap,classic,OVL-E0246,split,c06,18,False,,Turnover-Shrinkage,False,True,group_start
overlap,event_based,OVL-E0246,split,c06,18,False,,Turnover-Shrinkage,False,True,group_start
overlap,classic,OVL-E0247,split,c04,18,False,Turnover-Shrinkage,Turnover-Shrinkage,False,True,internal
overlap,event_based,OVL-E0247,split,c04,18,True,Turnover-Shrinkage,Fluid-Stability,True,True,internal
overlap,classic,OVL-E0247,split,c18,18,False,,Steady-Stability,False,True,group_start
overlap,event_based,OVL-E0247,split,c18,18,False,,Steady-Stability,False,True,group_start
overlap,classic,OVL-E0248,split,c12,18,True,Erosion,Steady-Stability,True,True,internal
overlap,event_based,OVL-E0248,split,c12,18,True,Turnover-Shrinkage,Steady-Stability,True,True,internal
overlap,classic,OVL-E0248,split,c16,18,False,,Steady-Stability,False,True,group_start
overlap,event_based,OVL-E0248,split,c16,18,False,,Steady-Stability,False,True,group_start
overlap,classic,OVL-E0252,merge,c02,18,False,Dynamic-Growth,Dynamic-Growth,False,True,internal
overlap,event_based,OVL-E0252,merge,c02,18,True,Fluid-Stability,Dynamic-Growth,True,True,internal
overlap,classic,OVL-E0259,split,c05,19,False,Turnover-Shrinkage,,False,False,group_end
overlap,event_based,OVL-E0259,split,c05,19,False,Turnover-Shrinkage,,False,False,group_end
overlap,classic,OVL-E0260,split,c01,19,False,Dynamic-Growth,,False,False,group_end
overlap,event_based,OVL-E0260,split,c01,19,False,Turnover-Shrinkage,,False,False,group_end
overlap,classic,OVL-E0261,split,c07,19,False,Turnover-Shrinkage,,False,False,group_end
overlap,event_based,OVL-E0261,split,c07,19,False,Turnover-Shrinkage,,False,False,group_end
overlap,classic,OVL-E0262,split,c01,19,False,Dynamic-Growth,,False,False,group_end
overlap,event_based,OVL-E0262,split,c01,19,False,Turnover-Shrinkage,,False,False,group_end
overlap,classic,OVL-E0263,merge,c01,19,False,Dynamic-Growth,,False,False,group_end
overlap,event_based,OVL-E0263,merge,c01,19,False,Turnover-Shrinkage,,False,False,group_end
overlap,classic,OVL-E0264,merge,c02,19,False,Dynamic-Growth,,False,False,group_end
overlap,event_based,OVL-E0264,merge,c02,19,False,Dynamic-Growth,,False,False,group_end
