approach,observation_id,snapshot_index,local_id,identity_group,size,in_degree,out_degree,component_id,x,y,display_label
cumulative,CUM-C0001,0,0,c05,110,0,1,1,0.0,4.0,0
cumulative,CUM-C0002,0,1,c04,100,0,1,2,0.0,10.9,1
cumulative,CUM-C0003,0,2,dead-CUM-C0003,61,0,1,1,0.0,2.0,2
cumulative,CUM-C0004,0,3,dead-CUM-C0004,61,0,2,3,0.0,13.8,3
cumulative,CUM-C0005,0,4,dead-CUM-C0005,60,0,1,1,0.0,3.0,4
cumulative,CUM-C0006,0,5,c02,57,0,1,4,0.0,16.7,5
cumulative,CUM-C0007,0,6,dead-CUM-C0007,50,0,1,1,0.0,1.0,6
cumulative,CUM-C0008,0,7,c03,50,0,1,5,0.0,20.099999999999998,7
cumulative,CUM-C0009,0,8,c08,47,0,1,6,0.0,23.499999999999996,8
cumulative,CUM-C0010,0,9,dead-CUM-C0010,44,0,2,1,0.0,5.0,9
cumulative,CUM-C0011,0,10,dead-CUM-C0011,27,0,1,5,0.0,21.099999999999998,10
cumulative,CUM-C0012,0,11,c09,27,0,1,1,0.0,7.0,11
cumulative,CUM-C0013,0,12,dead-CUM-C0013,24,0,1,1,0.0,8.0,12
cumulative,CUM-C0014,0,13,dead-CUM-C0014,10,0,1,4,0.0,17.7,13
cumulative,CUM-C0015,0,14,dead-CUM-C0015,6,0,1,1,0.0,6.0,14
cumulative,CUM-C0101,1,0,c01,155,3,1,1,1.0,2.5,0
cumulative,CUM-C0102,1,1,c05,108,2,2,1,1.0,4.5,1
cumulative,CUM-C0103,1,2,c03,83,2,2,5,1.0,20.599999999999998,2
cumulative,CUM-C0104,1,3,c02,76,2,1,4,1.0,17.2,3
cumulative,CUM-C0105,1,4,c04,72,1,1,2,1.0,10.9,4
cumulative,CUM-C0106,1,5,dead-CUM-C0004,55,1,1,3,1.0,13.3,5
cumulative,CUM-C0107,1,6,c08,51,1,1,6,1.0,23.499999999999996,6
cumulative,CUM-C0108,1,7,dead-CUM-C0007,39,1,1,1,1.0,1.5,7
cumulative,CUM-C0109,1,8,dead-CUM-C0109,32,1,1,1,1.0,6.5,8
cumulative,CUM-C0110,1,9,dead-CUM-C0110,32,0,1,1,1.0,3.5,9
cumulative,CUM-C0111,1,10,c06,29,1,1,3,1.0,14.3,10
cumulative,CUM-C0112,1,11,c09,29,1,1,1,1.0,5.5,11
cumulative,CUM-C0113,1,12,dead-CUM-C0013,24,1,1,1,1.0,7.5,12
cumulative,CUM-C0201,2,0,c01,177,2,1,1,2.0,3.0,0
cumulative,CUM-C0202,2,1,c03,99,1,2,5,2.0,21.099999999999998,1
cumulative,CUM-C0203,2,2,c05,78,1,1,1,2.0,4.0,2
cumulative,CUM-C0204,2,3,c02,78,1,1,4,2.0,17.2,3
cumulative,CUM-C0205,2,4,dead-CUM-C0109,75,2,1,1,2.0,7.0,4
cumulative,CUM-C0206,2,5,c04,74,1,1,2,2.0,10.9,5
cumulative,CUM-C0207,2,6,dead-CUM-C0007,57,1,1,1,2.0,2.0,6
cumulative,CUM-C0208,2,7,dead-CUM-C0004,54,1,1,3,2.0,13.3,7
cumulative,CUM-C0209,2,8,c08,49,1,1,6,2.0,23.499999999999996,8
cumulative,CUM-C0210,2,9,c09,31,1,1,1,2.0,6.0,9
cumulative,CUM-C0211,2,10,c06,30,1,1,3,2.0,14.3,10
cumulative,CUM-C0212,2,11,dead-CUM-C0212,7,1,1,1,2.0,5.0,11
cumulative,CUM-C0213,2,12,dead-CUM-C0213,5,1,1,5,2.0,20.099999999999998,12
cumulative,CUM-C0301,3,0,c01,169,1,1,1,3.0,3.0,0
cumulative,CUM-C0302,3,1,c05,97,1,1,1,3.0,4.0,1
cumulative,CUM-C0303,3,2,c02,85,1,1,4,3.0,17.2,2
cumulative,CUM-C0304,3,3,c03,76,2,1,5,3.0,20.099999999999998,3
cumulative,CUM-C0305,3,4,dead-CUM-C0109,73,1,2,1,3.0,7.0,4
cumulative,CUM-C0306,3,5,c04,72,1,1,2,3.0,10.9,5
cumulative,CUM-C0307,3,6,dead-CUM-C0007,61,1,1,1,3.0,2.0,6
cumulative,CUM-C0308,3,7,dead-CUM-C0004,53,1,2,3,3.0,13.3,7
cumulative,CUM-C0309,3,8,c08,50,1,1,6,3.0,23.499999999999996,8
cumulative,CUM-C0310,3,9,c06,31,1,1,3,3.0,14.3,9
cumulative,CUM-C0311,3,10,c09,31,1,1,1,3.0,6.0,10
cumulative,CUM-C0312,3,11,dead-CUM-C0312,29,1,1,5,3.0,21.099999999999998,11
cumulative,CUM-C0313,3,12,dead-CUM-C0212,9,1,1,1,3.0,5.0,12
cumulative,CUM-C0401,4,0,c01,177,1,1,1,4.0,3.0,0
cumulative,CUM-C0402,4,1,c05,118,2,3,1,4.0,4.0,1
cumulative,CUM-C0403,4,2,c03,111,2,1,5,4.0,20.599999999999998,2
cumulative,CUM-C0404,4,3,c02,97,1,1,4,4.0,17.2,3
cumulative,CUM-C0405,4,4,c04,76,1,1,2,4.0,10.9,4
cumulative,CUM-C0406,4,5,c06,60,2,1,3,4.0,14.3,5
cumulative,CUM-C0407,4,6,dead-CUM-C0007,59,1,1,1,4.0,2.0,6
cumulative,CUM-C0408,4,7,c08,55,1,1,6,4.0,23.499999999999996,7
cumulative,CUM-C0409,4,8,c09,31,1,1,1,4.0,5.0,8
cumulative,CUM-C0410,4,9,c11,27,1,1,3,4.0,13.3,9
cumulative,CUM-C0411,4,10,dead-CUM-C0411,22,1,1,1,4.0,6.0,10
cumulative,CUM-C0412,4,11,dead-CUM-C0412,22,1,1,1,4.0,7.0,11
cumulative,CUM-C0501,5,0,c01,183,1,1,1,5.0,4.0,0
cumulative,CUM-C0502,5,1,c03,107,1,1,5,5.0,20.599999999999998,1
cumulative,CUM-C0503,5,2,c02,99,1,1,4,5.0,17.2,2
cumulative,CUM-C0504,5,3,c07,86,3,2,1,5.0,7.0,3
cumulative,CUM-C0505,5,4,c04,78,1,1,2,5.0,10.9,4
cumulative,CUM-C0506,5,5,c05,76,1,1,1,5.0,3.0,5
cumulative,CUM-C0507,5,6,dead-CUM-C0007,62,1,1,1,5.0,2.0,6
cumulative,CUM-C0508,5,7,c06,62,1,1,3,5.0,14.3,7
cumulative,CUM-C0509,5,8,c08,53,1,1,6,5.0,23.499999999999996,8
cumulative,CUM-C0510,5,9,c09,31,1,1,1,5.0,6.0,9
cumulative,CUM-C0511,5,10,c11,27,1,1,3,5.0,13.3,10
cumulative,CUM-C0512,5,11,c14,7,1,1,1,5.0,5.0,11
cumulative,CUM-C0601,6,0,c01,177,1,1,1,6.0,3.5,0
cumulative,CUM-C0602,6,1,c03,104,1,1,5,6.0,20.599999999999998,1
cumulative,CUM-C0603,6,2,c02,103,1,1,4,6.0,17.2,2
cumulative,CUM-C0604,6,3,c04,84,1,1,2,6.0,10.9,3
cumulative,CUM-C0605,6,4,c05,78,1,1,1,6.0,2.5,4
cumulative,CUM-C0606,6,5,dead-CUM-C0007,64,1,1,1,6.0,1.5,5
cumulative,CUM-C0607,6,6,c06,64,1,1,3,6.0,14.3,6
cumulative,CUM-C0608,6,7,c07,62,1,1,1,6.0,6.5,7
cumulative,CUM-C0609,6,8,c08,56,1,1,6,6.0,23.499999999999996,8
cumulative,CUM-C0610,6,9,c09,31,1,1,1,6.0,5.5,9
cumulative,CUM-C0611,6,10,c11,28,1,1,3,6.0,13.3,10
cumulative,CUM-C0612,6,11,c10,24,1,1,1,6.0,7.5,11
cumulative,CUM-C0613,6,12,c14,8,1,1,1,6.0,4.5,12
cumulative,CUM-C0701,7,0,c01,196,1,2,1,7.0,3.5,0
cumulative,CUM-C0702,7,1,c03,120,1,1,5,7.0,20.599999999999998,1
cumulative,CUM-C0703,7,2,c02,111,1,1,4,7.0,17.2,2
cumulative,CUM-C0704,7,3,c04,95,1,1,2,7.0,10.9,3
cumulative,CUM-C0705,7,4,c06,67,1,1,3,7.0,14.3,4
cumulative,CUM-C0706,7,5,dead-CUM-C0007,63,1,1,1,7.0,1.5,5
cumulative,CUM-C0707,7,6,c07,60,1,1,1,7.0,6.5,6
cumulative,CUM-C0708,7,7,c05,56,1,1,1,7.0,2.5,7
cumulative,CUM-C0709,7,8,c08,55,1,1,6,7.0,23.499999999999996,8
cumulative,CUM-C0710,7,9,c09,32,1,1,1,7.0,5.5,9
cumulative,CUM-C0711,7,10,c10,28,1,1,1,7.0,7.5,10
cumulative,CUM-C0712,7,11,c11,27,1,1,3,7.0,13.3,11
cumulative,CUM-C0713,7,12,c14,10,1,1,1,7.0,4.5,12
cumulative,CUM-C0801,8,0,c01,179,1,2,1,8.0,2.5,0
cumulative,CUM-C0802,8,1,c03,125,1,1,5,8.0,20.599999999999998,1
cumulative,CUM-C0803,8,2,c02,113,1,1,4,8.0,17.2,2
cumulative,CUM-C0804,8,3,c04,85,1,1,2,8.0,10.9,3
cumulative,CUM-C0805,8,4,c05,72,1,1,1,8.0,3.5,4
cumulative,CUM-C0806,8,5,c06,71,1,1,3,8.0,14.3,5
cumulative,CUM-C0807,8,6,dead-CUM-C0007,66,1,2,1,8.0,1.5,6
cumulative,CUM-C0808,8,7,c07,61,1,1,1,8.0,6.5,7
cumulative,CUM-C0809,8,8,c09,58,2,2,1,8.0,5.5,8
cumulative,CUM-C0810,8,9,c08,56,1,1,6,8.0,23.499999999999996,9
cumulative,CUM-C0811,8,10,c11,31,1,1,3,8.0,13.3,10
cumulative,CUM-C0812,8,11,c10,30,1,1,1,8.0,7.5,11
cumulative,CUM-C0813,8,12,c14,10,1,1,1,8.0,4.5,12
cumulative,CUM-C0901,9,0,c01,200,2,1,1,9.0,1.5,0
cumulative,CUM-C0902,9,1,c02,125,1,1,4,9.0,17.2,1
cumulative,CUM-C0903,9,2,c03,115,1,1,5,9.0,20.599999999999998,2
cumulative,CUM-C0904,9,3,c05,83,1,1,1,9.0,3.5,3
cumulative,CUM-C0905,9,4,c04,81,1,1,2,9.0,10.9,4
cumulative,CUM-C0906,9,5,c06,76,1,1,3,9.0,14.3,5
cumulative,CUM-C0907,9,6,c07,62,1,1,1,9.0,7.5,6
cumulative,CUM-C0908,9,7,c08,60,1,1,6,9.0,23.499999999999996,7
cumulative,CUM-C0909,9,8,c09,33,1,1,1,9.0,5.5,8
cumulative,CUM-C0910,9,9,dead-CUM-C0910,30,1,2,1,9.0,2.5,9
cumulative,CUM-C0911,9,10,c12,30,1,1,1,9.0,6.5,10
cumulative,CUM-C0912,9,11,c10,30,1,1,1,9.0,8.5,11
cumulative,CUM-C0913,9,12,c11,28,1,1,3,9.0,13.3,12
cumulative,CUM-C0914,9,13,c13,14,1,1,1,9.0,0.5,13
cumulative,CUM-C0915,9,14,c14,10,1,1,1,9.0,4.5,14
cumulative,CUM-C1001,10,0,c01,238,2,0,1,10.0,1.5,0→c01
cumulative,CUM-C1002,10,1,c02,122,1,0,4,10.0,17.2,1→c02
cumulative,CUM-C1003,10,2,c03,118,1,0,5,10.0,20.599999999999998,2→c03
cumulative,CUM-C1004,10,3,c04,85,1,0,2,10.0,10.9,3→c04
cumulative,CUM-C1005,10,4,c05,80,1,0,1,10.0,3.5,4→c05
cumulative,CUM-C1006,10,5,c06,76,1,0,3,10.0,14.3,5→c06
cumulative,CUM-C1007,10,6,c07,69,1,0,1,10.0,7.5,6→c07
cumulative,CUM-C1008,10,7,c08,56,1,0,6,10.0,23.499999999999996,7→c08
cumulative,CUM-C1009,10,8,c09,33,1,0,1,10.0,5.5,8→c09
cumulative,CUM-C1010,10,9,c10,30,1,0,1,10.0,8.5,9→c10
cumulative,CUM-C1011,10,10,c11,28,1,0,3,10.0,13.3,10→c11
cumulative,CUM-C1012,10,11,c12,24,1,0,1,10.0,6.5,11→c12
cumulative,CUM-C1013,10,12,c13,14,1,0,1,10.0,0.5,12→c13
cumulative,CUM-C1014,10,13,c14,10,1,0,1,10.0,4.5,13→c14
cumulative,CUM-C1015,10,14,c15,3,1,0,1,10.0,2.5,14→c15
interval,INT-C0001,0,0,dead-INT-C0001,110,0,2,1,0.0,6.0,0
interval,INT-C0002,0,1,dead-INT-C0002,100,0,1,1,0.0,2.0,1
interval,INT-C0003,0,2,dead-INT-C0003,61,0,1,1,0.0,9.0,2
interval,INT-C0004,0,3,dead-INT-C0004,61,0,2,1,0.0,5.0,3
interval,INT-C0005,0,4,dead-INT-C0005,60,0,1,1,0.0,1.0,4
interval,INT-C0006,0,5,c08,57,0,1,1,0.0,13.0,5
interval,INT-C0007,0,6,dead-INT-C0007,50,0,1,1,0.0,11.0,6
interval,INT-C0008,0,7,dead-INT-C0008,50,0,1,1,0.0,7.0,7
interval,INT-C0009,0,8,c06,47,0,1,2,0.0,16.9,8
interval,INT-C0010,0,9,dead-INT-C0010,44,0,1,1,0.0,3.0,9
interval,INT-C0011,0,10,dead-INT-C0011,27,0,1,1,0.0,8.0,10
interval,INT-C0012,0,11,dead-INT-C0012,27,0,1,1,0.0,12.0,11
interval,INT-C0013,0,12,dead-INT-C0013,24,0,1,1,0.0,4.0,12
interval,INT-C0014,0,13,dead-INT-C0014,10,0,1,1,0.0,14.0,13
interval,INT-C0015,0,14,dead-INT-C0015,6,0,1,1,0.0,10.0,14
interval,INT-C0101,1,0,dead-INT-C0001,81,1,1,1,1.0,5.5,0
interval,INT-C0102,1,1,dead-INT-C0102,79,1,1,1,1.0,1.5,1
interval,INT-C0103,1,2,dead-INT-C0002,69,1,1,1,1.0,2.5,2
interval,INT-C0104,1,3,dead-INT-C0003,69,2,2,1,1.0,10.5,3
interval,INT-C0105,1,4,dead-INT-C0105,67,2,2,1,1.0,3.5,4
interval,INT-C0106,1,5,c08,64,2,1,1,1.0,13.5,5
interval,INT-C0107,1,6,dead-INT-C0107,54,1,1,1,1.0,4.5,6
interval,INT-C0108,1,7,dead-INT-C0008,52,1,1,1,1.0,8.5,7
interval,INT-C0109,1,8,c06,41,1,1,2,1.0,16.9,8
interval,INT-C0110,1,9,dead-INT-C0012,38,1,1,1,1.0,12.5,9
interval,INT-C0111,1,10,dead-INT-C0007,35,1,1,1,1.0,11.5,10
interval,INT-C0112,1,11,dead-INT-C0011,32,1,1,1,1.0,9.5,11
interval,INT-C0113,1,12,c05,30,1,1,1,1.0,6.5,12
interval,INT-C0114,1,13,dead-INT-C0114,17,1,0,1,1.0,7.5,13→dead
interval,INT-C0201,2,0,dead-INT-C0102,100,1,1,1,2.0,1.5,0
interval,INT-C0202,2,1,dead-INT-C0003,96,2,1,1,2.0,10.5,1
interval,INT-C0203,2,2,dead-INT-C0002,87,1,1,1,2.0,2.5,2
interval,INT-C0204,2,3,dead-INT-C0001,79,1,1,1,2.0,6.5,3
interval,INT-C0205,2,4,dead-INT-C0205,76,2,2,1,2.0,8.5,4
interval,INT-C0206,2,5,c08,61,1,1,1,2.0,12.5,5
interval,INT-C0207,2,6,c05,51,1,2,1,2.0,7.5,6
interval,INT-C0208,2,7,c06,45,1,1,2,2.0,16.9,7
interval,INT-C0209,2,8,dead-INT-C0107,27,1,1,1,2.0,4.5,8
interval,INT-C0210,2,9,dead-INT-C0012,26,1,1,1,2.0,11.5,9
interval,INT-C0211,2,10,dead-INT-C0211,25,1,1,1,2.0,5.5,10
interval,INT-C0212,2,11,dead-INT-C0212,22,1,1,1,2.0,3.5,11
interval,INT-C0213,2,12,dead-INT-C0213,21,0,2,1,2.0,13.5,12
interval,INT-C0214,2,13,dead-INT-C0214,5,1,1,1,2.0,9.5,13
interval,INT-C0301,3,0,dead-INT-C0301,155,3,3,1,3.0,1.5,0
interval,INT-C0302,3,1,dead-INT-C0205,102,1,0,1,3.0,5.5,1→dead
interval,INT-C0303,3,2,dead-INT-C0003,82,1,3,1,3.0,9.5,2
interval,INT-C0304,3,3,c08,71,1,1,1,3.0,12.5,3
interval,INT-C0305,3,4,dead-INT-C0001,56,1,1,1,3.0,4.5,4
interval,INT-C0306,3,5,c05,55,2,1,1,3.0,2.5,5
interval,INT-C0307,3,6,dead-INT-C0307,51,1,2,1,3.0,3.5,6
interval,INT-C0308,3,7,dead-INT-C0012,48,1,2,1,3.0,10.5,7
interval,INT-C0309,3,8,c06,48,1,1,2,3.0,16.9,8
interval,INT-C0310,3,9,dead-INT-C0310,25,1,1,1,3.0,6.5,9
interval,INT-C0311,3,10,dead-INT-C0311,24,1,1,1,3.0,7.5,10
interval,INT-C0312,3,11,dead-INT-C0312,11,1,1,1,3.0,13.5,11
interval,INT-C0313,3,12,dead-INT-C0313,4,1,1,1,3.0,11.5,12
interval,INT-C0314,3,13,dead-INT-C0214,4,1,1,1,3.0,8.5,13
interval,INT-C0401,4,0,dead-INT-C0401,109,1,1,1,4.0,6.0,0
interval,INT-C0402,4,1,dead-INT-C0001,109,2,2,1,4.0,5.0,1
interval,INT-C0403,4,2,c08,83,2,1,1,4.0,14.0,2
interval,INT-C0404,4,3,dead-INT-C0404,62,1,2,1,4.0,10.0,3
interval,INT-C0405,4,4,c01,58,1,1,1,4.0,2.0,4
interval,INT-C0406,4,5,dead-INT-C0406,49,2,2,1,4.0,12.0,5
interval,INT-C0407,4,6,c05,49,1,1,1,4.0,3.0,6
interval,INT-C0408,4,7,dead-INT-C0408,44,2,1,1,4.0,4.0,7
interval,INT-C0409,4,8,c06,44,1,1,2,4.0,16.9,8
interval,INT-C0410,4,9,dead-INT-C0311,41,2,2,1,4.0,7.0,9
interval,INT-C0411,4,10,dead-INT-C0012,26,1,1,1,4.0,13.0,10
interval,INT-C0412,4,11,dead-INT-C0412,26,1,1,1,4.0,8.0,11
interval,INT-C0413,4,12,dead-INT-C0413,22,1,1,1,4.0,9.0,12
interval,INT-C0414,4,13,dead-INT-C0414,21,1,1,1,4.0,1.0,13
interval,INT-C0415,4,14,dead-INT-C0415,3,0,1,1,4.0,11.0,14
interval,INT-C0501,5,0,dead-INT-C0501,83,1,1,1,5.0,8.5,0
interval,INT-C0502,5,1,dead-INT-C0401,78,1,1,1,5.0,5.5,1
interval,INT-C0503,5,2,c08,75,1,1,1,5.0,13.5,2
interval,INT-C0504,5,3,c01,64,1,1,1,5.0,1.5,3
interval,INT-C0505,5,4,c05,63,1,1,1,5.0,2.5,4
interval,INT-C0506,5,5,dead-INT-C0506,53,2,2,1,5.0,3.5,5
interval,INT-C0507,5,6,dead-INT-C0507,50,1,1,1,5.0,6.5,6
interval,INT-C0508,5,7,c03,43,2,1,1,5.0,10.5,7
interval,INT-C0509,5,8,c06,36,1,1,2,5.0,16.9,8
interval,INT-C0510,5,9,dead-INT-C0311,34,1,1,1,5.0,4.5,9
interval,INT-C0511,5,10,dead-INT-C0511,29,1,1,1,5.0,14.5,10
interval,INT-C0512,5,11,dead-INT-C0012,29,1,1,1,5.0,12.5,11
interval,INT-C0513,5,12,dead-INT-C0513,26,2,1,1,5.0,11.5,12
interval,INT-C0514,5,13,dead-INT-C0414,25,1,1,1,5.0,0.5,13
interval,INT-C0515,5,14,dead-INT-C0413,19,1,1,1,5.0,9.5,14
interval,INT-C0516,5,15,dead-INT-C0516,3,1,1,1,5.0,7.5,15
interval,INT-C0601,6,0,dead-INT-C0507,88,2,2,1,6.0,7.0,0
interval,INT-C0602,6,1,c08,85,1,1,1,6.0,13.0,1
interval,INT-C0603,6,2,dead-INT-C0401,79,1,2,1,6.0,6.0,2
interval,INT-C0604,6,3,dead-INT-C0501,77,2,0,1,6.0,9.0,3→dead
interval,INT-C0605,6,4,c03,68,1,1,1,6.0,10.0,4
interval,INT-C0606,6,5,c01,65,1,1,1,6.0,2.0,5
interval,INT-C0607,6,6,dead-INT-C0607,54,1,0,1,6.0,3.0,6→dead
interval,INT-C0608,6,7,c05,51,1,1,1,6.0,4.0,7
interval,INT-C0609,6,8,c06,43,1,1,2,6.0,16.9,8
interval,INT-C0610,6,9,dead-INT-C0311,28,1,1,1,6.0,5.0,9
interval,INT-C0611,6,10,dead-INT-C0012,28,1,1,1,6.0,12.0,10
interval,INT-C0612,6,11,dead-INT-C0414,23,1,1,1,6.0,1.0,11
interval,INT-C0613,6,12,dead-INT-C0513,21,1,1,1,6.0,11.0,12
interval,INT-C0614,6,13,dead-INT-C0614,9,1,1,1,6.0,14.0,13
interval,INT-C0615,6,14,dead-INT-C0516,5,1,1,1,6.0,8.0,14
interval,INT-C0701,7,0,c03,99,2,1,1,7.0,10.5,0
interval,INT-C0702,7,1,c08,85,1,1,1,7.0,12.5,1
interval,INT-C0703,7,2,c01,82,1,1,1,7.0,2.5,2
interval,INT-C0704,7,3,dead-INT-C0704,82,1,2,1,7.0,1.5,3
interval,INT-C0705,7,4,dead-INT-C0705,65,1,1,1,7.0,3.5,4
interval,INT-C0706,7,5,c05,60,1,1,1,7.0,4.5,5
interval,INT-C0707,7,6,dead-INT-C0707,53,1,1,1,7.0,6.5,6
interval,INT-C0708,7,7,dead-INT-C0012,50,1,1,1,7.0,11.5,7
interval,INT-C0709,7,8,dead-INT-C0507,48,1,1,1,7.0,7.5,8
interval,INT-C0710,7,9,c06,46,1,1,2,7.0,16.9,9
interval,INT-C0711,7,10,c09,44,1,1,1,7.0,9.5,10
interval,INT-C0712,7,11,dead-INT-C0311,24,1,1,1,7.0,5.5,11
interval,INT-C0713,7,12,c14,20,1,1,1,7.0,13.5,12
interval,INT-C0714,7,13,dead-INT-C0516,6,1,1,1,7.0,8.5,13
interval,INT-C0801,8,0,c01,124,2,2,1,8.0,5.0,0
interval,INT-C0802,8,1,dead-INT-C0802,105,1,1,1,8.0,3.0,1
interval,INT-C0803,8,2,c02,96,3,2,1,8.0,7.0,2
interval,INT-C0804,8,3,c03,95,1,2,1,8.0,9.0,3
interval,INT-C0805,8,4,c05,94,2,2,1,8.0,6.0,4
interval,INT-C0806,8,5,c08,90,1,1,1,8.0,11.0,5
interval,INT-C0807,8,6,dead-INT-C0012,51,1,2,1,8.0,10.0,6
interval,INT-C0808,8,7,c06,45,1,1,2,8.0,16.9,7
interval,INT-C0809,8,8,c09,39,1,1,1,8.0,8.0,8
interval,INT-C0810,8,9,c12,24,1,1,1,8.0,4.0,9
interval,INT-C0811,8,10,c14,14,1,1,1,8.0,12.0,10
interval,INT-C0901,9,0,c08,104,1,2,1,9.0,13.5,0
interval,INT-C0902,9,1,dead-INT-C0802,90,1,2,1,9.0,0.5,1
interval,INT-C0903,9,2,c02,86,1,1,1,9.0,6.5,2
interval,INT-C0904,9,3,c05,80,1,1,1,9.0,4.5,3
interval,INT-C0905,9,4,c03,72,1,1,1,9.0,9.5,4
interval,INT-C0906,9,5,c07,71,1,1,1,9.0,3.5,5
interval,INT-C0907,9,6,c01,70,1,1,1,9.0,2.5,6
interval,INT-C0908,9,7,c06,44,1,1,2,9.0,16.9,7
interval,INT-C0909,9,8,c09,33,1,1,1,9.0,7.5,8
interval,INT-C0910,9,9,dead-INT-C0012,30,1,1,1,9.0,12.5,9
interval,INT-C0911,9,10,dead-INT-C0911,28,1,1,1,9.0,10.5,10
interval,INT-C0912,9,11,c10,25,1,1,1,9.0,5.5,11
interval,INT-C0913,9,12,c12,24,1,1,1,9.0,1.5,12
interval,INT-C0914,9,13,c15,21,1,1,1,9.0,11.5,13
interval,INT-C0915,9,14,c14,18,1,1,1,9.0,14.5,14
interval,INT-C0916,9,15,dead-INT-C0916,4,1,0,1,9.0,8.5,15→dead
interval,INT-C1001,10,0,c01,130,2,0,1,10.0,3.5,0→c01
interval,INT-C1002,10,1,c02,93,1,0,1,10.0,7.5,1→c02
interval,INT-C1003,10,2,c03,77,2,0,1,10.0,9.5,2→c03
interval,INT-C1004,10,3,c04,67,2,0,1,10.0,11.5,3→c04
interval,INT-C1005,10,4,c05,66,1,0,1,10.0,5.5,4→c05
interval,INT-C1006,10,5,c06,59,1,0,2,10.0,16.9,5→c06
interval,INT-C1007,10,6,c07,52,1,0,1,10.0,4.5,6→c07
interval,INT-C1008,10,7,c08,50,1,0,1,10.0,13.5,7→c08
interval,INT-C1009,10,8,c09,27,1,0,1,10.0,8.5,8→c09
interval,INT-C1010,10,9,c10,27,1,0,1,10.0,6.5,9→c10
interval,INT-C1011,10,10,c11,24,1,0,1,10.0,1.5,10→c11
interval,INT-C1012,10,11,c12,22,1,0,1,10.0,2.5,11→c12
interval,INT-C1013,10,12,c13,20,0,0,3,10.0,19.299999999999997,12→c13
interval,INT-C1014,10,13,c14,19,1,0,1,10.0,12.5,13→c14
interval,INT-C1015,10,14,c15,14,1,0,1,10.0,10.5,14→c15
overlap,OVL-C0001,0,0,dead-OVL-C0001,110,0,1,1,0.0,4.0,0
overlap,OVL-C0002,0,1,dead-OVL-C0002,100,0,1,1,0.0,7.0,1
overlap,OVL-C0003,0,2,dead-OVL-C0003,61,0,1,1,0.0,9.0,2
overlap,OVL-C0004,0,3,dead-OVL-C0004,61,0,2,1,0.0,5.0,3
overlap,OVL-C0005,0,4,dead-OVL-C0005,60,0,1,1,0.0,12.0,4
overlap,OVL-C0006,0,5,c05,57,0,1,1,0.0,2.0,5
overlap,OVL-C0007,0,6,dead-OVL-C0007,50,0,1,1,0.0,8.0,6
overlap,OVL-C0008,0,7,dead-OVL-C0008,50,0,1,1,0.0,11.0,7
overlap,OVL-C0009,0,8,c08,47,0,1,2,0.0,18.9,8
overlap,OVL-C0010,0,9,dead-OVL-C0010,44,0,1,1,0.0,13.0,9
overlap,OVL-C0011,0,10,dead-OVL-C0011,27,0,1,1,0.0,6.0,10
overlap,OVL-C0012,0,11,c12,27,0,1,1,0.0,15.0,11
overlap,OVL-C0013,0,12,dead-OVL-C0013,24,0,1,1,0.0,14.0,12
overlap,OVL-C0014,0,13,dead-OVL-C0014,10,0,1,1,0.0,3.0,13
overlap,OVL-C0015,0,14,dead-OVL-C0015,6,0,1,1,0.0,10.0,14
overlap,OVL-C0101,1,0,dead-OVL-C0101,115,1,1,1,1.0,12.5,0
overlap,OVL-C0102,1,1,dead-OVL-C0008,75,1,1,1,1.0,11.5,1
overlap,OVL-C0103,1,2,dead-OVL-C0001,67,1,2,1,1.0,4.5,2
overlap,OVL-C0104,1,3,dead-OVL-C0002,64,1,1,1,1.0,7.5,3
overlap,OVL-C0105,1,4,dead-OVL-C0004,59,1,1,1,1.0,3.5,4
overlap,OVL-C0106,1,5,dead-OVL-C0003,55,1,1,1,1.0,9.5,5
overlap,OVL-C0107,1,6,c05,51,1,1,1,1.0,1.5,6
overlap,OVL-C0108,1,7,dead-OVL-C0010,49,1,1,1,1.0,13.5,7
overlap,OVL-C0109,1,8,c08,45,1,1,2,1.0,18.9,8
overlap,OVL-C0110,1,9,dead-OVL-C0007,35,1,1,1,1.0,8.5,9
overlap,OVL-C0111,1,10,c12,29,1,1,1,1.0,15.5,10
overlap,OVL-C0112,1,11,c07,27,1,1,1,1.0,5.5,11
overlap,OVL-C0113,1,12,dead-OVL-C0011,25,1,1,1,1.0,6.5,12
overlap,OVL-C0114,1,13,dead-OVL-C0013,22,1,1,1,1.0,14.5,13
overlap,OVL-C0115,1,14,dead-OVL-C0014,12,1,1,1,1.0,2.5,14
overlap,OVL-C0116,1,15,dead-OVL-C0015,7,1,1,1,1.0,10.5,15
overlap,OVL-C0201,2,0,dead-OVL-C0001,81,1,2,1,2.0,3.5,0
overlap,OVL-C0202,2,1,dead-OVL-C0101,79,1,2,1,2.0,12.5,1
overlap,OVL-C0203,2,2,dead-OVL-C0002,69,1,1,1,2.0,8.5,2
overlap,OVL-C0204,2,3,dead-OVL-C0003,69,2,1,1,2.0,10.5,3
overlap,OVL-C0205,2,4,dead-OVL-C0010,67,2,1,1,2.0,13.5,4
overlap,OVL-C0206,2,5,c05,64,2,1,1,2.0,2.5,5
overlap,OVL-C0207,2,6,dead-OVL-C0004,54,1,1,1,2.0,4.5,6
overlap,OVL-C0208,2,7,dead-OVL-C0008,52,1,1,1,2.0,11.5,7
overlap,OVL-C0209,2,8,c08,41,1,1,2,2.0,18.9,8
overlap,OVL-C0210,2,9,c12,38,1,1,1,2.0,14.5,9
overlap,OVL-C0211,2,10,dead-OVL-C0007,35,1,1,1,2.0,9.5,10
overlap,OVL-C0212,2,11,dead-OVL-C0011,32,1,1,1,2.0,7.5,11
overlap,OVL-C0213,2,12,c07,30,1,1,1,2.0,5.5,12
overlap,OVL-C0214,2,13,dead-OVL-C0214,17,1,1,1,2.0,6.5,13
overlap,OVL-C0301,3,0,dead-OVL-C0301,97,2,1,1,3.0,12.0,0
overlap,OVL-C0302,3,1,c05,78,1,1,1,3.0,2.0,1
overlap,OVL-C0303,3,2,dead-OVL-C0001,76,1,1,1,3.0,3.0,2
overlap,OVL-C0304,3,3,dead-OVL-C0002,67,1,1,1,3.0,9.0,3
overlap,OVL-C0305,3,4,dead-OVL-C0003,62,1,1,1,3.0,11.0,4
overlap,OVL-C0306,3,5,dead-OVL-C0306,53,1,2,1,3.0,4.0,5
overlap,OVL-C0307,3,6,dead-OVL-C0004,48,1,2,1,3.0,5.0,6
overlap,OVL-C0308,3,7,c08,48,1,1,2,3.0,18.9,7
overlap,OVL-C0309,3,8,dead-OVL-C0007,43,1,2,1,3.0,10.0,8
overlap,OVL-C0310,3,9,dead-OVL-C0011,40,1,2,1,3.0,8.0,9
overlap,OVL-C0311,3,10,dead-OVL-C0311,31,1,1,1,3.0,14.0,10
overlap,OVL-C0312,3,11,c07,26,1,1,1,3.0,6.0,11
overlap,OVL-C0313,3,12,c12,25,1,1,1,3.0,15.0,12
overlap,OVL-C0314,3,13,dead-OVL-C0314,16,1,1,1,3.0,13.0,13
overlap,OVL-C0315,3,14,dead-OVL-C0214,10,1,1,1,3.0,7.0,14
overlap,OVL-C0401,4,0,dead-OVL-C0301,100,2,1,1,4.0,12.5,0
overlap,OVL-C0402,4,1,dead-OVL-C0003,96,2,1,1,4.0,11.5,1
overlap,OVL-C0403,4,2,dead-OVL-C0002,87,1,1,1,4.0,9.5,2
overlap,OVL-C0404,4,3,dead-OVL-C0001,79,2,2,1,4.0,3.5,3
overlap,OVL-C0405,4,4,dead-OVL-C0405,76,1,2,1,4.0,10.5,4
overlap,OVL-C0406,4,5,c05,61,1,1,1,4.0,2.5,5
overlap,OVL-C0407,4,6,c07,51,2,2,1,4.0,5.5,6
overlap,OVL-C0408,4,7,c08,45,1,1,2,4.0,18.9,7
overlap,OVL-C0409,4,8,dead-OVL-C0004,27,1,1,1,4.0,4.5,8
overlap,OVL-C0410,4,9,c12,26,1,1,1,4.0,14.5,9
overlap,OVL-C0411,4,10,dead-OVL-C0411,25,1,1,1,4.0,6.5,10
overlap,OVL-C0412,4,11,dead-OVL-C0311,22,1,1,1,4.0,13.5,11
overlap,OVL-C0413,4,12,dead-OVL-C0413,21,2,1,1,4.0,8.5,12
overlap,OVL-C0414,4,13,dead-OVL-C0414,5,1,1,1,4.0,7.5,13
overlap,OVL-C0501,5,0,dead-OVL-C0002,136,2,1,1,5.0,9.5,0
overlap,OVL-C0502,5,1,dead-OVL-C0301,92,1,1,1,5.0,12.5,1
overlap,OVL-C0503,5,2,dead-OVL-C0003,69,1,1,1,5.0,11.5,2
overlap,OVL-C0504,5,3,c05,68,1,1,1,5.0,2.5,3
overlap,OVL-C0505,5,4,dead-OVL-C0001,57,1,1,1,5.0,3.5,4
overlap,OVL-C0506,5,5,c07,55,2,1,1,5.0,4.5,5
overlap,OVL-C0507,5,6,c08,52,1,1,2,5.0,18.9,6
overlap,OVL-C0508,5,7,dead-OVL-C0413,43,1,3,1,5.0,8.5,7
overlap,OVL-C0509,5,8,dead-OVL-C0509,37,1,1,1,5.0,5.5,8
overlap,OVL-C0510,5,9,dead-OVL-C0510,29,2,2,1,5.0,7.5,9
overlap,OVL-C0511,5,10,dead-OVL-C0511,27,1,1,1,5.0,10.5,10
overlap,OVL-C0512,5,11,c12,27,1,1,1,5.0,14.5,11
overlap,OVL-C0513,5,12,dead-OVL-C0411,24,1,1,1,5.0,6.5,12
overlap,OVL-C0514,5,13,dead-OVL-C0311,19,1,1,1,5.0,13.5,13
overlap,OVL-C0601,6,0,dead-OVL-C0601,155,2,3,1,6.0,13.5,0
overlap,OVL-C0602,6,1,dead-OVL-C0002,102,1,1,1,6.0,9.5,1
overlap,OVL-C0603,6,2,dead-OVL-C0003,82,2,1,1,6.0,11.5,2
overlap,OVL-C0604,6,3,c05,71,1,1,1,6.0,2.5,3
overlap,OVL-C0605,6,4,dead-OVL-C0001,56,1,1,1,6.0,4.5,4
overlap,OVL-C0606,6,5,c07,55,1,1,1,6.0,5.5,5
overlap,OVL-C0607,6,6,dead-OVL-C0607,51,2,2,1,6.0,6.5,6
overlap,OVL-C0608,6,7,c12,48,1,1,1,6.0,14.5,7
overlap,OVL-C0609,6,8,c08,48,1,1,2,6.0,18.9,8
overlap,OVL-C0610,6,9,dead-OVL-C0511,25,1,1,1,6.0,10.5,9
overlap,OVL-C0611,6,10,dead-OVL-C0510,24,1,1,1,6.0,7.5,10
overlap,OVL-C0612,6,11,dead-OVL-C0612,11,1,1,1,6.0,3.5,11
overlap,OVL-C0613,6,12,dead-OVL-C0613,4,1,1,1,6.0,12.5,12
overlap,OVL-C0614,6,13,dead-OVL-C0614,4,1,1,1,6.0,8.5,13
overlap,OVL-C0701,7,0,dead-OVL-C0601,109,1,3,1,7.0,11.0,0
overlap,OVL-C0702,7,1,dead-OVL-C0001,98,2,1,1,7.0,4.0,1
overlap,OVL-C0703,7,2,dead-OVL-C0002,87,2,1,1,7.0,9.0,2
overlap,OVL-C0704,7,3,c05,83,2,1,1,7.0,3.0,3
overlap,OVL-C0705,7,4,dead-OVL-C0003,76,2,1,1,7.0,10.0,4
overlap,OVL-C0706,7,5,dead-OVL-C0706,66,1,1,1,7.0,12.0,5
overlap,OVL-C0707,7,6,c07,53,1,1,1,7.0,5.0,6
overlap,OVL-C0708,7,7,c12,49,1,2,1,7.0,13.0,7
overlap,OVL-C0709,7,8,c08,47,1,1,2,7.0,18.9,8
overlap,OVL-C0710,7,9,dead-OVL-C0510,25,1,1,1,7.0,6.0,9
overlap,OVL-C0711,7,10,dead-OVL-C0711,25,1,1,1,7.0,8.0,10
overlap,OVL-C0712,7,11,dead-OVL-C0712,18,1,1,1,7.0,14.0,11
overlap,OVL-C0713,7,12,dead-OVL-C0614,4,1,1,1,7.0,7.0,12
overlap,OVL-C0801,8,0,dead-OVL-C0002,109,1,1,1,8.0,7.5,0
overlap,OVL-C0802,8,1,dead-OVL-C0001,109,1,1,1,8.0,3.5,1
overlap,OVL-C0803,8,2,c05,83,1,1,1,8.0,2.5,2
overlap,OVL-C0804,8,3,dead-OVL-C0804,62,1,1,1,8.0,9.5,3
overlap,OVL-C0805,8,4,dead-OVL-C0706,58,1,1,1,8.0,11.5,4
overlap,OVL-C0806,8,5,dead-OVL-C0003,49,1,1,1,8.0,8.5,5
overlap,OVL-C0807,8,6,c07,49,1,1,1,8.0,4.5,6
overlap,OVL-C0808,8,7,dead-OVL-C0808,44,2,1,1,8.0,6.5,7
overlap,OVL-C0809,8,8,c08,44,1,1,2,8.0,18.9,8
overlap,OVL-C0810,8,9,dead-OVL-C0510,41,2,1,1,8.0,5.5,9
overlap,OVL-C0811,8,10,c12,26,1,1,1,8.0,14.5,10
overlap,OVL-C0812,8,11,dead-OVL-C0812,26,1,1,1,8.0,12.5,11
overlap,OVL-C0813,8,12,dead-OVL-C0813,22,1,1,1,8.0,10.5,12
overlap,OVL-C0814,8,13,dead-OVL-C0712,21,1,1,1,8.0,13.5,13
overlap,OVL-C0815,8,14,dead-OVL-C0815,3,0,0,3,8.0,21.299999999999997,14→dead
overlap,OVL-C0901,9,0,dead-OVL-C0001,130,1,2,1,9.0,4.0,0
overlap,OVL-C0902,9,1,dead-OVL-C0706,98,2,2,1,9.0,12.0,1
overlap,OVL-C0903,9,2,c05,79,1,1,1,9.0,3.0,2
overlap,OVL-C0904,9,3,dead-OVL-C0002,65,1,1,1,9.0,8.0,3
overlap,OVL-C0905,9,4,dead-OVL-C0804,65,1,2,1,9.0,10.0,4
overlap,OVL-C0906,9,5,dead-OVL-C0808,57,1,2,1,9.0,7.0,5
overlap,OVL-C0907,9,6,c07,55,1,1,1,9.0,5.0,6
overlap,OVL-C0908,9,7,dead-OVL-C0510,42,1,2,1,9.0,6.0,7
overlap,OVL-C0909,9,8,c08,41,1,1,2,9.0,18.9,8
overlap,OVL-C0910,9,9,dead-OVL-C0003,40,1,2,1,9.0,9.0,9
overlap,OVL-C0911,9,10,c12,28,1,1,1,9.0,14.0,10
overlap,OVL-C0912,9,11,dead-OVL-C0712,21,1,1,1,9.0,13.0,11
overlap,OVL-C0913,9,12,dead-OVL-C0813,19,1,1,1,9.0,11.0,12
overlap,OVL-C1001,10,0,dead-OVL-C1001,83,2,1,1,10.0,9.5,0
overlap,OVL-C1002,10,1,dead-OVL-C0002,78,1,1,1,10.0,8.5,1
overlap,OVL-C1003,10,2,c05,75,1,1,1,10.0,1.5,2
overlap,OVL-C1004,10,3,dead-OVL-C0706,64,1,1,1,10.0,14.5,3
overlap,OVL-C1005,10,4,c07,63,1,1,1,10.0,4.5,4
overlap,OVL-C1006,10,5,dead-OVL-C1006,53,2,2,1,10.0,5.5,5
overlap,OVL-C1007,10,6,dead-OVL-C1007,50,1,1,1,10.0,3.5,6
overlap,OVL-C1008,10,7,c02,43,2,1,1,10.0,7.5,7
overlap,OVL-C1009,10,8,c08,36,1,1,2,10.0,18.9,8
overlap,OVL-C1010,10,9,dead-OVL-C0510,34,1,1,1,10.0,6.5,9
overlap,OVL-C1011,10,10,dead-OVL-C1011,29,1,1,1,10.0,10.5,10
overlap,OVL-C1012,10,11,c12,29,1,1,1,10.0,15.5,11
overlap,OVL-C1013,10,12,dead-OVL-C1013,26,1,1,1,10.0,12.5,12
overlap,OVL-C1014,10,13,dead-OVL-C0712,25,1,1,1,10.0,13.5,13
overlap,OVL-C1015,10,14,dead-OVL-C0813,19,1,1,1,10.0,11.5,14
overlap,OVL-C1016,10,15,dead-OVL-C1016,3,1,1,1,10.0,2.5,15
overlap,OVL-C1101,11,0,dead-OVL-C1101,112,2,1,1,11.0,4.5,0
overlap,OVL-C1102,11,1,dead-OVL-C1001,96,3,2,1,11.0,10.5,1
overlap,OVL-C1103,11,2,c05,79,1,1,1,11.0,2.5,2
overlap,OVL-C1104,11,3,dead-OVL-C0002,77,1,1,1,11.0,9.5,3
overlap,OVL-C1105,11,4,dead-OVL-C0510,54,1,1,1,11.0,7.5,4
overlap,OVL-C1106,11,5,c02,52,1,1,1,11.0,8.5,5
overlap,OVL-C1107,11,6,dead-OVL-C1107,48,1,1,1,11.0,6.5,6
overlap,OVL-C1108,11,7,dead-OVL-C0706,45,1,1,1,11.0,13.5,7
overlap,OVL-C1109,11,8,c08,41,1,1,2,11.0,18.9,8
overlap,OVL-C1110,11,9,c07,31,1,1,1,11.0,5.5,9
overlap,OVL-C1111,11,10,c12,27,1,1,1,11.0,14.5,10
overlap,OVL-C1112,11,11,dead-OVL-C0712,25,1,1,1,11.0,12.5,11
overlap,OVL-C1113,11,12,dead-OVL-C1013,18,1,1,1,11.0,11.5,12
overlap,OVL-C1114,11,13,dead-OVL-C1016,4,1,1,1,11.0,3.5,13
overlap,OVL-C1201,12,0,dead-OVL-C1101,88,1,1,1,12.0,4.0,0
overlap,OVL-C1202,12,1,c05,85,1,2,1,12.0,2.0,1
overlap,OVL-C1203,12,2,dead-OVL-C0002,79,1,1,1,12.0,10.0,2
overlap,OVL-C1204,12,3,dead-OVL-C1001,77,1,1,1,12.0,8.0,3
overlap,OVL-C1205,12,4,c02,68,1,1,1,12.0,9.0,4
overlap,OVL-C1206,12,5,dead-OVL-C0706,65,1,1,1,12.0,14.0,5
overlap,OVL-C1207,12,6,dead-OVL-C1107,54,1,1,1,12.0,6.0,6
overlap,OVL-C1208,12,7,c07,51,1,1,1,12.0,5.0,7
overlap,OVL-C1209,12,8,c08,43,1,1,2,12.0,18.9,8
overlap,OVL-C1210,12,9,dead-OVL-C0510,28,1,1,1,12.0,7.0,9
overlap,OVL-C1211,12,10,c12,28,1,1,1,12.0,15.0,10
overlap,OVL-C1212,12,11,dead-OVL-C0712,23,1,1,1,12.0,12.0,11
overlap,OVL-C1213,12,12,dead-OVL-C1013,21,1,1,1,12.0,11.0,12
overlap,OVL-C1214,12,13,dead-OVL-C1214,9,1,1,1,12.0,13.0,13
overlap,OVL-C1215,12,14,dead-OVL-C1016,5,1,1,1,12.0,3.0,14
overlap,OVL-C1301,13,0,c02,101,2,1,1,13.0,9.0,0
overlap,OVL-C1302,13,1,dead-OVL-C0002,92,1,2,1,13.0,10.0,1
overlap,OVL-C1303,13,2,c05,88,1,1,1,13.0,2.0,2
overlap,OVL-C1304,13,3,dead-OVL-C1101,81,1,2,1,13.0,5.0,3
overlap,OVL-C1305,13,4,dead-OVL-C0706,80,1,1,1,13.0,14.0,4
overlap,OVL-C1306,13,5,dead-OVL-C1107,80,1,2,1,13.0,7.0,5
overlap,OVL-C1307,13,6,c07,58,1,1,1,13.0,6.0,6
overlap,OVL-C1308,13,7,c08,44,1,1,2,13.0,18.9,7
overlap,OVL-C1309,13,8,c12,29,1,1,1,13.0,15.0,8
overlap,OVL-C1310,13,9,dead-OVL-C1013,26,1,1,1,13.0,11.0,9
overlap,OVL-C1311,13,10,dead-OVL-C0510,25,1,1,1,13.0,8.0,10
overlap,OVL-C1312,13,11,dead-OVL-C1214,20,1,1,1,13.0,13.0,11
overlap,OVL-C1313,13,12,dead-OVL-C0712,19,1,1,1,13.0,12.0,12
overlap,OVL-C1314,13,13,dead-OVL-C1016,6,1,1,1,13.0,4.0,13
overlap,OVL-C1315,13,14,dead-OVL-C1315,3,1,1,1,13.0,3.0,14
overlap,OVL-C1401,14,0,c02,99,2,1,1,14.0,9.5,0
overlap,OVL-C1402,14,1,c05,85,2,1,1,14.0,2.5,1
overlap,OVL-C1403,14,2,dead-OVL-C0706,82,1,1,1,14.0,13.5,2
overlap,OVL-C1404,14,3,dead-OVL-C1107,82,2,2,1,14.0,10.5,3
overlap,OVL-C1405,14,4,dead-OVL-C0002,65,1,2,1,14.0,6.5,4
overlap,OVL-C1406,14,5,c07,60,1,1,1,14.0,7.5,5
overlap,OVL-C1407,14,6,c04,53,2,2,1,14.0,5.5,6
overlap,OVL-C1408,14,7,c12,50,1,2,1,14.0,14.5,7
overlap,OVL-C1409,14,8,dead-OVL-C1101,48,1,1,1,14.0,4.5,8
overlap,OVL-C1410,14,9,c08,46,1,1,2,14.0,18.9,9
overlap,OVL-C1411,14,10,c10,44,1,1,1,14.0,12.5,10
overlap,OVL-C1412,14,11,dead-OVL-C0510,24,1,1,1,14.0,8.5,11
overlap,OVL-C1413,14,12,dead-OVL-C1214,20,1,1,1,14.0,11.5,12
overlap,OVL-C1414,14,13,dead-OVL-C1016,6,1,1,1,14.0,3.5,13
overlap,OVL-C1501,15,0,c02,179,3,2,1,15.0,8.0,0
overlap,OVL-C1502,15,1,c05,97,1,1,1,15.0,3.0,1
overlap,OVL-C1503,15,2,c04,68,3,1,1,15.0,4.0,2
overlap,OVL-C1504,15,3,dead-OVL-C1101,67,1,1,1,15.0,5.0,3
overlap,OVL-C1505,15,4,dead-OVL-C0706,60,1,1,1,15.0,12.0,4
overlap,OVL-C1506,15,5,c07,58,1,1,1,15.0,6.0,5
overlap,OVL-C1507,15,6,dead-OVL-C0510,45,2,2,1,15.0,7.0,6
overlap,OVL-C1508,15,7,c08,44,1,1,2,15.0,18.9,7
overlap,OVL-C1509,15,8,c10,40,1,1,1,15.0,11.0,8
overlap,OVL-C1510,15,9,c12,27,1,1,1,15.0,13.0,9
overlap,OVL-C1511,15,10,c14,22,1,1,1,15.0,9.0,10
overlap,OVL-C1512,15,11,dead-OVL-C1512,22,1,1,1,15.0,14.0,11
overlap,OVL-C1513,15,12,dead-OVL-C1214,17,1,1,1,15.0,10.0,12
overlap,OVL-C1601,16,0,c03,124,1,1,1,16.0,12.0,0
overlap,OVL-C1602,16,1,c01,105,2,1,1,16.0,7.0,1
overlap,OVL-C1603,16,2,c04,96,2,1,1,16.0,5.0,2
overlap,OVL-C1604,16,3,c02,95,1,2,1,16.0,9.0,3
overlap,OVL-C1605,16,4,c07,94,2,2,1,16.0,6.0,4
overlap,OVL-C1606,16,5,c05,90,1,1,1,16.0,4.0,5
overlap,OVL-C1607,16,6,c12,51,2,1,1,16.0,13.0,6
overlap,OVL-C1608,16,7,c08,45,1,1,2,16.0,18.9,7
overlap,OVL-C1609,16,8,c10,39,1,1,1,16.0,11.0,8
overlap,OVL-C1610,16,9,c14,24,1,1,1,16.0,8.0,9
overlap,OVL-C1611,16,10,dead-OVL-C1214,14,1,1,1,16.0,10.0,10
overlap,OVL-C1701,17,0,c03,148,1,2,1,17.0,13.5,0
overlap,OVL-C1702,17,1,c04,98,1,2,1,17.0,3.5,1
overlap,OVL-C1703,17,2,c05,97,1,1,1,17.0,2.5,2
overlap,OVL-C1704,17,3,c01,83,1,1,1,17.0,6.5,3
overlap,OVL-C1705,17,4,c02,73,1,1,1,17.0,8.5,4
overlap,OVL-C1706,17,5,c07,65,1,1,1,17.0,4.5,5
overlap,OVL-C1707,17,6,c12,51,1,2,1,17.0,14.5,6
overlap,OVL-C1708,17,7,c08,48,1,1,2,17.0,18.9,7
overlap,OVL-C1709,17,8,c10,38,1,1,1,17.0,12.5,8
overlap,OVL-C1710,17,9,c13,38,1,1,1,17.0,5.5,9
overlap,OVL-C1711,17,10,c14,26,1,1,1,17.0,7.5,10
overlap,OVL-C1712,17,11,dead-OVL-C1712,21,1,1,1,17.0,10.5,11
overlap,OVL-C1713,17,12,dead-OVL-C1214,19,1,1,1,17.0,11.5,12
overlap,OVL-C1714,17,13,dead-OVL-C1714,3,0,1,1,17.0,9.5,13
overlap,OVL-C1801,18,0,c05,104,1,2,1,18.0,1.5,0
overlap,OVL-C1802,18,1,c01,90,1,2,1,18.0,6.5,1
overlap,OVL-C1803,18,2,c04,86,1,1,1,18.0,2.5,2
overlap,OVL-C1804,18,3,c07,80,1,2,1,18.0,4.5,3
overlap,OVL-C1805,18,4,c02,72,2,1,1,18.0,8.5,4
overlap,OVL-C1806,18,5,c06,71,1,1,1,18.0,12.5,5
overlap,OVL-C1807,18,6,c03,70,1,1,1,18.0,13.5,6
overlap,OVL-C1808,18,7,c08,44,1,1,2,18.0,18.9,7
overlap,OVL-C1809,18,8,c10,33,1,1,1,18.0,11.5,8
overlap,OVL-C1810,18,9,c12,30,1,1,1,18.0,14.5,9
overlap,OVL-C1811,18,10,dead-OVL-C1712,28,1,1,1,18.0,9.5,10
overlap,OVL-C1812,18,11,c13,25,1,1,1,18.0,5.5,11
overlap,OVL-C1813,18,12,c14,24,1,1,1,18.0,7.5,12
overlap,OVL-C1814,18,13,c16,21,1,1,1,18.0,15.5,13
overlap,OVL-C1815,18,14,dead-OVL-C1214,18,1,2,1,18.0,10.5,14
overlap,OVL-C1816,18,15,c18,4,1,1,1,18.0,3.5,15
overlap,OVL-C1901,19,0,c01,93,2,0,1,19.0,9.5,0→c01
overlap,OVL-C1902,19,1,c02,88,2,0,1,19.0,10.5,1→c02
overlap,OVL-C1903,19,2,c03,82,1,0,1,19.0,14.5,2→c03
overlap,OVL-C1904,19,3,c04,79,1,0,1,19.0,2.5,3→c04
overlap,OVL-C1905,19,4,c05,65,1,0,1,19.0,0.5,4→c05
overlap,OVL-C1906,19,5,c06,61,1,0,1,19.0,13.5,5→c06
overlap,OVL-C1907,19,6,c07,53,1,0,1,19.0,4.5,6→c07
overlap,OVL-C1908,19,7,c08,47,1,0,2,19.0,18.9,7→c08
overlap,OVL-C1909,19,8,c09,37,1,0,1,19.0,5.5,8→c09
overlap,OVL-C1910,19,9,c10,34,1,0,1,19.0,12.5,9→c10
overlap,OVL-C1911,19,10,c11,34,1,0,1,19.0,1.5,10→c11
overlap,OVL-C1912,19,11,c12,30,1,0,1,19.0,15.5,11→c12
overlap,OVL-C1913,19,12,c13,26,1,0,1,19.0,6.5,12→c13
overlap,OVL-C1914,19,13,c14,22,1,0,1,19.0,8.5,13→c14
overlap,OVL-C1915,19,14,c15,21,1,0,1,19.0,7.5,14→c15
overlap,OVL-C1916,19,15,c16,19,1,0,1,19.0,16.5,15→c16
overlap,OVL-C1917,19,16,c17,9,1,0,1,19.0,11.5,16→c17
overlap,OVL-C1918,19,17,c18,4,1,0,1,19.0,3.5,17→c18
