metric,overlap_20,overlap_50,absolute_change,percent_change
mean_window_width_days,50.0,20.6276,-29.3724,-0.587448
mean_stride_days,25.0,10.313673469387755,-14.686326530612245,-0.5874530612244898
mean_temporal_edges_per_snapshot,31160.05,12933.1,-18226.949999999997,-0.5849461088797996
snapshot_transition_count,19.0,49.0,30.0,1.5789473684210527
observation_group_count,289.0,772.0,483.0,1.671280276816609
all_identity_chain_count,69.0,203.0,134.0,1.9420289855072463
final_group_count,18.0,15.0,-3.0,-0.16666666666666666
dead_identity_chain_count,51.0,188.0,137.0,2.6862745098039214
mean_observation_group_size,51.6643598615917,43.69170984455958,-7.972650017032116,-0.15431624505540698
median_observation_group_size,48.0,41.0,-7.0,-0.14583333333333334
mean_final_group_size,44.666666666666664,49.2,4.5333333333333385,0.10149253731343295
mean_identity_lifespan_snapshots,4.188405797101449,3.8029556650246303,-0.3854501320768189,-0.09202788620519205
mean_identity_lifespan_share,0.2094202898550725,0.07605911330049261,-0.13336117655457988,-0.6368111544820768
mean_within_chain_size_cv,0.16375800296016002,0.16732399476767748,0.00356599180751746,0.021775984947648725
birth_event_count,17.0,34.0,17.0,1.0
continuation_event_count,170.0,458.0,288.0,1.6941176470588235
split_event_count,44.0,115.0,71.0,1.6136363636363635
merge_event_count,42.0,115.0,73.0,1.7380952380952381
death_event_count,1.0,20.0,19.0,19.0
split_events_per_transition,2.3157894736842106,2.3469387755102042,0.031149301825993625,0.013450834879406338
merge_events_per_transition,2.210526315789474,2.3469387755102042,0.13641245972073035,0.061710398445092296
split_events_per_100_observations,15.22491349480969,14.896373056994818,-0.32854043781487086,-0.02157913330193129
merge_events_per_100_observations,14.53287197231834,14.896373056994818,0.36350108467647857,0.02501233654083388
accepted_relation_count,317.0,861.0,544.0,1.7160883280757098
mean_accepted_jaccard,0.5237627823343849,0.491222018583043,-0.032540763751341906,-0.06212882023863805
median_accepted_jaccard,0.517857,0.48,-0.03785700000000003,-0.07310319258019111
mean_inherited_jaccard,0.6554494000000001,0.6346153866432337,-0.02083401335676638,-0.03178584549282733
final_group_event_involvement_count,145.0,243.0,98.0,0.6758620689655173
mean_event_involvements_per_final_group,8.055555555555555,16.2,8.144444444444444,1.0110344827586206
network_observation_nodes,289.0,772.0,483.0,1.671280276816609
network_accepted_edges,317.0,861.0,544.0,1.7160883280757098
network_start_snapshot_nodes,15.0,17.0,2.0,0.13333333333333333
network_end_snapshot_nodes,18.0,15.0,-3.0,-0.16666666666666666
network_root_nodes,17.0,34.0,17.0,1.0
network_terminal_nodes,19.0,35.0,16.0,0.8421052631578947
network_split_nodes,44.0,115.0,71.0,1.6136363636363635
network_merge_nodes,42.0,115.0,73.0,1.7380952380952381
network_split_branch_excess,47.0,124.0,77.0,1.6382978723404256
network_merge_branch_excess,45.0,123.0,78.0,1.7333333333333334
network_weakly_connected_components,3.0,6.0,3.0,1.0
network_largest_component_nodes,268.0,762.0,494.0,1.8432835820895523
network_largest_component_share,0.9273356401384083,0.9870466321243523,0.059710991985943984,0.06438983837290228
network_mean_component_nodes,96.33333333333333,128.66666666666666,32.33333333333333,0.3356401384083045
network_max_depth_edges,19.0,49.0,30.0,1.5789473684210527
network_mean_node_depth,9.432525951557093,22.509067357512954,13.076541405955862,1.3863244557304637
network_mean_component_depth_edges,12.666666666666666,9.0,-3.666666666666666,-0.28947368421052627
network_max_snapshot_breadth,18.0,20.0,2.0,0.1111111111111111
network_mean_snapshot_breadth,14.45,15.44,0.9900000000000002,0.06851211072664362
network_mean_observation_size,51.6643598615917,43.69170984455958,-7.972650017032116,-0.15431624505540698
classic_stage_count,57.0,102.0,45.0,0.7894736842105263
classic_mean_stages_per_group,4.071428571428571,6.8,2.7285714285714286,0.6701754385964913
event_stage_count,36.0,57.0,21.0,0.5833333333333334
event_mean_stages_per_group,2.5714285714285716,3.8,1.2285714285714282,0.4777777777777776
classic_event_stage_type_agreement,0.4954128440366973,0.5141509433962265,0.018738099359529192,0.03782320055904966
classic_event_boundary_jaccard,0.3,0.29,-0.010000000000000009,-0.03333333333333337
