approach,method,stage_type,stage_count,stage_count_share,transition_duration,transition_duration_share,count_duration_index,mean_stage_length_snapshots,mean_group_transition_share,groups_with_stage,group_prevalence,snapshot_count
overlap_20,classic,Erosion,11,0.19298245614035087,12,0.11009174311926606,0.15153709962980846,2.090909090909091,0.15350877192982454,7,0.5,20
overlap_20,classic,Turnover-Shrinkage,9,0.15789473684210525,20,0.1834862385321101,0.17069048768710768,3.2222222222222223,0.2316624895572264,7,0.5,20
overlap_20,classic,Steady-Stability,4,0.07017543859649122,4,0.03669724770642202,0.05343634315145662,2.0,0.15037593984962405,3,0.21428571428571427,20
overlap_20,classic,Fluid-Stability,8,0.14035087719298245,22,0.2018348623853211,0.17109286978915178,3.75,0.14452798663324978,6,0.42857142857142855,20
overlap_20,classic,Organic-Growth,12,0.21052631578947367,25,0.22935779816513763,0.21994205697730565,3.0833333333333335,0.13575605680868838,4,0.2857142857142857,20
overlap_20,classic,Dynamic-Growth,13,0.22807017543859648,26,0.23853211009174313,0.2333011427651698,3.0,0.18416875522138682,6,0.42857142857142855,20
overlap_20,event_based,Erosion,2,0.05555555555555555,3,0.027522935779816515,0.041539245667686034,2.5,0.07936507936507937,2,0.14285714285714285,20
overlap_20,event_based,Turnover-Shrinkage,10,0.2777777777777778,24,0.22018348623853212,0.24898063200815496,3.4,0.33663324979114456,9,0.6428571428571429,20
overlap_20,event_based,Steady-Stability,3,0.08333333333333333,3,0.027522935779816515,0.05542813455657492,2.0,0.14661654135338345,3,0.21428571428571427,20
overlap_20,event_based,Fluid-Stability,10,0.2777777777777778,49,0.44954128440366975,0.3636595310907238,5.9,0.25969089390142025,7,0.5,20
overlap_20,event_based,Organic-Growth,2,0.05555555555555555,12,0.11009174311926606,0.0828236493374108,7.0,0.06746031746031746,2,0.14285714285714285,20
overlap_20,event_based,Dynamic-Growth,9,0.25,18,0.1651376146788991,0.20756880733944955,3.0,0.11023391812865498,5,0.35714285714285715,20
overlap_50,classic,Erosion,15,0.14705882352941177,33,0.15566037735849056,0.15135960044395116,3.2,0.20188964474678758,8,0.5333333333333333,50
overlap_50,classic,Turnover-Shrinkage,31,0.30392156862745096,66,0.3113207547169811,0.30762116167221604,3.129032258064516,0.26814814814814814,12,0.8,50
overlap_50,classic,Steady-Stability,1,0.00980392156862745,1,0.0047169811320754715,0.007260451350351461,2.0,0.06666666666666667,1,0.06666666666666667,50
overlap_50,classic,Fluid-Stability,15,0.14705882352941177,39,0.18396226415094338,0.16551054384017758,3.6,0.17694633408919122,9,0.6,50
overlap_50,classic,Organic-Growth,14,0.13725490196078433,20,0.09433962264150944,0.11579726230114688,2.4285714285714284,0.06762660619803477,7,0.4666666666666667,50
overlap_50,classic,Dynamic-Growth,26,0.2549019607843137,53,0.25,0.25245098039215685,3.0384615384615383,0.21872260015117156,9,0.6,50
overlap_50,event_based,Erosion,4,0.07017543859649122,17,0.08018867924528301,0.07518205892088711,5.25,0.11322751322751322,3,0.2,50
overlap_50,event_based,Turnover-Shrinkage,19,0.3333333333333333,74,0.3490566037735849,0.3411949685534591,4.894736842105263,0.3348828420256992,11,0.7333333333333333,50
overlap_50,event_based,Steady-Stability,1,0.017543859649122806,1,0.0047169811320754715,0.011130420390599138,2.0,0.06666666666666667,1,0.06666666666666667,50
overlap_50,event_based,Fluid-Stability,15,0.2631578947368421,30,0.14150943396226415,0.20233366434955313,3.0,0.17739984882842028,8,0.5333333333333333,50
overlap_50,event_based,Organic-Growth,1,0.017543859649122806,1,0.0047169811320754715,0.011130420390599138,2.0,0.0031746031746031746,1,0.06666666666666667,50
overlap_50,event_based,Dynamic-Growth,17,0.2982456140350877,89,0.419811320754717,0.35902846739490235,6.235294117647059,0.3046485260770975,8,0.5333333333333333,50
