approach,event_id,event_type,from_snapshot,to_snapshot,source_local_ids,source_observation_ids,target_local_ids,target_observation_ids,source_count,target_count,overlap_sizes,jaccard_scores,prospective_stabilities,retrospective_stabilities,relation_qualifiers
cumulative,CUM-E0001,birth,,0,,,0,CUM-C0001,0,1,,,,,
cumulative,CUM-E0002,birth,,0,,,1,CUM-C0002,0,1,,,,,
cumulative,CUM-E0003,birth,,0,,,2,CUM-C0003,0,1,,,,,
cumulative,CUM-E0004,birth,,0,,,3,CUM-C0004,0,1,,,,,
cumulative,CUM-E0005,birth,,0,,,4,CUM-C0005,0,1,,,,,
cumulative,CUM-E0006,birth,,0,,,5,CUM-C0006,0,1,,,,,
cumulative,CUM-E0007,birth,,0,,,6,CUM-C0007,0,1,,,,,
cumulative,CUM-E0008,birth,,0,,,7,CUM-C0008,0,1,,,,,
cumulative,CUM-E0009,birth,,0,,,8,CUM-C0009,0,1,,,,,
cumulative,CUM-E0010,birth,,0,,,9,CUM-C0010,0,1,,,,,
cumulative,CUM-E0011,birth,,0,,,10,CUM-C0011,0,1,,,,,
cumulative,CUM-E0012,birth,,0,,,11,CUM-C0012,0,1,,,,,
cumulative,CUM-E0013,birth,,0,,,12,CUM-C0013,0,1,,,,,
cumulative,CUM-E0014,birth,,0,,,13,CUM-C0014,0,1,,,,,
cumulative,CUM-E0015,birth,,0,,,14,CUM-C0015,0,1,,,,,
cumulative,CUM-E0016,split,0,1,3,CUM-C0004,10;5,CUM-C0111;CUM-C0106,1,2,29;31,0.475410;0.364706,0.475410;0.508197,1.000000;0.563636,both;both
cumulative,CUM-E0017,split,0,1,9,CUM-C0010,8;0,CUM-C0109;CUM-C0101,1,2,17;19,0.288136;0.105556,0.386364;0.431818,0.531250;0.122581,retrospective;prospective
cumulative,CUM-E0018,merge,0,1,2;4;9,CUM-C0003;CUM-C0005;CUM-C0010,0,CUM-C0101,3,1,58;27;19,0.367089;0.143617;0.105556,0.950820;0.450000;0.431818,0.374194;0.174194;0.122581,prospective;prospective;prospective
cumulative,CUM-E0019,merge,0,1,0;14,CUM-C0001;CUM-C0015,1,CUM-C0102,2,1,80;6,0.579710;0.055556,0.727273;1.000000,0.740741;0.055556,both;prospective
cumulative,CUM-E0020,merge,0,1,7;10,CUM-C0008;CUM-C0011,2,CUM-C0103,2,1,41;23,0.445652;0.264368,0.820000;0.851852,0.493976;0.277108,both;prospective
cumulative,CUM-E0021,merge,0,1,5;13,CUM-C0006;CUM-C0014,3,CUM-C0104,2,1,57;10,0.750000;0.131579,1.000000;1.000000,0.750000;0.131579,both;prospective
cumulative,CUM-E0022,continuation,0,1,1,CUM-C0002,4,CUM-C0105,1,1,68,0.653846,0.680000,0.944444,both
cumulative,CUM-E0023,continuation,0,1,8,CUM-C0009,6,CUM-C0107,1,1,45,0.849057,0.957447,0.882353,both
cumulative,CUM-E0024,continuation,0,1,6,CUM-C0007,7,CUM-C0108,1,1,31,0.534483,0.620000,0.794872,both
cumulative,CUM-E0025,birth,0,1,,,9,CUM-C0110,0,1,,,,,
cumulative,CUM-E0026,continuation,0,1,11,CUM-C0012,11,CUM-C0112,1,1,27,0.931034,1.000000,0.931034,both
cumulative,CUM-E0027,continuation,0,1,12,CUM-C0013,12,CUM-C0113,1,1,24,1.000000,1.000000,1.000000,both
cumulative,CUM-E0028,split,1,2,1,CUM-C0102,2;11,CUM-C0203;CUM-C0212,1,2,76;7,0.690909;0.064815,0.703704;0.064815,0.974359;1.000000,both;retrospective
cumulative,CUM-E0029,split,1,2,2,CUM-C0103,1;12,CUM-C0202;CUM-C0213,1,2,74;5,0.685185;0.060241,0.891566;0.060241,0.747475;1.000000,both;retrospective
cumulative,CUM-E0030,merge,1,2,0;9,CUM-C0101;CUM-C0110,0,CUM-C0201,2,1,137;20,0.702564;0.105820,0.883871;0.625000,0.774011;0.112994,both;prospective
cumulative,CUM-E0031,continuation,1,2,3,CUM-C0104,3,CUM-C0204,1,1,74,0.925000,0.973684,0.948718,both
cumulative,CUM-E0032,merge,1,2,8;12,CUM-C0109;CUM-C0113,4,CUM-C0205,2,1,31;24,0.407895;0.320000,0.968750;1.000000,0.413333;0.320000,both;prospective
cumulative,CUM-E0033,continuation,1,2,4,CUM-C0105,5,CUM-C0206,1,1,70,0.921053,0.972222,0.945946,both
cumulative,CUM-E0034,continuation,1,2,7,CUM-C0108,6,CUM-C0207,1,1,35,0.573770,0.897436,0.614035,both
cumulative,CUM-E0035,continuation,1,2,5,CUM-C0106,7,CUM-C0208,1,1,53,0.946429,0.963636,0.981481,both
cumulative,CUM-E0036,continuation,1,2,6,CUM-C0107,8,CUM-C0209,1,1,46,0.851852,0.901961,0.938776,both
cumulative,CUM-E0037,continuation,1,2,11,CUM-C0112,9,CUM-C0210,1,1,29,0.935484,1.000000,0.935484,both
cumulative,CUM-E0038,continuation,1,2,10,CUM-C0111,10,CUM-C0211,1,1,29,0.966667,1.000000,0.966667,both
cumulative,CUM-E0039,split,2,3,1,CUM-C0202,3;11,CUM-C0304;CUM-C0312,1,2,67;27,0.620370;0.267327,0.676768;0.272727,0.881579;0.931034,both;retrospective
cumulative,CUM-E0040,continuation,2,3,0,CUM-C0201,0,CUM-C0301,1,1,163,0.890710,0.920904,0.964497,both
cumulative,CUM-E0041,continuation,2,3,2,CUM-C0203,1,CUM-C0302,1,1,75,0.750000,0.961538,0.773196,both
cumulative,CUM-E0042,continuation,2,3,3,CUM-C0204,2,CUM-C0303,1,1,78,0.917647,1.000000,0.917647,both
cumulative,CUM-E0043,merge,2,3,1;12,CUM-C0202;CUM-C0213,3,CUM-C0304,2,1,67;5,0.620370;0.065789,0.676768;1.000000,0.881579;0.065789,both;prospective
cumulative,CUM-E0044,continuation,2,3,4,CUM-C0205,4,CUM-C0305,1,1,66,0.804878,0.880000,0.904110,both
cumulative,CUM-E0045,continuation,2,3,5,CUM-C0206,5,CUM-C0306,1,1,69,0.896104,0.932432,0.958333,both
cumulative,CUM-E0046,continuation,2,3,6,CUM-C0207,6,CUM-C0307,1,1,54,0.843750,0.947368,0.885246,both
cumulative,CUM-E0047,continuation,2,3,7,CUM-C0208,7,CUM-C0308,1,1,51,0.910714,0.944444,0.962264,both
cumulative,CUM-E0048,continuation,2,3,8,CUM-C0209,8,CUM-C0309,1,1,47,0.903846,0.959184,0.940000,both
cumulative,CUM-E0049,continuation,2,3,10,CUM-C0211,9,CUM-C0310,1,1,30,0.967742,1.000000,0.967742,both
cumulative,CUM-E0050,continuation,2,3,9,CUM-C0210,10,CUM-C0311,1,1,31,1.000000,1.000000,1.000000,both
cumulative,CUM-E0051,continuation,2,3,11,CUM-C0212,12,CUM-C0313,1,1,6,0.600000,0.857143,0.666667,both
cumulative,CUM-E0052,split,3,4,4,CUM-C0305,10;11,CUM-C0411;CUM-C0412,1,2,22;20,0.301370;0.266667,0.301370;0.273973,1.000000;0.909091,retrospective;retrospective
cumulative,CUM-E0053,split,3,4,7,CUM-C0308,9;5,CUM-C0410;CUM-C0406,1,2,26;27,0.481481;0.313953,0.490566;0.509434,0.962963;0.450000,both;both
cumulative,CUM-E0054,continuation,3,4,0,CUM-C0301,0,CUM-C0401,1,1,164,0.901099,0.970414,0.926554,both
cumulative,CUM-E0055,merge,3,4,1;12,CUM-C0302;CUM-C0313,1,CUM-C0402,2,1,76;9,0.546763;0.076271,0.783505;1.000000,0.644068;0.076271,both;prospective
cumulative,CUM-E0056,merge,3,4,3;11,CUM-C0304;CUM-C0312,2,CUM-C0403,2,1,68;27,0.571429;0.238938,0.894737;0.931034,0.612613;0.243243,both;prospective
cumulative,CUM-E0057,continuation,3,4,2,CUM-C0303,3,CUM-C0404,1,1,83,0.838384,0.976471,0.855670,both
cumulative,CUM-E0058,continuation,3,4,5,CUM-C0306,4,CUM-C0405,1,1,71,0.922078,0.986111,0.934211,both
cumulative,CUM-E0059,merge,3,4,9;7,CUM-C0310;CUM-C0308,5,CUM-C0406,2,1,31;27,0.516667;0.313953,1.000000;0.509434,0.516667;0.450000,both;both
cumulative,CUM-E0060,continuation,3,4,6,CUM-C0307,6,CUM-C0407,1,1,57,0.904762,0.934426,0.966102,both
cumulative,CUM-E0061,continuation,3,4,8,CUM-C0309,7,CUM-C0408,1,1,50,0.909091,1.000000,0.909091,both
cumulative,CUM-E0062,continuation,3,4,10,CUM-C0311,8,CUM-C0409,1,1,31,1.000000,1.000000,1.000000,both
cumulative,CUM-E0063,split,4,5,1,CUM-C0402,5;3;11,CUM-C0506;CUM-C0504;CUM-C0512,1,3,66;39;7,0.515625;0.236364;0.059322,0.559322;0.330508;0.059322,0.868421;0.453488;1.000000,both;retrospective;retrospective
cumulative,CUM-E0064,continuation,4,5,0,CUM-C0401,0,CUM-C0501,1,1,169,0.884817,0.954802,0.923497,both
cumulative,CUM-E0065,continuation,4,5,2,CUM-C0403,1,CUM-C0502,1,1,104,0.912281,0.936937,0.971963,both
cumulative,CUM-E0066,continuation,4,5,3,CUM-C0404,2,CUM-C0503,1,1,92,0.884615,0.948454,0.929293,both
cumulative,CUM-E0067,merge,4,5,10;11;1,CUM-C0411;CUM-C0412;CUM-C0402,3,CUM-C0504,3,1,22;22;39,0.255814;0.255814;0.236364,1.000000;1.000000;0.330508,0.255814;0.255814;0.453488,prospective;prospective;retrospective
cumulative,CUM-E0068,continuation,4,5,4,CUM-C0405,4,CUM-C0505,1,1,74,0.925000,0.973684,0.948718,both
cumulative,CUM-E0069,continuation,4,5,6,CUM-C0407,6,CUM-C0507,1,1,57,0.890625,0.966102,0.919355,both
cumulative,CUM-E0070,continuation,4,5,5,CUM-C0406,7,CUM-C0508,1,1,60,0.967742,1.000000,0.967742,both
cumulative,CUM-E0071,continuation,4,5,7,CUM-C0408,8,CUM-C0509,1,1,51,0.894737,0.927273,0.962264,both
cumulative,CUM-E0072,continuation,4,5,8,CUM-C0409,9,CUM-C0510,1,1,31,1.000000,1.000000,1.000000,both
cumulative,CUM-E0073,continuation,4,5,9,CUM-C0410,10,CUM-C0511,1,1,27,1.000000,1.000000,1.000000,both
cumulative,CUM-E0074,split,5,6,3,CUM-C0504,7;11,CUM-C0608;CUM-C0612,1,2,59;24,0.662921;0.279070,0.686047;0.279070,0.951613;1.000000,both;retrospective
cumulative,CUM-E0075,continuation,5,6,0,CUM-C0501,0,CUM-C0601,1,1,170,0.894737,0.928962,0.960452,both
cumulative,CUM-E0076,continuation,5,6,1,CUM-C0502,1,CUM-C0602,1,1,101,0.918182,0.943925,0.971154,both
cumulative,CUM-E0077,continuation,5,6,2,CUM-C0503,2,CUM-C0603,1,1,98,0.942308,0.989899,0.951456,both
cumulative,CUM-E0078,continuation,5,6,4,CUM-C0505,3,CUM-C0604,1,1,77,0.905882,0.987179,0.916667,both
cumulative,CUM-E0079,continuation,5,6,5,CUM-C0506,4,CUM-C0605,1,1,65,0.730337,0.855263,0.833333,both
cumulative,CUM-E0080,continuation,5,6,6,CUM-C0507,5,CUM-C0606,1,1,61,0.938462,0.983871,0.953125,both
cumulative,CUM-E0081,continuation,5,6,7,CUM-C0508,6,CUM-C0607,1,1,62,0.968750,1.000000,0.968750,both
cumulative,CUM-E0082,continuation,5,6,8,CUM-C0509,8,CUM-C0609,1,1,53,0.946429,1.000000,0.946429,both
cumulative,CUM-E0083,continuation,5,6,9,CUM-C0510,9,CUM-C0610,1,1,31,1.000000,1.000000,1.000000,both
cumulative,CUM-E0084,continuation,5,6,10,CUM-C0511,10,CUM-C0611,1,1,26,0.896552,0.962963,0.928571,both
cumulative,CUM-E0085,continuation,5,6,11,CUM-C0512,12,CUM-C0613,1,1,7,0.875000,1.000000,0.875000,both
cumulative,CUM-E0086,continuation,6,7,0,CUM-C0601,0,CUM-C0701,1,1,171,0.846535,0.966102,0.872449,both
cumulative,CUM-E0087,continuation,6,7,1,CUM-C0602,1,CUM-C0702,1,1,102,0.836066,0.980769,0.850000,both
cumulative,CUM-E0088,continuation,6,7,2,CUM-C0603,2,CUM-C0703,1,1,103,0.927928,1.000000,0.927928,both
cumulative,CUM-E0089,continuation,6,7,3,CUM-C0604,3,CUM-C0704,1,1,76,0.737864,0.904762,0.800000,both
cumulative,CUM-E0090,continuation,6,7,6,CUM-C0607,4,CUM-C0705,1,1,64,0.955224,1.000000,0.955224,both
cumulative,CUM-E0091,continuation,6,7,5,CUM-C0606,5,CUM-C0706,1,1,59,0.867647,0.921875,0.936508,both
cumulative,CUM-E0092,continuation,6,7,7,CUM-C0608,6,CUM-C0707,1,1,58,0.906250,0.935484,0.966667,both
cumulative,CUM-E0093,continuation,6,7,4,CUM-C0605,7,CUM-C0708,1,1,51,0.614458,0.653846,0.910714,both
cumulative,CUM-E0094,continuation,6,7,8,CUM-C0609,8,CUM-C0709,1,1,55,0.982143,0.982143,1.000000,both
cumulative,CUM-E0095,continuation,6,7,9,CUM-C0610,9,CUM-C0710,1,1,31,0.968750,1.000000,0.968750,both
cumulative,CUM-E0096,continuation,6,7,11,CUM-C0612,10,CUM-C0711,1,1,24,0.857143,1.000000,0.857143,both
cumulative,CUM-E0097,continuation,6,7,10,CUM-C0611,11,CUM-C0712,1,1,27,0.964286,0.964286,1.000000,both
cumulative,CUM-E0098,continuation,6,7,12,CUM-C0613,12,CUM-C0713,1,1,8,0.800000,1.000000,0.800000,both
cumulative,CUM-E0099,split,7,8,0,CUM-C0701,0;8,CUM-C0801;CUM-C0809,1,2,165;25,0.785714;0.109170,0.841837;0.127551,0.921788;0.431034,both;retrospective
cumulative,CUM-E0100,continuation,7,8,1,CUM-C0702,1,CUM-C0802,1,1,116,0.899225,0.966667,0.928000,both
cumulative,CUM-E0101,continuation,7,8,2,CUM-C0703,2,CUM-C0803,1,1,107,0.914530,0.963964,0.946903,both
cumulative,CUM-E0102,continuation,7,8,3,CUM-C0704,3,CUM-C0804,1,1,79,0.782178,0.831579,0.929412,both
cumulative,CUM-E0103,continuation,7,8,7,CUM-C0708,4,CUM-C0805,1,1,51,0.662338,0.910714,0.708333,both
cumulative,CUM-E0104,continuation,7,8,4,CUM-C0705,5,CUM-C0806,1,1,67,0.943662,1.000000,0.943662,both
cumulative,CUM-E0105,continuation,7,8,5,CUM-C0706,6,CUM-C0807,1,1,61,0.897059,0.968254,0.924242,both
cumulative,CUM-E0106,continuation,7,8,6,CUM-C0707,7,CUM-C0808,1,1,59,0.951613,0.983333,0.967213,both
cumulative,CUM-E0107,merge,7,8,9;0,CUM-C0710;CUM-C0701,8,CUM-C0809,2,1,32;25,0.551724;0.109170,1.000000;0.127551,0.551724;0.431034,both;retrospective
cumulative,CUM-E0108,continuation,7,8,8,CUM-C0709,9,CUM-C0810,1,1,55,0.982143,1.000000,0.982143,both
cumulative,CUM-E0109,continuation,7,8,11,CUM-C0712,10,CUM-C0811,1,1,27,0.870968,1.000000,0.870968,both
cumulative,CUM-E0110,continuation,7,8,10,CUM-C0711,11,CUM-C0812,1,1,28,0.933333,1.000000,0.933333,both
cumulative,CUM-E0111,continuation,7,8,12,CUM-C0713,12,CUM-C0813,1,1,10,1.000000,1.000000,1.000000,both
cumulative,CUM-E0112,split,8,9,0,CUM-C0801,0;9,CUM-C0901;CUM-C0910,1,2,144;27,0.612766;0.148352,0.804469;0.150838,0.720000;0.900000,both;retrospective
cumulative,CUM-E0113,split,8,9,6,CUM-C0807,0;13,CUM-C0901;CUM-C0914,1,2,47;14,0.214612;0.212121,0.712121;0.212121,0.235000;1.000000,prospective;retrospective
cumulative,CUM-E0114,split,8,9,8,CUM-C0809,8;10,CUM-C0909;CUM-C0911,1,2,33;25,0.568966;0.396825,0.568966;0.431034,1.000000;0.833333,both;both
cumulative,CUM-E0115,merge,8,9,0;6,CUM-C0801;CUM-C0807,0,CUM-C0901,2,1,144;47,0.612766;0.214612,0.804469;0.712121,0.720000;0.235000,both;prospective
cumulative,CUM-E0116,continuation,8,9,2,CUM-C0803,1,CUM-C0902,1,1,112,0.888889,0.991150,0.896000,both
cumulative,CUM-E0117,continuation,8,9,1,CUM-C0802,2,CUM-C0903,1,1,112,0.875000,0.896000,0.973913,both
cumulative,CUM-E0118,continuation,8,9,4,CUM-C0805,3,CUM-C0904,1,1,70,0.823529,0.972222,0.843373,both
cumulative,CUM-E0119,continuation,8,9,3,CUM-C0804,4,CUM-C0905,1,1,78,0.886364,0.917647,0.962963,both
cumulative,CUM-E0120,continuation,8,9,5,CUM-C0806,5,CUM-C0906,1,1,70,0.909091,0.985915,0.921053,both
cumulative,CUM-E0121,continuation,8,9,7,CUM-C0808,6,CUM-C0907,1,1,52,0.732394,0.852459,0.838710,both
cumulative,CUM-E0122,continuation,8,9,9,CUM-C0810,7,CUM-C0908,1,1,54,0.870968,0.964286,0.900000,both
cumulative,CUM-E0123,continuation,8,9,11,CUM-C0812,11,CUM-C0912,1,1,30,1.000000,1.000000,1.000000,both
cumulative,CUM-E0124,continuation,8,9,10,CUM-C0811,12,CUM-C0913,1,1,26,0.787879,0.838710,0.928571,both
cumulative,CUM-E0125,continuation,8,9,12,CUM-C0813,14,CUM-C0915,1,1,10,1.000000,1.000000,1.000000,both
cumulative,CUM-E0126,split,9,10,9,CUM-C0910,0;14,CUM-C1001;CUM-C1015,1,2,28;2,0.116667;0.064516,0.933333;0.066667,0.117647;0.666667,prospective;retrospective
cumulative,CUM-E0127,merge,9,10,0;9,CUM-C0901;CUM-C0910,0,CUM-C1001,2,1,194;28,0.795082;0.116667,0.970000;0.933333,0.815126;0.117647,both;prospective
cumulative,CUM-E0128,continuation,9,10,1,CUM-C0902,1,CUM-C1002,1,1,119,0.929688,0.952000,0.975410,both
cumulative,CUM-E0129,continuation,9,10,2,CUM-C0903,2,CUM-C1003,1,1,115,0.974576,1.000000,0.974576,both
cumulative,CUM-E0130,continuation,9,10,4,CUM-C0905,3,CUM-C1004,1,1,81,0.952941,1.000000,0.952941,both
cumulative,CUM-E0131,continuation,9,10,3,CUM-C0904,4,CUM-C1005,1,1,79,0.940476,0.951807,0.987500,both
cumulative,CUM-E0132,continuation,9,10,5,CUM-C0906,5,CUM-C1006,1,1,75,0.974026,0.986842,0.986842,both
cumulative,CUM-E0133,continuation,9,10,6,CUM-C0907,6,CUM-C1007,1,1,60,0.845070,0.967742,0.869565,both
cumulative,CUM-E0134,continuation,9,10,7,CUM-C0908,7,CUM-C1008,1,1,54,0.870968,0.900000,0.964286,both
cumulative,CUM-E0135,continuation,9,10,8,CUM-C0909,8,CUM-C1009,1,1,33,1.000000,1.000000,1.000000,both
cumulative,CUM-E0136,continuation,9,10,11,CUM-C0912,9,CUM-C1010,1,1,30,1.000000,1.000000,1.000000,both
cumulative,CUM-E0137,continuation,9,10,12,CUM-C0913,10,CUM-C1011,1,1,28,1.000000,1.000000,1.000000,both
cumulative,CUM-E0138,continuation,9,10,10,CUM-C0911,11,CUM-C1012,1,1,24,0.800000,0.800000,1.000000,both
cumulative,CUM-E0139,continuation,9,10,13,CUM-C0914,12,CUM-C1013,1,1,14,1.000000,1.000000,1.000000,both
cumulative,CUM-E0140,continuation,9,10,14,CUM-C0915,13,CUM-C1014,1,1,10,1.000000,1.000000,1.000000,both
