approach,snapshot_index,snapshot_label,window_start_ts,window_end_ts,local_id,observation_id,identity_group,size,nodes_json
cumulative,0,days_0_50,0,4320000,0,CUM-C0001,c05,110,"[2, 5, 10, 13, 14, 16, 29, 90, 105, 107, 118, 119, 131, 132, 153, 173, 189, 192, 196, 199, 201, 203, 208, 226, 236, 270, 273, 281, 308, 327, 331, 335, 359, 365, 381, 382, 385, 389, 396, 410, 418, 437, 440, 464, 465, 468, 473, 491, 497, 506, 508, 516, 519, 532, 537, 541, 553, 576, 613, 639, 644, 652, 653, 654, 657, 664, 670, 682, 688, 700, 702, 715, 719, 732, 738, 745, 747, 748, 761, 783, 790, 804, 808, 810, 812, 820, 837, 842, 850, 881, 884, 897, 898, 901, 905, 911, 921, 924, 926, 945, 951, 967, 969, 977, 979, 980, 985, 996, 1001, 1004]"
cumulative,0,days_0_50,0,4320000,1,CUM-C0002,c04,100,"[1, 38, 42, 46, 49, 50, 64, 69, 76, 84, 91, 96, 97, 102, 103, 106, 115, 125, 139, 154, 157, 164, 174, 185, 206, 223, 229, 233, 242, 248, 299, 303, 307, 309, 310, 317, 320, 322, 323, 324, 337, 343, 346, 368, 388, 395, 397, 399, 400, 402, 420, 441, 460, 477, 483, 487, 492, 505, 509, 510, 514, 524, 534, 546, 548, 550, 554, 559, 562, 591, 603, 607, 622, 634, 638, 649, 663, 671, 676, 692, 706, 735, 736, 740, 746, 769, 775, 780, 788, 822, 828, 830, 832, 835, 853, 879, 893, 939, 950, 975]"
cumulative,0,days_0_50,0,4320000,2,CUM-C0003,dead-CUM-C0003,61,"[11, 26, 40, 60, 71, 83, 86, 116, 137, 152, 161, 187, 194, 195, 198, 254, 272, 285, 306, 325, 372, 374, 379, 380, 394, 398, 404, 430, 443, 450, 452, 453, 466, 488, 495, 523, 533, 568, 571, 572, 595, 596, 619, 659, 660, 662, 695, 703, 712, 742, 771, 774, 784, 802, 807, 863, 900, 910, 934, 947, 993]"
cumulative,0,days_0_50,0,4320000,3,CUM-C0004,dead-CUM-C0004,61,"[24, 35, 67, 87, 141, 148, 160, 167, 181, 188, 190, 202, 207, 241, 257, 274, 280, 301, 344, 353, 360, 373, 391, 408, 414, 421, 424, 431, 469, 471, 493, 512, 526, 530, 547, 552, 561, 614, 629, 630, 631, 643, 656, 658, 685, 709, 795, 817, 824, 846, 847, 851, 858, 891, 894, 920, 954, 957, 963, 978, 988]"
cumulative,0,days_0_50,0,4320000,4,CUM-C0005,dead-CUM-C0005,60,"[17, 27, 53, 92, 122, 136, 142, 143, 147, 151, 159, 171, 193, 197, 200, 214, 230, 235, 253, 255, 277, 278, 283, 290, 302, 316, 347, 428, 543, 544, 566, 590, 627, 633, 647, 714, 787, 796, 798, 801, 838, 841, 852, 857, 865, 875, 890, 915, 923, 931, 933, 935, 940, 952, 953, 966, 971, 972, 983, 990]"
cumulative,0,days_0_50,0,4320000,5,CUM-C0006,c02,57,"[23, 30, 52, 77, 104, 111, 112, 126, 133, 166, 168, 186, 209, 232, 240, 256, 260, 267, 276, 294, 305, 313, 356, 392, 416, 439, 447, 459, 472, 478, 479, 517, 556, 557, 564, 573, 574, 575, 586, 602, 648, 674, 694, 743, 759, 762, 765, 803, 845, 859, 868, 869, 885, 889, 912, 944, 984]"
cumulative,0,days_0_50,0,4320000,6,CUM-C0007,dead-CUM-C0007,50,"[4, 12, 15, 58, 72, 82, 135, 146, 284, 292, 304, 326, 341, 362, 370, 371, 383, 405, 406, 422, 438, 456, 528, 549, 577, 581, 584, 585, 587, 589, 617, 626, 628, 669, 680, 686, 701, 720, 731, 739, 818, 867, 870, 871, 909, 922, 930, 936, 938, 942]"
cumulative,0,days_0_50,0,4320000,7,CUM-C0008,c03,50,"[8, 19, 59, 61, 101, 114, 127, 144, 145, 149, 158, 175, 184, 243, 246, 275, 293, 377, 393, 407, 423, 426, 436, 442, 446, 457, 467, 522, 563, 597, 650, 678, 681, 696, 708, 711, 716, 718, 724, 737, 754, 777, 779, 843, 849, 866, 883, 904, 907, 916]"
cumulative,0,days_0_50,0,4320000,8,CUM-C0009,c08,47,"[28, 34, 56, 68, 95, 176, 205, 231, 245, 251, 264, 269, 311, 329, 338, 350, 361, 364, 427, 432, 433, 511, 531, 540, 582, 588, 624, 641, 690, 697, 698, 734, 764, 773, 809, 819, 836, 840, 855, 872, 873, 925, 955, 960, 987, 994, 997]"
cumulative,0,days_0_50,0,4320000,9,CUM-C0010,dead-CUM-C0010,44,"[31, 39, 65, 75, 98, 117, 120, 134, 150, 165, 191, 218, 220, 239, 268, 291, 334, 401, 415, 429, 449, 454, 462, 476, 501, 504, 592, 594, 609, 612, 683, 687, 707, 713, 752, 763, 772, 776, 833, 834, 880, 948, 995, 1003]"
cumulative,0,days_0_50,0,4320000,10,CUM-C0011,dead-CUM-C0011,27,"[0, 6, 32, 78, 170, 228, 249, 295, 333, 409, 470, 482, 502, 538, 569, 580, 599, 605, 693, 710, 749, 789, 791, 816, 862, 976, 991]"
cumulative,0,days_0_50,0,4320000,11,CUM-C0012,c09,27,"[25, 41, 44, 48, 73, 216, 318, 319, 321, 366, 386, 434, 458, 481, 499, 558, 565, 618, 672, 679, 684, 704, 723, 758, 844, 918, 956]"
cumulative,0,days_0_50,0,4320000,12,CUM-C0013,dead-CUM-C0013,24,"[62, 113, 124, 250, 263, 369, 444, 485, 513, 515, 535, 542, 551, 646, 722, 770, 794, 800, 821, 823, 854, 886, 927, 968]"
cumulative,0,days_0_50,0,4320000,13,CUM-C0014,dead-CUM-C0014,10,"[45, 66, 227, 332, 435, 448, 500, 539, 782, 986]"
cumulative,0,days_0_50,0,4320000,14,CUM-C0015,dead-CUM-C0015,6,"[180, 215, 217, 727, 829, 958]"
cumulative,1,days_0_100,0,8640000,0,CUM-C0101,c01,155,"[11, 26, 36, 39, 40, 49, 53, 60, 65, 71, 75, 76, 79, 83, 86, 91, 115, 116, 120, 137, 143, 146, 151, 152, 157, 159, 185, 187, 191, 193, 194, 195, 197, 198, 203, 214, 218, 220, 221, 229, 233, 235, 239, 242, 248, 253, 254, 272, 277, 285, 290, 306, 307, 317, 325, 326, 330, 334, 372, 374, 379, 380, 394, 397, 398, 400, 404, 430, 441, 443, 450, 452, 453, 462, 466, 471, 476, 483, 488, 492, 495, 523, 533, 544, 546, 549, 550, 554, 566, 568, 571, 572, 578, 580, 591, 595, 596, 607, 609, 612, 619, 627, 633, 637, 659, 660, 662, 669, 671, 678, 687, 692, 695, 696, 701, 703, 712, 714, 741, 742, 746, 752, 769, 771, 772, 775, 776, 784, 787, 798, 801, 802, 807, 830, 833, 834, 835, 841, 852, 863, 865, 875, 882, 890, 900, 901, 910, 923, 930, 934, 935, 938, 940, 975, 993]"
cumulative,1,days_0_100,0,8640000,1,CUM-C0102,c05,108,"[2, 7, 10, 13, 14, 16, 29, 32, 90, 105, 119, 131, 132, 138, 153, 173, 180, 192, 196, 199, 208, 215, 217, 226, 236, 252, 270, 273, 283, 327, 331, 335, 359, 381, 382, 385, 396, 411, 418, 437, 440, 442, 461, 465, 467, 497, 506, 508, 516, 519, 532, 537, 541, 576, 613, 616, 639, 644, 650, 653, 654, 657, 661, 664, 682, 690, 700, 702, 705, 719, 727, 738, 745, 747, 761, 763, 783, 790, 791, 796, 804, 812, 814, 815, 820, 829, 837, 842, 850, 867, 881, 897, 911, 921, 924, 945, 951, 958, 967, 969, 970, 977, 979, 983, 985, 996, 1001, 1004]"
cumulative,1,days_0_100,0,8640000,2,CUM-C0103,c03,83,"[0, 6, 19, 59, 61, 78, 101, 114, 118, 127, 145, 149, 158, 175, 184, 189, 228, 243, 246, 249, 259, 275, 281, 293, 295, 333, 339, 365, 377, 393, 407, 409, 410, 423, 426, 436, 446, 457, 464, 470, 482, 502, 522, 538, 569, 593, 597, 599, 605, 606, 652, 681, 693, 708, 710, 711, 716, 718, 724, 729, 732, 737, 749, 754, 767, 777, 779, 789, 793, 816, 843, 849, 862, 866, 876, 883, 884, 904, 905, 907, 976, 980, 991]"
cumulative,1,days_0_100,0,8640000,3,CUM-C0104,c02,76,"[9, 23, 30, 45, 52, 66, 74, 77, 104, 110, 111, 112, 126, 133, 161, 166, 168, 186, 209, 219, 227, 232, 240, 256, 260, 267, 276, 294, 305, 313, 332, 356, 392, 416, 435, 439, 447, 448, 459, 472, 475, 478, 479, 500, 517, 539, 556, 557, 564, 573, 574, 575, 586, 602, 648, 655, 674, 694, 699, 743, 759, 762, 765, 782, 803, 845, 859, 868, 869, 885, 889, 912, 944, 948, 984, 986]"
cumulative,1,days_0_100,0,8640000,4,CUM-C0105,c04,72,"[1, 38, 42, 46, 50, 64, 69, 84, 96, 102, 103, 106, 125, 139, 154, 164, 174, 206, 223, 299, 303, 309, 310, 320, 322, 323, 324, 337, 343, 346, 368, 378, 388, 395, 399, 402, 420, 460, 474, 477, 487, 489, 501, 505, 509, 510, 514, 524, 534, 548, 559, 562, 603, 622, 634, 638, 649, 663, 676, 706, 735, 740, 780, 788, 822, 828, 832, 853, 879, 893, 939, 950]"
cumulative,1,days_0_100,0,8640000,5,CUM-C0106,dead-CUM-C0004,55,"[17, 31, 35, 67, 92, 122, 136, 141, 142, 165, 167, 188, 200, 207, 241, 257, 301, 302, 316, 344, 373, 421, 424, 428, 431, 469, 512, 543, 547, 552, 614, 640, 645, 647, 683, 709, 795, 817, 824, 831, 838, 847, 851, 857, 858, 915, 952, 953, 954, 957, 963, 971, 978, 988, 990]"
cumulative,1,days_0_100,0,8640000,6,CUM-C0107,c08,51,"[28, 34, 56, 68, 95, 170, 176, 179, 231, 245, 251, 264, 269, 311, 329, 338, 350, 361, 364, 375, 427, 432, 433, 511, 531, 540, 582, 588, 624, 641, 697, 698, 734, 736, 764, 773, 809, 819, 836, 840, 855, 872, 873, 887, 925, 955, 960, 987, 994, 995, 997]"
cumulative,1,days_0_100,0,8640000,7,CUM-C0108,dead-CUM-C0007,39,"[4, 8, 12, 15, 72, 82, 97, 135, 144, 284, 292, 304, 341, 370, 371, 405, 406, 422, 456, 520, 527, 563, 581, 584, 585, 587, 594, 617, 626, 628, 680, 720, 731, 739, 870, 871, 936, 942, 973]"
cumulative,1,days_0_100,0,8640000,8,CUM-C0109,dead-CUM-C0109,32,"[5, 98, 107, 117, 134, 150, 201, 268, 278, 291, 297, 401, 415, 429, 449, 454, 468, 473, 491, 504, 553, 592, 670, 688, 707, 713, 808, 810, 880, 898, 916, 1003]"
cumulative,1,days_0_100,0,8640000,9,CUM-C0110,dead-CUM-C0110,32,"[27, 58, 147, 171, 205, 230, 255, 308, 347, 355, 362, 383, 389, 438, 528, 577, 589, 590, 673, 686, 715, 748, 818, 877, 909, 922, 926, 931, 933, 946, 966, 972]"
cumulative,1,days_0_100,0,8640000,10,CUM-C0111,c06,29,"[24, 87, 148, 160, 181, 190, 202, 274, 280, 353, 360, 391, 408, 414, 493, 526, 530, 561, 629, 630, 631, 643, 656, 658, 685, 846, 891, 894, 920]"
cumulative,1,days_0_100,0,8640000,11,CUM-C0112,c09,29,"[25, 41, 44, 48, 73, 216, 318, 319, 321, 366, 386, 434, 458, 481, 499, 558, 565, 618, 672, 679, 684, 704, 723, 753, 758, 844, 918, 956, 1002]"
cumulative,1,days_0_100,0,8640000,12,CUM-C0113,dead-CUM-C0013,24,"[62, 113, 124, 250, 263, 369, 444, 485, 513, 515, 535, 542, 551, 646, 722, 770, 794, 800, 821, 823, 854, 886, 927, 968]"
cumulative,2,days_0_150,0,12960000,0,CUM-C0201,c01,177,"[8, 11, 26, 27, 34, 36, 39, 40, 49, 53, 60, 65, 75, 76, 79, 83, 86, 90, 91, 115, 116, 120, 137, 143, 144, 146, 147, 151, 152, 157, 159, 161, 171, 185, 187, 193, 194, 197, 198, 203, 212, 214, 218, 220, 221, 229, 230, 233, 235, 239, 242, 244, 248, 253, 254, 255, 257, 272, 277, 283, 285, 290, 306, 307, 308, 317, 326, 330, 334, 347, 352, 355, 379, 380, 394, 397, 398, 400, 413, 430, 443, 450, 462, 466, 471, 476, 483, 488, 492, 495, 533, 544, 546, 550, 554, 566, 568, 571, 572, 577, 578, 580, 590, 591, 596, 607, 609, 612, 613, 619, 623, 626, 627, 633, 640, 659, 660, 662, 665, 669, 671, 673, 678, 686, 687, 692, 695, 696, 703, 712, 714, 715, 739, 742, 746, 748, 752, 763, 769, 771, 772, 775, 776, 784, 787, 798, 802, 807, 830, 833, 834, 835, 841, 852, 863, 865, 875, 877, 882, 890, 900, 901, 910, 923, 926, 930, 931, 933, 935, 938, 940, 960, 966, 972, 975, 993, 997]"
cumulative,2,days_0_150,0,12960000,1,CUM-C0202,c03,99,"[0, 6, 16, 18, 19, 32, 59, 61, 71, 78, 101, 114, 127, 145, 149, 158, 169, 178, 184, 189, 195, 225, 228, 237, 243, 246, 249, 259, 265, 281, 293, 295, 315, 325, 333, 339, 365, 372, 377, 393, 404, 407, 409, 410, 423, 426, 436, 452, 453, 457, 470, 482, 502, 522, 538, 569, 593, 595, 599, 605, 606, 652, 681, 693, 708, 710, 711, 716, 718, 724, 729, 732, 749, 754, 767, 777, 779, 789, 791, 793, 816, 832, 843, 861, 862, 866, 876, 883, 884, 896, 904, 905, 907, 916, 934, 970, 976, 991, 999]"
cumulative,2,days_0_150,0,12960000,2,CUM-C0203,c05,78,"[2, 7, 10, 13, 14, 105, 119, 131, 132, 153, 173, 192, 199, 252, 270, 273, 327, 331, 374, 381, 382, 396, 411, 418, 437, 442, 461, 465, 467, 497, 506, 508, 516, 519, 532, 541, 576, 597, 616, 639, 644, 650, 653, 654, 657, 661, 682, 700, 702, 719, 738, 745, 747, 761, 783, 790, 796, 804, 812, 814, 820, 837, 842, 850, 881, 911, 921, 924, 945, 951, 967, 969, 977, 979, 983, 996, 1001, 1004]"
cumulative,2,days_0_150,0,12960000,3,CUM-C0204,c02,78,"[9, 23, 30, 45, 52, 66, 74, 77, 104, 110, 111, 112, 126, 133, 166, 168, 186, 209, 219, 227, 232, 240, 256, 260, 266, 267, 276, 294, 305, 313, 332, 356, 392, 416, 435, 439, 447, 448, 459, 472, 475, 478, 479, 500, 517, 523, 539, 556, 557, 564, 573, 574, 575, 586, 602, 648, 655, 674, 694, 699, 743, 759, 762, 765, 782, 803, 845, 859, 868, 869, 885, 889, 908, 912, 944, 949, 984, 986]"
cumulative,2,days_0_150,0,12960000,4,CUM-C0205,dead-CUM-C0109,75,"[5, 29, 62, 98, 107, 113, 117, 118, 124, 134, 150, 191, 196, 201, 208, 226, 236, 250, 263, 268, 278, 291, 297, 335, 359, 369, 385, 401, 415, 429, 440, 444, 449, 454, 464, 468, 473, 485, 491, 504, 513, 515, 535, 537, 542, 551, 553, 592, 646, 664, 670, 688, 707, 713, 722, 726, 770, 794, 800, 801, 808, 810, 821, 823, 839, 854, 880, 886, 898, 927, 948, 968, 980, 985, 1003]"
cumulative,2,days_0_150,0,12960000,5,CUM-C0206,c04,74,"[1, 38, 42, 46, 50, 64, 69, 84, 96, 102, 103, 106, 125, 139, 154, 164, 172, 174, 206, 223, 299, 303, 309, 310, 320, 322, 323, 324, 337, 343, 346, 368, 378, 388, 395, 402, 420, 460, 474, 477, 487, 489, 498, 501, 505, 509, 510, 514, 524, 534, 548, 559, 562, 603, 622, 634, 638, 649, 663, 676, 705, 706, 735, 740, 768, 780, 788, 822, 828, 853, 879, 893, 939, 950]"
cumulative,2,days_0_150,0,12960000,6,CUM-C0207,dead-CUM-C0007,57,"[4, 12, 15, 58, 72, 82, 97, 135, 138, 179, 205, 284, 292, 304, 341, 362, 370, 371, 383, 389, 405, 406, 422, 438, 441, 456, 520, 527, 528, 549, 563, 581, 584, 585, 587, 589, 594, 617, 628, 680, 701, 720, 731, 741, 818, 848, 867, 870, 871, 887, 909, 922, 936, 942, 943, 946, 973]"
cumulative,2,days_0_150,0,12960000,7,CUM-C0208,dead-CUM-C0004,54,"[17, 31, 35, 67, 92, 122, 136, 141, 142, 165, 167, 188, 200, 207, 241, 301, 302, 316, 344, 373, 421, 424, 428, 431, 469, 512, 543, 547, 552, 614, 637, 645, 647, 683, 709, 795, 817, 824, 831, 838, 847, 851, 857, 858, 915, 952, 953, 954, 957, 963, 971, 978, 988, 990]"
cumulative,2,days_0_150,0,12960000,8,CUM-C0209,c08,49,"[28, 56, 68, 95, 170, 176, 231, 245, 251, 264, 269, 311, 329, 338, 350, 361, 364, 375, 399, 427, 432, 433, 511, 531, 540, 582, 588, 624, 641, 690, 697, 698, 734, 736, 764, 773, 809, 815, 819, 836, 840, 855, 872, 873, 925, 955, 987, 994, 995]"
cumulative,2,days_0_150,0,12960000,9,CUM-C0210,c09,31,"[25, 41, 44, 48, 73, 85, 216, 318, 319, 321, 366, 386, 434, 458, 481, 499, 558, 565, 600, 618, 672, 679, 684, 704, 723, 753, 758, 844, 918, 956, 1002]"
cumulative,2,days_0_150,0,12960000,10,CUM-C0211,c06,30,"[24, 87, 148, 160, 181, 190, 202, 274, 280, 353, 360, 391, 408, 414, 445, 493, 526, 530, 561, 629, 630, 631, 643, 656, 658, 685, 846, 891, 894, 920]"
cumulative,2,days_0_150,0,12960000,11,CUM-C0212,dead-CUM-C0212,7,"[180, 215, 217, 727, 829, 897, 958]"
cumulative,2,days_0_150,0,12960000,12,CUM-C0213,dead-CUM-C0213,5,"[175, 275, 446, 737, 849]"
cumulative,3,days_0_200,0,17280000,0,CUM-C0301,c01,169,"[11, 26, 27, 34, 36, 39, 40, 53, 60, 65, 70, 75, 79, 83, 86, 91, 115, 116, 120, 137, 146, 147, 151, 152, 157, 159, 161, 171, 179, 185, 187, 193, 194, 197, 198, 203, 212, 214, 218, 220, 221, 229, 230, 233, 235, 239, 242, 244, 253, 254, 255, 257, 272, 277, 278, 283, 285, 290, 306, 307, 308, 315, 326, 334, 347, 352, 355, 379, 380, 394, 397, 398, 400, 413, 430, 443, 450, 462, 466, 471, 476, 483, 488, 495, 533, 544, 546, 550, 554, 566, 568, 571, 572, 577, 578, 590, 591, 596, 607, 609, 612, 619, 623, 626, 627, 633, 637, 640, 659, 660, 662, 665, 671, 673, 678, 686, 687, 692, 695, 696, 703, 712, 714, 715, 742, 746, 748, 752, 763, 769, 771, 772, 775, 776, 784, 787, 798, 802, 805, 807, 830, 833, 834, 835, 841, 852, 863, 865, 875, 877, 882, 890, 900, 901, 910, 923, 926, 930, 931, 933, 935, 938, 940, 960, 966, 972, 975, 993, 997]"
cumulative,3,days_0_200,0,17280000,1,CUM-C0302,c05,97,"[2, 10, 13, 14, 32, 49, 105, 119, 131, 132, 143, 153, 173, 192, 199, 208, 213, 226, 236, 248, 252, 270, 273, 317, 327, 331, 359, 374, 381, 382, 396, 411, 418, 437, 440, 442, 461, 465, 467, 490, 492, 496, 497, 506, 508, 516, 519, 532, 537, 541, 576, 580, 597, 616, 639, 644, 650, 653, 654, 657, 661, 669, 682, 690, 700, 702, 719, 738, 745, 747, 761, 783, 790, 791, 796, 804, 812, 820, 828, 837, 842, 850, 881, 897, 911, 921, 924, 928, 945, 951, 967, 969, 977, 979, 996, 1001, 1004]"
cumulative,3,days_0_200,0,17280000,2,CUM-C0303,c02,85,"[9, 23, 30, 45, 52, 66, 74, 77, 104, 110, 111, 112, 126, 133, 166, 168, 182, 186, 204, 209, 219, 227, 232, 240, 256, 260, 266, 267, 276, 294, 305, 313, 332, 356, 392, 416, 425, 435, 439, 447, 448, 459, 472, 475, 478, 479, 500, 517, 523, 539, 556, 557, 564, 573, 574, 575, 586, 602, 648, 655, 674, 694, 699, 730, 743, 759, 762, 765, 782, 794, 800, 803, 814, 845, 859, 868, 869, 885, 889, 908, 912, 944, 949, 984, 986]"
cumulative,3,days_0_200,0,17280000,3,CUM-C0304,c03,76,"[16, 18, 38, 59, 61, 71, 101, 114, 127, 145, 149, 158, 162, 169, 175, 184, 189, 195, 225, 237, 243, 246, 259, 265, 275, 281, 293, 325, 365, 372, 377, 393, 404, 407, 410, 423, 426, 436, 446, 452, 453, 457, 460, 474, 522, 593, 595, 652, 681, 708, 711, 716, 718, 724, 729, 737, 754, 777, 779, 793, 832, 843, 849, 861, 866, 876, 883, 884, 896, 904, 905, 907, 916, 934, 970, 999]"
cumulative,3,days_0_200,0,17280000,4,CUM-C0305,dead-CUM-C0109,73,"[5, 7, 29, 62, 90, 98, 107, 113, 117, 118, 124, 134, 144, 150, 191, 196, 201, 250, 263, 268, 291, 297, 320, 335, 369, 385, 401, 415, 429, 444, 449, 454, 464, 468, 473, 485, 491, 504, 513, 515, 535, 542, 551, 553, 592, 613, 646, 651, 664, 670, 683, 688, 707, 713, 722, 726, 770, 801, 808, 810, 821, 823, 839, 854, 880, 886, 898, 927, 948, 968, 980, 985, 1003]"
cumulative,3,days_0_200,0,17280000,5,CUM-C0306,c04,72,"[1, 42, 46, 50, 64, 69, 76, 84, 96, 97, 102, 103, 106, 125, 139, 154, 164, 172, 174, 206, 223, 299, 303, 309, 310, 322, 323, 324, 337, 343, 346, 368, 378, 388, 395, 399, 402, 420, 477, 487, 489, 498, 501, 505, 509, 510, 514, 524, 534, 548, 559, 562, 603, 622, 634, 638, 649, 663, 676, 705, 706, 735, 740, 768, 780, 788, 822, 853, 879, 893, 939, 950]"
cumulative,3,days_0_200,0,17280000,6,CUM-C0307,dead-CUM-C0007,61,"[4, 8, 12, 15, 58, 72, 81, 82, 135, 138, 205, 284, 292, 304, 330, 340, 362, 370, 371, 383, 389, 405, 406, 422, 438, 441, 456, 520, 527, 528, 549, 563, 581, 584, 585, 587, 589, 594, 617, 628, 680, 701, 720, 731, 733, 741, 797, 818, 848, 867, 870, 871, 887, 909, 922, 936, 941, 942, 943, 946, 973]"
cumulative,3,days_0_200,0,17280000,7,CUM-C0308,dead-CUM-C0004,53,"[17, 31, 35, 67, 92, 122, 136, 141, 142, 165, 167, 188, 200, 207, 241, 301, 302, 316, 341, 344, 421, 424, 428, 431, 469, 512, 543, 547, 552, 614, 645, 647, 709, 739, 795, 817, 824, 831, 838, 847, 851, 857, 858, 915, 952, 953, 954, 957, 963, 971, 978, 988, 990]"
cumulative,3,days_0_200,0,17280000,8,CUM-C0309,c08,50,"[28, 56, 68, 95, 170, 176, 231, 245, 251, 264, 269, 311, 329, 338, 350, 361, 364, 375, 427, 432, 433, 482, 511, 531, 540, 582, 588, 606, 624, 641, 697, 698, 734, 736, 764, 773, 809, 815, 819, 836, 840, 855, 872, 873, 925, 955, 983, 987, 994, 995]"
cumulative,3,days_0_200,0,17280000,9,CUM-C0310,c06,31,"[24, 87, 148, 160, 181, 190, 202, 274, 280, 353, 360, 373, 391, 408, 414, 445, 493, 526, 530, 561, 629, 630, 631, 643, 656, 658, 685, 846, 891, 894, 920]"
cumulative,3,days_0_200,0,17280000,10,CUM-C0311,c09,31,"[25, 41, 44, 48, 73, 85, 216, 318, 319, 321, 366, 386, 434, 458, 481, 499, 558, 565, 600, 618, 672, 679, 684, 704, 723, 753, 758, 844, 918, 956, 1002]"
cumulative,3,days_0_200,0,17280000,11,CUM-C0312,dead-CUM-C0312,29,"[0, 6, 19, 78, 178, 228, 249, 295, 312, 333, 339, 349, 409, 470, 502, 538, 569, 599, 605, 693, 710, 732, 749, 767, 789, 816, 862, 976, 991]"
cumulative,3,days_0_200,0,17280000,12,CUM-C0313,dead-CUM-C0212,9,"[180, 215, 217, 238, 357, 727, 829, 899, 958]"
cumulative,4,days_0_250,0,21600000,0,CUM-C0401,c01,177,"[11, 26, 27, 34, 36, 39, 40, 53, 60, 65, 70, 75, 79, 83, 86, 90, 91, 116, 120, 137, 144, 146, 147, 151, 152, 157, 159, 161, 171, 179, 185, 187, 191, 193, 194, 197, 198, 203, 212, 213, 214, 218, 219, 220, 221, 229, 230, 233, 235, 239, 242, 244, 253, 254, 255, 272, 277, 283, 285, 290, 306, 307, 308, 315, 317, 326, 334, 347, 352, 355, 374, 379, 380, 389, 394, 397, 398, 400, 413, 430, 443, 448, 450, 462, 466, 471, 476, 483, 488, 495, 533, 544, 546, 550, 554, 566, 568, 570, 571, 572, 577, 578, 590, 591, 596, 607, 609, 612, 613, 619, 623, 626, 627, 633, 640, 651, 659, 660, 661, 662, 665, 671, 673, 678, 686, 687, 692, 695, 696, 703, 712, 714, 715, 742, 746, 748, 752, 763, 769, 771, 772, 775, 776, 784, 787, 798, 802, 805, 807, 830, 833, 834, 835, 841, 852, 863, 865, 875, 877, 882, 890, 900, 901, 923, 926, 930, 931, 933, 935, 938, 940, 960, 966, 972, 975, 993, 997]"
cumulative,4,days_0_250,0,21600000,1,CUM-C0402,c05,118,"[5, 7, 10, 13, 14, 29, 49, 105, 107, 118, 131, 153, 173, 175, 180, 183, 192, 199, 201, 208, 215, 217, 222, 226, 236, 238, 248, 252, 270, 273, 275, 327, 328, 331, 335, 357, 359, 381, 382, 385, 396, 411, 418, 437, 440, 442, 446, 464, 467, 468, 473, 491, 492, 497, 506, 508, 516, 532, 537, 541, 553, 576, 597, 616, 639, 644, 650, 653, 654, 657, 664, 666, 670, 682, 688, 690, 702, 719, 726, 727, 737, 738, 745, 747, 761, 783, 796, 801, 804, 808, 810, 820, 828, 829, 837, 839, 849, 850, 881, 897, 898, 899, 911, 921, 924, 928, 945, 951, 958, 967, 969, 977, 979, 980, 985, 996, 1001, 1004]"
cumulative,4,days_0_250,0,21600000,2,CUM-C0403,c03,111,"[0, 6, 16, 18, 19, 32, 59, 61, 71, 78, 101, 114, 115, 127, 143, 145, 149, 158, 162, 169, 178, 184, 189, 195, 225, 228, 237, 243, 246, 249, 259, 265, 279, 281, 293, 295, 312, 320, 325, 333, 339, 340, 365, 372, 377, 393, 404, 407, 409, 410, 423, 426, 436, 452, 453, 457, 470, 490, 496, 502, 519, 522, 538, 569, 580, 593, 595, 599, 605, 615, 635, 652, 669, 681, 693, 705, 708, 710, 711, 716, 718, 724, 729, 732, 749, 754, 767, 777, 779, 791, 793, 797, 816, 832, 843, 861, 862, 866, 876, 883, 884, 896, 904, 905, 907, 916, 934, 970, 976, 991, 999]"
cumulative,4,days_0_250,0,21600000,3,CUM-C0404,c02,97,"[2, 9, 23, 30, 37, 45, 52, 66, 74, 77, 104, 110, 111, 112, 119, 121, 126, 133, 166, 168, 182, 186, 204, 209, 227, 232, 240, 256, 260, 266, 267, 276, 287, 294, 305, 313, 332, 356, 392, 412, 416, 425, 435, 439, 447, 459, 465, 472, 475, 478, 479, 500, 517, 523, 539, 556, 557, 564, 573, 574, 575, 586, 602, 648, 655, 674, 677, 694, 699, 700, 717, 730, 743, 759, 762, 765, 782, 790, 794, 800, 803, 812, 814, 825, 845, 859, 868, 869, 885, 889, 908, 912, 944, 948, 949, 984, 986]"
cumulative,4,days_0_250,0,21600000,4,CUM-C0405,c04,76,"[1, 38, 42, 46, 50, 64, 69, 76, 84, 96, 97, 102, 103, 106, 125, 132, 139, 154, 164, 172, 174, 206, 223, 299, 303, 309, 310, 322, 323, 324, 337, 343, 346, 368, 378, 388, 395, 399, 402, 420, 460, 474, 477, 487, 489, 498, 501, 505, 509, 510, 514, 524, 534, 548, 559, 562, 603, 622, 634, 638, 649, 663, 676, 706, 735, 740, 768, 780, 788, 822, 842, 853, 879, 893, 939, 950]"
cumulative,4,days_0_250,0,21600000,5,CUM-C0406,c06,60,"[24, 35, 87, 141, 148, 160, 167, 181, 188, 190, 202, 207, 241, 274, 280, 286, 288, 301, 353, 360, 373, 391, 408, 414, 421, 424, 431, 445, 469, 493, 512, 526, 530, 547, 552, 561, 614, 629, 630, 631, 643, 645, 656, 658, 685, 709, 795, 817, 824, 846, 847, 851, 858, 891, 894, 920, 954, 957, 978, 988]"
cumulative,4,days_0_250,0,21600000,6,CUM-C0407,dead-CUM-C0007,59,"[4, 8, 12, 15, 58, 72, 81, 82, 135, 138, 205, 284, 292, 304, 330, 362, 370, 371, 383, 405, 406, 422, 438, 441, 456, 520, 527, 528, 549, 563, 581, 584, 585, 587, 589, 594, 617, 628, 637, 680, 701, 720, 731, 741, 785, 818, 848, 867, 870, 871, 887, 909, 922, 936, 941, 942, 943, 946, 973]"
cumulative,4,days_0_250,0,21600000,7,CUM-C0408,c08,55,"[28, 56, 68, 95, 170, 176, 231, 245, 251, 264, 269, 311, 329, 338, 350, 361, 364, 375, 427, 432, 433, 461, 480, 482, 511, 531, 540, 582, 588, 606, 624, 641, 697, 698, 733, 734, 736, 764, 773, 789, 809, 815, 819, 836, 840, 855, 872, 873, 910, 925, 955, 983, 987, 994, 995]"
cumulative,4,days_0_250,0,21600000,8,CUM-C0409,c09,31,"[25, 41, 44, 48, 73, 85, 216, 318, 319, 321, 366, 386, 434, 458, 481, 499, 558, 565, 600, 618, 672, 679, 684, 704, 723, 753, 758, 844, 918, 956, 1002]"
cumulative,4,days_0_250,0,21600000,9,CUM-C0410,c11,27,"[17, 31, 67, 92, 122, 136, 142, 165, 200, 302, 316, 341, 344, 349, 428, 543, 647, 739, 831, 838, 857, 915, 952, 953, 963, 971, 990]"
cumulative,4,days_0_250,0,21600000,10,CUM-C0411,dead-CUM-C0411,22,"[62, 113, 124, 250, 263, 369, 444, 485, 513, 515, 535, 542, 551, 646, 722, 770, 821, 823, 854, 886, 927, 968]"
cumulative,4,days_0_250,0,21600000,11,CUM-C0412,dead-CUM-C0412,22,"[98, 117, 134, 150, 196, 257, 268, 278, 291, 297, 401, 415, 429, 449, 454, 504, 592, 683, 707, 713, 880, 1003]"
cumulative,5,days_0_300,0,25920000,0,CUM-C0501,c01,183,"[11, 26, 27, 34, 36, 39, 40, 49, 53, 60, 65, 75, 79, 83, 86, 90, 91, 116, 120, 137, 144, 146, 147, 151, 152, 157, 159, 161, 171, 179, 185, 187, 191, 193, 194, 197, 198, 203, 212, 214, 218, 220, 221, 229, 230, 233, 235, 239, 242, 244, 248, 253, 254, 255, 271, 272, 273, 277, 283, 285, 290, 306, 307, 308, 326, 334, 347, 352, 355, 379, 380, 394, 397, 398, 400, 413, 430, 443, 450, 462, 466, 471, 476, 483, 488, 492, 495, 533, 544, 546, 550, 554, 566, 568, 570, 571, 572, 577, 578, 590, 591, 596, 598, 607, 609, 612, 613, 619, 623, 625, 626, 627, 633, 640, 642, 651, 659, 660, 661, 662, 665, 668, 671, 673, 677, 678, 686, 687, 692, 695, 696, 703, 712, 714, 715, 734, 742, 746, 748, 752, 763, 769, 771, 772, 775, 776, 784, 787, 798, 802, 805, 807, 830, 833, 834, 835, 841, 852, 863, 865, 875, 877, 882, 890, 900, 901, 910, 923, 926, 930, 931, 933, 935, 938, 940, 951, 960, 966, 972, 975, 992, 993, 997]"
cumulative,5,days_0_300,0,25920000,1,CUM-C0502,c03,107,"[0, 6, 18, 19, 32, 59, 61, 71, 78, 101, 114, 115, 118, 127, 143, 145, 149, 158, 162, 169, 178, 184, 189, 195, 225, 228, 237, 243, 246, 249, 259, 265, 279, 281, 293, 295, 312, 320, 325, 333, 339, 365, 372, 377, 393, 404, 407, 409, 423, 426, 436, 452, 453, 457, 470, 479, 490, 496, 502, 519, 522, 538, 569, 580, 593, 595, 599, 605, 615, 635, 652, 669, 681, 693, 708, 710, 711, 716, 718, 724, 729, 732, 749, 754, 767, 779, 789, 791, 793, 797, 816, 843, 861, 862, 866, 876, 883, 884, 896, 904, 905, 907, 916, 934, 976, 991, 999]"
cumulative,5,days_0_300,0,25920000,2,CUM-C0503,c02,99,"[2, 9, 23, 30, 37, 43, 45, 52, 66, 74, 77, 80, 94, 104, 110, 111, 112, 119, 121, 126, 133, 166, 168, 182, 186, 204, 209, 227, 232, 240, 256, 260, 266, 267, 276, 287, 294, 305, 313, 332, 340, 356, 392, 412, 416, 425, 435, 439, 447, 459, 465, 472, 475, 478, 500, 517, 523, 539, 556, 557, 564, 573, 574, 575, 586, 602, 648, 655, 674, 694, 699, 700, 721, 730, 743, 759, 762, 765, 768, 782, 790, 794, 803, 812, 814, 825, 845, 859, 868, 869, 885, 889, 908, 912, 944, 946, 949, 984, 986]"
cumulative,5,days_0_300,0,25920000,3,CUM-C0504,c07,86,"[5, 7, 29, 62, 98, 107, 113, 117, 124, 134, 150, 175, 183, 192, 196, 201, 208, 226, 236, 238, 250, 257, 263, 268, 275, 278, 291, 297, 327, 335, 359, 369, 381, 385, 401, 415, 429, 440, 444, 446, 449, 454, 464, 468, 473, 485, 504, 513, 515, 535, 537, 542, 551, 553, 592, 646, 664, 670, 683, 688, 691, 707, 713, 722, 726, 737, 770, 800, 808, 810, 821, 823, 839, 849, 854, 880, 886, 897, 898, 899, 927, 948, 968, 980, 985, 1003]"
cumulative,5,days_0_300,0,25920000,4,CUM-C0505,c04,78,"[1, 38, 42, 46, 50, 64, 69, 70, 84, 96, 97, 102, 103, 106, 125, 132, 139, 154, 164, 172, 174, 206, 223, 299, 303, 309, 310, 322, 323, 324, 337, 343, 346, 368, 378, 388, 395, 399, 402, 420, 460, 474, 477, 487, 489, 498, 501, 505, 509, 510, 514, 524, 534, 548, 559, 562, 583, 603, 622, 634, 638, 649, 663, 676, 706, 735, 740, 780, 788, 822, 832, 842, 853, 879, 893, 939, 943, 950]"
cumulative,5,days_0_300,0,25920000,5,CUM-C0506,c05,76,"[10, 13, 14, 16, 76, 105, 131, 153, 173, 199, 213, 222, 252, 270, 317, 328, 331, 374, 382, 396, 410, 411, 418, 437, 442, 461, 467, 491, 497, 506, 508, 516, 532, 541, 576, 597, 616, 639, 644, 650, 653, 654, 657, 666, 682, 690, 702, 705, 719, 738, 745, 747, 761, 777, 783, 796, 801, 804, 820, 828, 837, 850, 881, 911, 921, 924, 928, 945, 967, 969, 970, 977, 979, 996, 1001, 1004]"
cumulative,5,days_0_300,0,25920000,6,CUM-C0507,dead-CUM-C0007,62,"[4, 8, 12, 15, 58, 72, 81, 82, 135, 138, 205, 284, 292, 304, 315, 330, 362, 370, 371, 383, 389, 405, 406, 422, 438, 441, 456, 520, 527, 528, 549, 563, 581, 584, 585, 587, 589, 594, 617, 628, 637, 680, 701, 717, 720, 731, 741, 757, 785, 818, 848, 867, 870, 871, 887, 909, 922, 932, 936, 941, 942, 973]"
cumulative,5,days_0_300,0,25920000,7,CUM-C0508,c06,62,"[24, 35, 87, 141, 148, 160, 167, 181, 188, 190, 202, 207, 241, 274, 280, 286, 288, 301, 353, 360, 373, 391, 408, 414, 421, 424, 431, 445, 469, 493, 512, 526, 530, 547, 552, 561, 614, 629, 630, 631, 643, 645, 656, 658, 685, 709, 795, 817, 824, 846, 847, 851, 858, 891, 894, 902, 920, 954, 957, 964, 978, 988]"
cumulative,5,days_0_300,0,25920000,8,CUM-C0509,c08,53,"[28, 56, 68, 95, 170, 176, 219, 231, 245, 251, 264, 269, 311, 329, 338, 350, 361, 364, 375, 427, 432, 433, 448, 480, 482, 511, 531, 540, 582, 588, 606, 624, 641, 697, 698, 733, 736, 764, 773, 809, 815, 819, 836, 840, 855, 872, 873, 925, 955, 983, 987, 994, 995]"
cumulative,5,days_0_300,0,25920000,9,CUM-C0510,c09,31,"[25, 41, 44, 48, 73, 85, 216, 318, 319, 321, 366, 386, 434, 458, 481, 499, 558, 565, 600, 618, 672, 679, 684, 704, 723, 753, 758, 844, 918, 956, 1002]"
cumulative,5,days_0_300,0,25920000,10,CUM-C0511,c11,27,"[17, 31, 67, 92, 122, 136, 142, 165, 200, 302, 316, 341, 344, 349, 428, 543, 647, 739, 831, 838, 857, 915, 952, 953, 963, 971, 990]"
cumulative,5,days_0_300,0,25920000,11,CUM-C0512,c14,7,"[180, 215, 217, 357, 727, 829, 958]"
cumulative,6,days_0_350,0,30240000,0,CUM-C0601,c01,177,"[11, 26, 27, 34, 36, 40, 49, 53, 60, 65, 75, 79, 83, 86, 90, 91, 116, 120, 137, 144, 146, 147, 151, 152, 157, 159, 161, 171, 179, 182, 185, 187, 191, 193, 194, 198, 203, 212, 213, 214, 218, 220, 221, 229, 230, 233, 242, 244, 248, 253, 254, 255, 271, 272, 277, 283, 285, 290, 306, 307, 308, 317, 326, 334, 347, 352, 355, 374, 379, 380, 394, 397, 398, 400, 413, 430, 443, 450, 462, 466, 471, 483, 488, 492, 495, 533, 544, 546, 550, 554, 566, 568, 570, 571, 572, 577, 578, 590, 591, 596, 607, 609, 612, 613, 619, 623, 625, 626, 633, 640, 642, 651, 659, 660, 661, 662, 665, 668, 671, 673, 677, 678, 686, 687, 692, 695, 696, 703, 712, 714, 715, 734, 739, 742, 746, 748, 752, 763, 769, 771, 772, 775, 776, 784, 787, 798, 802, 805, 807, 813, 830, 833, 834, 835, 852, 863, 865, 877, 882, 900, 901, 910, 926, 930, 931, 933, 935, 938, 940, 960, 966, 970, 972, 975, 992, 993, 997]"
cumulative,6,days_0_350,0,30240000,1,CUM-C0602,c03,104,"[0, 6, 16, 18, 19, 32, 59, 61, 71, 78, 114, 115, 118, 127, 143, 145, 149, 158, 162, 169, 178, 189, 195, 225, 228, 237, 243, 249, 259, 265, 279, 281, 293, 295, 312, 320, 325, 333, 339, 365, 372, 377, 393, 404, 407, 409, 410, 426, 436, 452, 453, 457, 470, 479, 490, 496, 502, 519, 522, 538, 569, 580, 593, 595, 599, 605, 615, 635, 652, 669, 681, 693, 708, 710, 711, 716, 718, 724, 729, 732, 749, 754, 767, 777, 791, 793, 797, 816, 843, 861, 862, 866, 876, 883, 884, 896, 904, 905, 907, 916, 934, 976, 991, 999]"
cumulative,6,days_0_350,0,30240000,2,CUM-C0603,c02,103,"[2, 9, 23, 30, 37, 43, 45, 52, 66, 74, 77, 80, 94, 104, 110, 111, 112, 119, 121, 126, 128, 133, 166, 168, 186, 204, 209, 227, 232, 240, 256, 260, 266, 267, 276, 287, 294, 305, 313, 332, 340, 356, 392, 412, 416, 425, 435, 439, 447, 459, 465, 472, 475, 478, 500, 517, 523, 539, 556, 557, 564, 573, 574, 575, 586, 598, 602, 648, 655, 674, 694, 699, 700, 721, 730, 743, 756, 759, 762, 765, 768, 782, 790, 794, 803, 812, 814, 825, 845, 859, 868, 869, 885, 889, 908, 912, 944, 946, 948, 949, 961, 984, 986]"
cumulative,6,days_0_350,0,30240000,3,CUM-C0604,c04,84,"[1, 38, 42, 46, 50, 64, 69, 70, 76, 84, 96, 97, 101, 102, 103, 106, 125, 132, 139, 154, 164, 172, 174, 184, 206, 223, 246, 299, 303, 309, 310, 322, 323, 324, 337, 343, 346, 368, 378, 388, 395, 399, 402, 420, 423, 460, 474, 477, 487, 489, 498, 501, 505, 509, 510, 514, 524, 534, 548, 559, 562, 583, 603, 622, 634, 638, 649, 663, 676, 705, 706, 735, 740, 779, 780, 788, 822, 832, 842, 853, 879, 893, 939, 950]"
cumulative,6,days_0_350,0,30240000,4,CUM-C0605,c05,78,"[10, 13, 14, 39, 105, 131, 153, 173, 197, 199, 222, 235, 239, 252, 270, 273, 328, 331, 382, 396, 411, 418, 437, 442, 467, 473, 476, 497, 506, 508, 516, 532, 541, 576, 597, 616, 627, 639, 644, 650, 653, 654, 657, 666, 682, 690, 702, 719, 738, 745, 747, 761, 783, 796, 801, 804, 820, 826, 828, 837, 850, 875, 881, 890, 911, 921, 923, 924, 928, 945, 951, 967, 969, 977, 979, 996, 1001, 1004]"
cumulative,6,days_0_350,0,30240000,5,CUM-C0606,dead-CUM-C0007,64,"[4, 8, 12, 15, 58, 72, 81, 82, 135, 138, 205, 211, 284, 292, 304, 315, 330, 348, 362, 370, 371, 383, 389, 405, 406, 422, 438, 441, 456, 520, 527, 528, 549, 563, 581, 584, 585, 587, 589, 594, 617, 628, 637, 680, 701, 717, 720, 731, 741, 757, 785, 818, 848, 867, 870, 871, 887, 909, 922, 932, 936, 942, 943, 973]"
cumulative,6,days_0_350,0,30240000,6,CUM-C0607,c06,64,"[24, 35, 87, 141, 148, 160, 167, 181, 188, 190, 202, 207, 241, 274, 280, 286, 288, 301, 353, 360, 373, 391, 408, 414, 421, 424, 431, 445, 469, 484, 493, 512, 526, 530, 547, 552, 561, 614, 629, 630, 631, 643, 645, 656, 658, 685, 709, 795, 817, 824, 841, 846, 847, 851, 858, 891, 894, 902, 920, 954, 957, 964, 978, 988]"
cumulative,6,days_0_350,0,30240000,7,CUM-C0608,c07,62,"[5, 7, 29, 98, 107, 117, 134, 150, 175, 183, 192, 196, 201, 208, 226, 236, 257, 262, 268, 275, 278, 291, 297, 327, 335, 359, 381, 385, 401, 415, 429, 440, 446, 449, 454, 464, 468, 491, 504, 537, 553, 592, 664, 670, 683, 688, 707, 713, 726, 737, 808, 810, 839, 849, 880, 897, 898, 899, 941, 980, 985, 1003]"
cumulative,6,days_0_350,0,30240000,8,CUM-C0609,c08,56,"[28, 56, 68, 95, 170, 176, 219, 231, 245, 251, 264, 269, 311, 329, 338, 350, 361, 364, 375, 427, 432, 433, 448, 461, 480, 482, 511, 531, 540, 582, 588, 606, 624, 641, 697, 698, 733, 736, 764, 773, 789, 809, 815, 819, 836, 840, 855, 872, 873, 874, 925, 955, 983, 987, 994, 995]"
cumulative,6,days_0_350,0,30240000,9,CUM-C0610,c09,31,"[25, 41, 44, 48, 73, 85, 216, 318, 319, 321, 366, 386, 434, 458, 481, 499, 558, 565, 600, 618, 672, 679, 684, 704, 723, 753, 758, 844, 918, 956, 1002]"
cumulative,6,days_0_350,0,30240000,10,CUM-C0611,c11,28,"[17, 31, 67, 92, 122, 136, 142, 165, 200, 302, 316, 341, 344, 349, 428, 543, 636, 647, 831, 838, 857, 892, 915, 952, 953, 963, 971, 990]"
cumulative,6,days_0_350,0,30240000,11,CUM-C0612,c10,24,"[62, 113, 124, 250, 263, 369, 444, 485, 513, 515, 535, 542, 551, 646, 691, 722, 770, 800, 821, 823, 854, 886, 927, 968]"
cumulative,6,days_0_350,0,30240000,12,CUM-C0613,c14,8,"[180, 215, 217, 238, 357, 727, 829, 958]"
cumulative,7,days_0_400,0,34560000,0,CUM-C0701,c01,196,"[8, 11, 26, 27, 34, 36, 39, 40, 47, 49, 53, 60, 65, 70, 75, 79, 83, 86, 91, 93, 116, 120, 129, 137, 146, 147, 151, 152, 157, 159, 161, 171, 179, 182, 185, 187, 191, 193, 194, 197, 198, 203, 212, 213, 214, 218, 220, 221, 229, 230, 233, 235, 239, 242, 244, 248, 253, 254, 255, 271, 272, 273, 277, 283, 285, 290, 306, 307, 308, 317, 326, 334, 336, 347, 352, 355, 367, 374, 379, 380, 394, 397, 398, 400, 413, 430, 443, 450, 462, 466, 471, 476, 483, 488, 492, 495, 525, 533, 544, 546, 550, 554, 566, 568, 571, 572, 577, 578, 585, 590, 591, 596, 607, 609, 612, 617, 619, 623, 626, 627, 633, 640, 642, 651, 659, 660, 661, 662, 665, 668, 669, 671, 673, 677, 678, 686, 687, 692, 695, 696, 703, 706, 712, 714, 715, 734, 739, 741, 742, 746, 748, 752, 763, 769, 771, 772, 775, 776, 784, 787, 792, 798, 802, 805, 807, 813, 830, 833, 834, 835, 852, 863, 865, 875, 877, 882, 890, 900, 901, 910, 923, 926, 930, 931, 933, 935, 938, 940, 951, 960, 966, 972, 975, 992, 993, 997]"
cumulative,7,days_0_400,0,34560000,1,CUM-C0702,c03,120,"[0, 6, 16, 18, 19, 32, 55, 59, 61, 71, 78, 89, 99, 101, 114, 115, 118, 127, 143, 145, 149, 158, 162, 169, 178, 184, 189, 195, 224, 225, 228, 237, 243, 246, 249, 259, 265, 279, 281, 293, 295, 296, 312, 314, 320, 325, 333, 339, 345, 349, 359, 365, 372, 377, 393, 404, 407, 409, 410, 423, 426, 436, 452, 453, 455, 457, 470, 479, 490, 496, 502, 519, 522, 538, 569, 580, 593, 595, 599, 605, 615, 635, 652, 681, 690, 693, 705, 708, 710, 711, 716, 718, 724, 729, 732, 749, 754, 767, 777, 779, 791, 793, 816, 843, 861, 862, 866, 876, 883, 884, 896, 904, 905, 907, 916, 929, 934, 976, 991, 999]"
cumulative,7,days_0_400,0,34560000,2,CUM-C0703,c02,111,"[2, 9, 23, 30, 37, 43, 45, 52, 66, 74, 77, 80, 94, 104, 109, 110, 111, 112, 119, 121, 126, 128, 133, 166, 168, 186, 204, 209, 227, 232, 240, 256, 257, 260, 266, 267, 276, 287, 294, 305, 313, 332, 340, 356, 392, 412, 416, 425, 435, 439, 447, 459, 465, 472, 475, 478, 500, 517, 523, 539, 556, 557, 564, 567, 570, 573, 574, 575, 586, 598, 602, 648, 655, 674, 694, 699, 700, 721, 730, 743, 751, 756, 759, 762, 765, 768, 782, 790, 794, 803, 812, 814, 825, 845, 859, 868, 869, 885, 888, 889, 908, 912, 944, 946, 948, 949, 961, 984, 986, 998, 1000]"
cumulative,7,days_0_400,0,34560000,3,CUM-C0704,c04,95,"[1, 38, 42, 46, 50, 64, 69, 76, 84, 96, 97, 102, 103, 105, 106, 125, 132, 139, 153, 154, 164, 172, 174, 206, 222, 223, 282, 299, 303, 309, 310, 322, 323, 324, 331, 337, 343, 346, 368, 376, 378, 388, 395, 399, 402, 411, 418, 419, 420, 460, 474, 477, 487, 489, 497, 498, 501, 505, 509, 510, 514, 524, 534, 548, 559, 562, 583, 601, 603, 616, 622, 634, 638, 639, 649, 663, 676, 735, 740, 780, 788, 822, 832, 842, 853, 879, 893, 911, 939, 943, 950, 969, 977, 996, 1004]"
cumulative,7,days_0_400,0,34560000,4,CUM-C0705,c06,67,"[24, 35, 87, 141, 148, 160, 167, 181, 188, 190, 202, 207, 241, 274, 280, 286, 288, 301, 353, 360, 373, 391, 408, 414, 421, 424, 431, 445, 469, 484, 493, 512, 526, 530, 547, 552, 561, 614, 629, 630, 631, 643, 645, 656, 658, 685, 709, 750, 773, 795, 817, 824, 841, 846, 847, 851, 858, 891, 894, 902, 920, 954, 957, 964, 978, 988, 989]"
cumulative,7,days_0_400,0,34560000,5,CUM-C0706,dead-CUM-C0007,63,"[4, 12, 15, 58, 72, 81, 82, 108, 135, 138, 205, 211, 284, 292, 304, 315, 330, 348, 362, 370, 371, 383, 389, 405, 406, 422, 438, 441, 456, 520, 527, 528, 549, 563, 581, 584, 587, 589, 594, 628, 637, 680, 701, 717, 720, 731, 757, 785, 797, 818, 848, 860, 867, 870, 871, 887, 909, 922, 932, 936, 941, 942, 973]"
cumulative,7,days_0_400,0,34560000,6,CUM-C0707,c07,60,"[5, 7, 29, 98, 107, 117, 134, 150, 175, 183, 192, 196, 201, 208, 226, 236, 262, 268, 275, 278, 289, 291, 297, 327, 335, 381, 385, 401, 415, 429, 440, 446, 449, 454, 464, 468, 473, 491, 504, 537, 553, 592, 664, 670, 683, 688, 707, 713, 726, 737, 808, 810, 839, 849, 880, 898, 899, 980, 985, 1003]"
cumulative,7,days_0_400,0,34560000,7,CUM-C0708,c05,56,"[10, 13, 14, 90, 131, 144, 173, 199, 252, 270, 328, 382, 396, 437, 442, 467, 506, 508, 516, 532, 541, 576, 597, 613, 625, 644, 650, 653, 654, 657, 666, 682, 702, 719, 738, 745, 747, 761, 783, 796, 801, 804, 820, 826, 828, 837, 850, 881, 921, 924, 928, 945, 967, 970, 979, 1001]"
cumulative,7,days_0_400,0,34560000,8,CUM-C0709,c08,55,"[28, 56, 68, 95, 170, 176, 219, 231, 245, 251, 264, 269, 311, 329, 338, 350, 361, 364, 375, 427, 432, 433, 448, 461, 480, 482, 511, 531, 540, 582, 588, 606, 624, 641, 697, 698, 733, 736, 764, 789, 809, 815, 819, 836, 840, 855, 872, 873, 874, 925, 955, 983, 987, 994, 995]"
cumulative,7,days_0_400,0,34560000,9,CUM-C0710,c09,32,"[25, 41, 44, 48, 73, 85, 216, 318, 319, 321, 366, 386, 434, 458, 481, 499, 503, 558, 565, 600, 618, 672, 679, 684, 704, 723, 753, 758, 844, 918, 956, 1002]"
cumulative,7,days_0_400,0,34560000,10,CUM-C0711,c10,28,"[62, 113, 124, 163, 250, 263, 369, 444, 485, 513, 515, 535, 542, 551, 646, 691, 722, 770, 799, 800, 821, 823, 854, 886, 895, 913, 927, 968]"
cumulative,7,days_0_400,0,34560000,11,CUM-C0712,c11,27,"[17, 31, 67, 92, 122, 136, 142, 165, 200, 302, 316, 341, 344, 428, 543, 636, 647, 831, 838, 857, 892, 915, 952, 953, 963, 971, 990]"
cumulative,7,days_0_400,0,34560000,12,CUM-C0713,c14,10,"[123, 180, 215, 217, 238, 357, 727, 829, 897, 958]"
cumulative,8,days_0_450,0,38880000,0,CUM-C0801,c01,179,"[8, 11, 26, 34, 36, 39, 40, 47, 49, 53, 60, 65, 75, 79, 83, 86, 90, 93, 116, 120, 137, 144, 146, 151, 152, 155, 159, 161, 179, 185, 187, 191, 193, 194, 197, 198, 203, 212, 213, 214, 218, 220, 221, 229, 233, 235, 239, 242, 244, 248, 253, 254, 257, 271, 272, 273, 283, 290, 300, 306, 307, 317, 326, 334, 352, 367, 374, 379, 380, 390, 394, 397, 398, 400, 413, 430, 443, 450, 462, 466, 471, 476, 483, 488, 492, 495, 523, 525, 533, 544, 546, 550, 554, 566, 568, 571, 572, 578, 585, 591, 596, 607, 609, 613, 617, 619, 623, 625, 626, 633, 640, 642, 651, 659, 660, 661, 662, 665, 668, 669, 671, 677, 678, 687, 692, 695, 696, 703, 706, 712, 714, 734, 739, 741, 742, 746, 752, 763, 769, 771, 772, 775, 776, 784, 787, 798, 802, 805, 807, 811, 813, 830, 833, 834, 835, 852, 863, 864, 865, 875, 882, 890, 900, 901, 910, 923, 930, 935, 938, 940, 951, 960, 962, 970, 975, 981, 992, 993, 997]"
cumulative,8,days_0_450,0,38880000,1,CUM-C0802,c03,125,"[0, 6, 16, 18, 19, 32, 55, 59, 61, 71, 78, 89, 99, 101, 114, 115, 118, 127, 130, 143, 145, 149, 158, 162, 169, 178, 184, 189, 195, 225, 228, 237, 243, 246, 249, 259, 265, 279, 281, 293, 295, 296, 312, 314, 325, 333, 339, 345, 359, 365, 372, 376, 377, 393, 404, 407, 409, 410, 423, 426, 436, 452, 453, 455, 457, 470, 479, 496, 502, 519, 522, 527, 538, 569, 579, 580, 593, 595, 599, 605, 615, 635, 652, 681, 690, 693, 705, 708, 710, 711, 716, 718, 724, 728, 729, 732, 749, 754, 767, 777, 779, 785, 786, 791, 793, 816, 843, 861, 862, 866, 876, 878, 883, 884, 896, 904, 905, 907, 916, 919, 929, 934, 976, 991, 999]"
cumulative,8,days_0_450,0,38880000,2,CUM-C0803,c02,113,"[2, 9, 23, 30, 37, 43, 45, 52, 66, 74, 77, 80, 94, 104, 109, 110, 111, 112, 119, 121, 126, 128, 133, 166, 168, 182, 186, 204, 209, 210, 227, 232, 240, 256, 260, 266, 267, 276, 287, 294, 305, 313, 332, 340, 356, 392, 412, 416, 425, 435, 439, 447, 459, 465, 472, 475, 478, 490, 500, 517, 539, 556, 557, 560, 564, 567, 570, 573, 574, 575, 586, 598, 602, 648, 655, 674, 694, 699, 700, 721, 730, 743, 744, 751, 756, 759, 762, 765, 768, 782, 790, 794, 803, 812, 814, 825, 845, 859, 868, 869, 885, 889, 908, 912, 944, 946, 948, 949, 961, 974, 984, 986, 998]"
cumulative,8,days_0_450,0,38880000,3,CUM-C0804,c04,85,"[1, 38, 42, 46, 50, 64, 69, 70, 76, 84, 88, 91, 96, 97, 102, 103, 106, 125, 132, 139, 154, 164, 172, 174, 206, 223, 247, 282, 299, 303, 309, 310, 322, 323, 324, 337, 343, 346, 368, 378, 388, 395, 399, 402, 420, 460, 474, 477, 487, 489, 498, 501, 505, 509, 510, 514, 524, 534, 548, 559, 562, 583, 601, 603, 612, 622, 634, 638, 649, 663, 676, 735, 740, 780, 788, 822, 832, 842, 853, 879, 893, 906, 939, 943, 950]"
cumulative,8,days_0_450,0,38880000,4,CUM-C0805,c05,72,"[10, 13, 14, 105, 131, 153, 173, 199, 222, 252, 270, 328, 331, 382, 396, 411, 418, 419, 437, 442, 467, 497, 506, 508, 516, 532, 541, 576, 597, 611, 616, 639, 644, 650, 653, 654, 657, 666, 682, 702, 719, 738, 745, 747, 760, 761, 783, 796, 801, 804, 820, 826, 828, 837, 839, 850, 856, 881, 903, 911, 921, 924, 928, 945, 967, 969, 977, 979, 982, 996, 1001, 1004]"
cumulative,8,days_0_450,0,38880000,5,CUM-C0806,c06,71,"[24, 35, 51, 87, 141, 148, 160, 167, 181, 188, 190, 202, 207, 241, 274, 280, 286, 288, 301, 353, 360, 373, 387, 391, 408, 414, 421, 424, 431, 445, 451, 469, 484, 493, 512, 526, 530, 547, 552, 561, 610, 614, 629, 630, 631, 643, 645, 656, 658, 685, 709, 750, 773, 795, 817, 824, 841, 846, 847, 851, 858, 891, 894, 902, 920, 954, 957, 964, 978, 988, 989]"
cumulative,8,days_0_450,0,38880000,6,CUM-C0807,dead-CUM-C0007,66,"[4, 12, 15, 54, 58, 63, 72, 81, 82, 108, 135, 138, 205, 211, 284, 292, 304, 315, 330, 348, 362, 370, 371, 383, 389, 405, 406, 422, 438, 441, 456, 520, 528, 549, 563, 581, 584, 587, 589, 594, 627, 628, 637, 680, 701, 717, 720, 731, 757, 792, 797, 818, 848, 860, 867, 870, 871, 887, 909, 922, 932, 936, 937, 941, 942, 973]"
cumulative,8,days_0_450,0,38880000,7,CUM-C0808,c07,61,"[5, 7, 29, 98, 107, 117, 134, 150, 175, 183, 192, 196, 201, 208, 226, 236, 262, 268, 275, 278, 289, 291, 297, 320, 327, 335, 358, 381, 385, 401, 415, 429, 440, 446, 449, 454, 464, 468, 473, 491, 504, 537, 553, 592, 664, 670, 683, 688, 707, 713, 726, 737, 808, 810, 849, 880, 898, 899, 980, 985, 1003]"
cumulative,8,days_0_450,0,38880000,8,CUM-C0809,c09,58,"[25, 27, 41, 44, 48, 73, 85, 129, 147, 157, 171, 216, 230, 255, 277, 285, 308, 318, 319, 321, 336, 347, 355, 366, 386, 434, 458, 481, 499, 503, 558, 565, 577, 590, 600, 618, 672, 673, 679, 684, 686, 704, 715, 723, 748, 753, 758, 844, 877, 918, 926, 931, 933, 956, 966, 972, 1000, 1002]"
cumulative,8,days_0_450,0,38880000,9,CUM-C0810,c08,56,"[28, 33, 56, 68, 95, 170, 176, 219, 231, 245, 251, 264, 269, 311, 329, 338, 350, 361, 364, 375, 427, 432, 433, 448, 461, 480, 482, 511, 531, 540, 582, 588, 606, 624, 641, 697, 698, 733, 736, 764, 789, 809, 815, 819, 836, 840, 855, 872, 873, 874, 925, 955, 983, 987, 994, 995]"
cumulative,8,days_0_450,0,38880000,10,CUM-C0811,c11,31,"[17, 31, 67, 92, 122, 136, 142, 165, 200, 224, 302, 316, 341, 344, 349, 351, 428, 543, 636, 647, 831, 838, 857, 888, 892, 915, 952, 953, 963, 971, 990]"
cumulative,8,days_0_450,0,38880000,11,CUM-C0812,c10,30,"[62, 113, 124, 163, 250, 263, 369, 444, 485, 513, 515, 518, 535, 542, 551, 604, 646, 691, 722, 770, 799, 800, 821, 823, 854, 886, 895, 913, 927, 968]"
cumulative,8,days_0_450,0,38880000,12,CUM-C0813,c14,10,"[123, 180, 215, 217, 238, 357, 727, 829, 897, 958]"
cumulative,9,days_0_500,0,43200000,0,CUM-C0901,c01,200,"[4, 8, 11, 32, 34, 36, 39, 47, 49, 53, 54, 63, 65, 72, 75, 79, 81, 82, 83, 90, 93, 108, 116, 120, 135, 137, 138, 143, 144, 151, 155, 159, 161, 179, 185, 191, 193, 194, 197, 203, 205, 211, 212, 213, 214, 220, 221, 229, 233, 235, 239, 242, 244, 248, 253, 271, 273, 283, 290, 292, 300, 304, 306, 307, 315, 317, 334, 348, 362, 367, 371, 374, 383, 389, 390, 394, 397, 400, 405, 413, 441, 456, 462, 471, 476, 483, 492, 496, 523, 525, 528, 533, 544, 546, 549, 550, 554, 566, 571, 578, 580, 581, 587, 589, 591, 594, 607, 609, 613, 617, 619, 623, 625, 626, 627, 628, 633, 637, 640, 642, 651, 659, 660, 661, 665, 668, 669, 671, 678, 687, 692, 696, 701, 703, 706, 714, 720, 725, 728, 734, 739, 741, 742, 746, 752, 757, 763, 769, 771, 772, 775, 776, 784, 787, 791, 798, 805, 807, 813, 816, 830, 833, 834, 835, 848, 852, 860, 863, 864, 865, 867, 870, 871, 875, 882, 887, 890, 900, 901, 910, 922, 923, 932, 935, 936, 937, 940, 941, 942, 951, 960, 962, 970, 973, 975, 981, 983, 992, 993, 997]"
cumulative,9,days_0_500,0,43200000,1,CUM-C0902,c02,125,"[2, 9, 21, 23, 30, 37, 43, 45, 52, 66, 74, 77, 80, 94, 100, 104, 109, 110, 111, 112, 119, 121, 126, 128, 133, 146, 166, 168, 182, 186, 204, 209, 210, 218, 227, 232, 240, 256, 260, 266, 267, 276, 287, 294, 305, 313, 326, 328, 332, 340, 356, 384, 392, 412, 416, 425, 435, 439, 447, 459, 465, 472, 475, 478, 490, 500, 507, 517, 521, 539, 545, 556, 557, 560, 564, 567, 573, 574, 575, 586, 598, 602, 648, 655, 674, 689, 694, 699, 700, 721, 730, 743, 744, 751, 756, 759, 762, 765, 768, 782, 790, 794, 803, 812, 814, 825, 845, 859, 868, 869, 885, 889, 908, 912, 930, 938, 944, 946, 948, 949, 961, 974, 984, 986, 998]"
cumulative,9,days_0_500,0,43200000,2,CUM-C0903,c03,115,"[0, 6, 16, 18, 19, 55, 59, 61, 71, 78, 89, 99, 101, 114, 115, 127, 130, 145, 149, 162, 169, 178, 184, 189, 195, 225, 228, 237, 243, 246, 249, 259, 265, 279, 281, 293, 295, 296, 312, 314, 325, 333, 339, 345, 359, 365, 372, 377, 393, 404, 407, 409, 410, 423, 426, 436, 452, 453, 455, 457, 470, 479, 502, 519, 522, 527, 536, 538, 569, 579, 593, 595, 599, 605, 615, 621, 635, 681, 690, 693, 705, 708, 710, 711, 716, 718, 724, 729, 749, 754, 767, 777, 779, 785, 786, 793, 843, 858, 861, 862, 866, 876, 878, 883, 884, 896, 904, 905, 907, 916, 929, 934, 976, 991, 999]"
cumulative,9,days_0_500,0,43200000,3,CUM-C0904,c05,83,"[10, 13, 14, 103, 105, 131, 153, 158, 173, 192, 199, 222, 252, 270, 303, 327, 331, 358, 378, 381, 382, 395, 396, 411, 418, 419, 437, 442, 467, 497, 506, 508, 514, 516, 532, 541, 576, 597, 611, 616, 639, 644, 650, 653, 654, 657, 666, 682, 702, 719, 738, 745, 747, 760, 761, 778, 780, 783, 801, 804, 820, 826, 828, 837, 839, 850, 856, 881, 903, 911, 921, 924, 928, 945, 950, 967, 969, 977, 979, 982, 996, 1001, 1004]"
cumulative,9,days_0_500,0,43200000,4,CUM-C0905,c04,81,"[1, 22, 38, 42, 46, 50, 64, 69, 70, 76, 84, 88, 91, 96, 97, 102, 106, 125, 132, 139, 154, 164, 172, 174, 206, 223, 247, 282, 299, 309, 310, 322, 323, 324, 337, 343, 346, 368, 376, 388, 399, 402, 420, 460, 474, 477, 487, 489, 498, 501, 505, 509, 510, 524, 534, 548, 559, 562, 583, 601, 603, 612, 622, 634, 638, 649, 663, 676, 735, 740, 788, 822, 832, 842, 853, 879, 893, 906, 919, 939, 943]"
cumulative,9,days_0_500,0,43200000,5,CUM-C0906,c06,76,"[3, 24, 35, 51, 87, 141, 148, 160, 167, 181, 188, 190, 202, 207, 241, 274, 280, 286, 288, 301, 353, 360, 373, 387, 391, 408, 414, 421, 424, 431, 445, 451, 469, 484, 486, 493, 512, 526, 530, 547, 552, 561, 570, 585, 610, 614, 629, 630, 631, 643, 645, 656, 658, 667, 685, 709, 750, 773, 795, 817, 824, 841, 846, 847, 851, 891, 894, 902, 920, 954, 957, 964, 978, 988, 989, 995]"
cumulative,9,days_0_500,0,43200000,6,CUM-C0907,c07,62,"[5, 7, 29, 31, 67, 98, 107, 117, 118, 134, 150, 165, 183, 196, 201, 208, 226, 236, 257, 262, 268, 278, 289, 291, 297, 320, 335, 344, 385, 401, 415, 429, 440, 449, 454, 464, 468, 473, 491, 504, 537, 553, 592, 652, 664, 670, 683, 688, 707, 713, 726, 732, 808, 810, 811, 880, 898, 899, 963, 980, 985, 1003]"
cumulative,9,days_0_500,0,43200000,7,CUM-C0908,c08,60,"[28, 33, 56, 68, 95, 170, 175, 176, 219, 231, 245, 251, 264, 269, 275, 311, 329, 338, 350, 361, 364, 375, 427, 432, 433, 446, 448, 461, 480, 482, 511, 531, 540, 582, 588, 606, 624, 641, 697, 698, 733, 736, 737, 764, 789, 796, 809, 815, 819, 836, 840, 849, 855, 872, 873, 874, 925, 955, 987, 994]"
cumulative,9,days_0_500,0,43200000,8,CUM-C0909,c09,33,"[25, 41, 44, 48, 73, 85, 216, 318, 319, 321, 366, 386, 434, 458, 481, 499, 503, 558, 565, 600, 618, 672, 679, 684, 704, 723, 753, 758, 844, 918, 956, 1000, 1002]"
cumulative,9,days_0_500,0,43200000,9,CUM-C0910,dead-CUM-C0910,30,"[26, 40, 60, 86, 152, 187, 198, 254, 272, 352, 379, 380, 398, 430, 443, 450, 466, 488, 495, 568, 572, 596, 662, 677, 695, 712, 774, 802, 947, 965]"
cumulative,9,days_0_500,0,43200000,10,CUM-C0911,c12,30,"[27, 58, 129, 147, 157, 171, 230, 255, 277, 285, 308, 330, 336, 347, 355, 438, 577, 590, 673, 686, 715, 748, 818, 877, 909, 926, 931, 933, 966, 972]"
cumulative,9,days_0_500,0,43200000,11,CUM-C0912,c10,30,"[62, 113, 124, 163, 250, 263, 369, 444, 485, 513, 515, 518, 535, 542, 551, 604, 646, 691, 722, 770, 799, 800, 821, 823, 854, 886, 895, 913, 927, 968]"
cumulative,9,days_0_500,0,43200000,12,CUM-C0913,c11,28,"[17, 92, 122, 136, 142, 200, 224, 302, 316, 341, 349, 351, 428, 543, 636, 647, 806, 831, 838, 857, 888, 892, 915, 917, 952, 953, 971, 990]"
cumulative,9,days_0_500,0,43200000,13,CUM-C0914,c13,14,"[12, 15, 284, 370, 406, 422, 520, 563, 584, 680, 717, 731, 792, 797]"
cumulative,9,days_0_500,0,43200000,14,CUM-C0915,c14,10,"[123, 180, 215, 217, 238, 357, 727, 829, 897, 958]"
cumulative,10,days_0_526,0,45446400,0,CUM-C1001,c01,238,"[4, 8, 11, 26, 32, 34, 36, 39, 40, 47, 49, 53, 54, 58, 60, 63, 65, 72, 75, 79, 81, 82, 83, 86, 90, 93, 108, 116, 120, 135, 137, 138, 143, 144, 146, 151, 152, 155, 159, 161, 179, 185, 187, 191, 193, 194, 196, 197, 198, 203, 205, 211, 212, 213, 214, 220, 221, 229, 233, 235, 244, 248, 253, 254, 271, 272, 283, 290, 292, 300, 304, 306, 307, 315, 317, 326, 330, 334, 348, 352, 362, 367, 371, 374, 379, 380, 383, 389, 390, 394, 397, 398, 400, 405, 413, 430, 438, 441, 443, 450, 456, 462, 466, 471, 476, 483, 488, 492, 495, 496, 523, 525, 528, 533, 544, 546, 549, 550, 554, 566, 568, 571, 572, 578, 580, 581, 587, 589, 591, 594, 596, 607, 609, 613, 617, 619, 623, 625, 626, 627, 628, 633, 637, 640, 642, 651, 659, 660, 661, 662, 665, 668, 669, 671, 673, 675, 677, 678, 687, 692, 695, 696, 701, 703, 712, 714, 720, 728, 734, 739, 741, 742, 746, 752, 757, 763, 768, 769, 771, 772, 775, 776, 784, 787, 791, 798, 802, 805, 807, 813, 816, 818, 827, 830, 833, 834, 835, 848, 852, 860, 863, 864, 865, 867, 870, 871, 875, 882, 887, 890, 900, 901, 909, 910, 914, 922, 923, 930, 932, 935, 936, 937, 938, 940, 941, 942, 960, 962, 965, 970, 973, 975, 981, 983, 992, 993, 995, 997]"
cumulative,10,days_0_526,0,45446400,1,CUM-C1002,c02,122,"[2, 9, 20, 21, 23, 30, 37, 43, 45, 52, 57, 66, 74, 77, 80, 94, 100, 104, 109, 110, 111, 112, 119, 121, 126, 128, 133, 166, 168, 177, 182, 186, 204, 209, 210, 218, 227, 232, 240, 256, 260, 266, 267, 276, 287, 294, 305, 313, 328, 332, 340, 356, 384, 392, 412, 416, 425, 435, 439, 447, 459, 465, 472, 475, 478, 490, 500, 517, 521, 539, 545, 556, 557, 560, 564, 567, 573, 574, 575, 586, 598, 602, 648, 655, 674, 689, 694, 699, 700, 721, 730, 743, 744, 751, 756, 759, 762, 765, 782, 790, 794, 803, 812, 814, 825, 845, 859, 868, 869, 885, 889, 908, 912, 944, 946, 948, 949, 961, 974, 984, 986, 998]"
cumulative,10,days_0_526,0,45446400,2,CUM-C1003,c03,118,"[0, 6, 16, 18, 19, 55, 59, 61, 71, 78, 89, 99, 101, 114, 115, 127, 130, 145, 149, 162, 169, 178, 184, 189, 195, 225, 228, 237, 243, 246, 249, 259, 265, 279, 281, 293, 295, 296, 312, 314, 325, 333, 339, 345, 359, 365, 372, 377, 393, 403, 404, 407, 409, 410, 423, 426, 436, 452, 453, 455, 457, 470, 479, 502, 519, 522, 527, 536, 538, 569, 579, 593, 595, 599, 605, 615, 621, 635, 681, 690, 693, 705, 708, 710, 711, 716, 718, 724, 729, 732, 749, 754, 767, 777, 779, 781, 785, 786, 793, 843, 858, 861, 862, 866, 876, 878, 883, 884, 896, 904, 905, 907, 916, 929, 934, 976, 991, 999]"
cumulative,10,days_0_526,0,45446400,3,CUM-C1004,c04,85,"[1, 22, 38, 42, 46, 50, 64, 69, 70, 76, 84, 88, 91, 96, 97, 102, 106, 125, 132, 139, 154, 164, 172, 174, 206, 223, 239, 247, 273, 282, 299, 309, 310, 322, 323, 324, 337, 343, 346, 368, 376, 388, 399, 402, 420, 460, 474, 477, 487, 489, 498, 501, 505, 509, 510, 524, 534, 548, 559, 562, 583, 601, 603, 612, 622, 634, 638, 649, 663, 676, 706, 735, 740, 788, 822, 832, 842, 853, 879, 893, 906, 919, 939, 943, 951]"
cumulative,10,days_0_526,0,45446400,4,CUM-C1005,c05,80,"[10, 13, 14, 103, 105, 131, 153, 158, 173, 199, 222, 252, 270, 303, 331, 378, 382, 395, 396, 411, 418, 419, 437, 442, 461, 467, 497, 506, 508, 514, 516, 532, 541, 576, 597, 611, 616, 639, 644, 650, 653, 654, 657, 666, 682, 702, 719, 738, 745, 747, 760, 761, 778, 780, 783, 801, 804, 820, 826, 828, 837, 839, 850, 856, 881, 903, 911, 921, 924, 928, 945, 950, 967, 969, 977, 979, 982, 996, 1001, 1004]"
cumulative,10,days_0_526,0,45446400,5,CUM-C1006,c06,76,"[3, 24, 35, 51, 87, 141, 148, 160, 167, 181, 188, 190, 202, 207, 241, 274, 280, 286, 288, 301, 353, 360, 373, 387, 391, 408, 414, 421, 424, 431, 445, 451, 469, 484, 486, 493, 507, 512, 526, 530, 547, 552, 561, 570, 585, 610, 614, 629, 630, 631, 643, 645, 656, 658, 667, 685, 709, 750, 773, 795, 817, 824, 841, 846, 847, 851, 891, 894, 902, 920, 954, 957, 964, 978, 988, 989]"
cumulative,10,days_0_526,0,45446400,6,CUM-C1007,c07,69,"[5, 7, 29, 31, 67, 98, 107, 117, 118, 134, 150, 165, 175, 183, 192, 201, 208, 226, 236, 257, 262, 268, 275, 278, 289, 291, 297, 320, 327, 335, 344, 358, 381, 385, 401, 415, 429, 440, 446, 449, 454, 464, 468, 473, 491, 504, 537, 553, 592, 652, 664, 670, 683, 688, 707, 713, 726, 737, 808, 810, 811, 849, 880, 898, 899, 963, 980, 985, 1003]"
cumulative,10,days_0_526,0,45446400,7,CUM-C1008,c08,56,"[28, 33, 56, 68, 95, 170, 176, 219, 231, 242, 245, 251, 264, 269, 311, 329, 338, 350, 361, 364, 375, 427, 432, 433, 448, 480, 482, 511, 531, 540, 582, 588, 606, 624, 632, 641, 697, 698, 733, 736, 764, 789, 796, 809, 815, 819, 836, 840, 855, 872, 873, 874, 925, 955, 987, 994]"
cumulative,10,days_0_526,0,45446400,8,CUM-C1009,c09,33,"[25, 41, 44, 48, 73, 85, 216, 318, 319, 321, 366, 386, 434, 458, 481, 499, 503, 558, 565, 600, 618, 672, 679, 684, 704, 723, 753, 758, 844, 918, 956, 1000, 1002]"
cumulative,10,days_0_526,0,45446400,9,CUM-C1010,c10,30,"[62, 113, 124, 163, 250, 263, 369, 444, 485, 513, 515, 518, 535, 542, 551, 604, 646, 691, 722, 770, 799, 800, 821, 823, 854, 886, 895, 913, 927, 968]"
cumulative,10,days_0_526,0,45446400,10,CUM-C1011,c11,28,"[17, 92, 122, 136, 142, 200, 224, 302, 316, 341, 349, 351, 428, 543, 636, 647, 806, 831, 838, 857, 888, 892, 915, 917, 952, 953, 971, 990]"
cumulative,10,days_0_526,0,45446400,11,CUM-C1012,c12,24,"[27, 129, 147, 157, 171, 230, 255, 277, 285, 308, 336, 347, 355, 577, 590, 686, 715, 748, 877, 926, 931, 933, 966, 972]"
cumulative,10,days_0_526,0,45446400,12,CUM-C1013,c13,14,"[12, 15, 284, 370, 406, 422, 520, 563, 584, 680, 717, 731, 792, 797]"
cumulative,10,days_0_526,0,45446400,13,CUM-C1014,c14,10,"[123, 180, 215, 217, 238, 357, 727, 829, 897, 958]"
cumulative,10,days_0_526,0,45446400,14,CUM-C1015,c15,3,"[725, 774, 947]"
