approach,method,identity_group,stage_index,t_start,t_end,length,stage_type,start_size,end_size,global_P,global_C,global_L,global_R,global_N,global_growth,global_churn,global_revitalization,global_prosp_stability,global_retro_stability,solidity,density,segmentation_error
overlap,classic_size_bottom_up,c01,1,16,17,2,Erosion,105,83,105,83,28,77,6,0.790476,0.266667,0.072289,0.733333,0.927711,0.693694,0.846847,0
overlap,classic_size_bottom_up,c01,2,17,19,3,Dynamic-Growth,83,93,83,93,35,48,45,1.120482,0.421687,0.483871,0.578313,0.516129,0.335766,0.647202,4.000000
overlap,classic_size_bottom_up,c02,1,10,12,3,Dynamic-Growth,43,68,43,68,6,37,31,1.581395,0.139535,0.455882,0.860465,0.544118,0.486842,0.714912,12.250000
overlap,classic_size_bottom_up,c02,2,12,13,2,Dynamic-Growth,68,101,68,101,22,46,55,1.485294,0.323529,0.544554,0.676471,0.455446,0.373984,0.686992,0
overlap,classic_size_bottom_up,c02,3,13,14,2,Fluid-Stability,101,99,101,99,34,67,32,0.980198,0.336634,0.323232,0.663366,0.676768,0.503759,0.751880,0
overlap,classic_size_bottom_up,c02,4,14,15,2,Dynamic-Growth,99,179,99,179,14,85,94,1.808081,0.141414,0.525140,0.858586,0.474860,0.440415,0.720207,0
overlap,classic_size_bottom_up,c02,5,15,16,2,Turnover-Shrinkage,179,95,179,95,106,73,22,0.530726,0.592179,0.231579,0.407821,0.768421,0.363184,0.681592,0
overlap,classic_size_bottom_up,c02,6,16,17,2,Erosion,95,73,95,73,25,70,3,0.768421,0.263158,0.041096,0.736842,0.958904,0.714286,0.857143,0
overlap,classic_size_bottom_up,c02,7,17,19,3,Dynamic-Growth,73,88,73,88,13,60,28,1.205479,0.178082,0.318182,0.821918,0.681818,0.518868,0.732704,72.250000
overlap,classic_size_bottom_up,c03,1,16,17,2,Organic-Growth,124,148,124,148,7,117,31,1.193548,0.056452,0.209459,0.943548,0.790541,0.754839,0.877419,0
overlap,classic_size_bottom_up,c03,2,17,18,2,Erosion,148,70,148,70,81,67,3,0.472973,0.547297,0.042857,0.452703,0.957143,0.443709,0.721854,0
overlap,classic_size_bottom_up,c03,3,18,19,2,Organic-Growth,70,82,70,82,2,68,14,1.171429,0.028571,0.170732,0.971429,0.829268,0.809524,0.904762,0
overlap,classic_size_bottom_up,c04,1,14,16,3,Dynamic-Growth,53,96,53,96,26,27,69,1.811321,0.490566,0.718750,0.509434,0.281250,0.179310,0.498851,42.250000
overlap,classic_size_bottom_up,c04,2,16,19,4,Turnover-Shrinkage,96,79,96,79,30,66,13,0.822917,0.312500,0.164557,0.687500,0.835443,0.508333,0.747917,60.555556
overlap,classic_size_bottom_up,c05,1,0,1,2,Erosion,57,51,57,51,7,50,1,0.894737,0.122807,0.019608,0.877193,0.980392,0.862069,0.931034,0
overlap,classic_size_bottom_up,c05,2,1,3,3,Dynamic-Growth,51,78,51,78,6,45,33,1.529412,0.117647,0.423077,0.882353,0.576923,0.488636,0.731061,0.250000
overlap,classic_size_bottom_up,c05,3,3,4,2,Erosion,78,61,78,61,20,58,3,0.782051,0.256410,0.049180,0.743590,0.950820,0.716049,0.858025,0
overlap,classic_size_bottom_up,c05,4,4,7,4,Dynamic-Growth,61,83,61,83,7,54,29,1.360656,0.114754,0.349398,0.885246,0.650602,0.553191,0.752660,21.888889
overlap,classic_size_bottom_up,c05,5,7,10,4,Fluid-Stability,83,75,83,75,23,60,15,0.903614,0.277108,0.200000,0.722892,0.800000,0.476636,0.747664,8.888889
overlap,classic_size_bottom_up,c05,6,10,15,6,Dynamic-Growth,75,97,75,97,12,63,34,1.293333,0.160000,0.350515,0.840000,0.649485,0.431818,0.642677,59.400000
overlap,classic_size_bottom_up,c05,7,15,16,2,Fluid-Stability,97,90,97,90,25,72,18,0.927835,0.257732,0.200000,0.742268,0.800000,0.626087,0.813043,0
overlap,classic_size_bottom_up,c05,8,16,18,3,Dynamic-Growth,90,104,90,104,16,74,30,1.155556,0.177778,0.288462,0.822222,0.711538,0.596774,0.782258,0.000000
overlap,classic_size_bottom_up,c05,9,18,19,2,Turnover-Shrinkage,104,65,104,65,46,58,7,0.625000,0.442308,0.107692,0.557692,0.892308,0.522523,0.761261,0
overlap,classic_size_bottom_up,c06,1,18,19,2,Turnover-Shrinkage,71,61,71,61,22,49,12,0.859155,0.309859,0.196721,0.690141,0.803279,0.590361,0.795181,0
overlap,classic_size_bottom_up,c07,1,1,3,3,Fluid-Stability,27,26,27,26,5,22,4,0.962963,0.185185,0.153846,0.814815,0.846154,0.687500,0.864583,12.250000
overlap,classic_size_bottom_up,c07,2,3,4,2,Organic-Growth,26,51,26,51,1,25,26,1.961538,0.038462,0.509804,0.961538,0.490196,0.480769,0.740385,0
overlap,classic_size_bottom_up,c07,3,4,8,5,Fluid-Stability,51,49,51,49,27,24,25,0.960784,0.529412,0.510204,0.470588,0.489796,0.273810,0.626190,57.500000
overlap,classic_size_bottom_up,c07,4,8,10,3,Organic-Growth,49,63,49,63,2,47,16,1.285714,0.040816,0.253968,0.959184,0.746032,0.696970,0.843434,1.000000
overlap,classic_size_bottom_up,c07,5,10,11,2,Erosion,63,31,63,31,34,29,2,0.492063,0.539683,0.064516,0.460317,0.935484,0.446154,0.723077,0
overlap,classic_size_bottom_up,c07,6,11,12,2,Organic-Growth,31,51,31,51,3,28,23,1.645161,0.096774,0.450980,0.903226,0.549020,0.518519,0.759259,0
overlap,classic_size_bottom_up,c07,7,12,15,4,Organic-Growth,51,58,51,58,4,47,11,1.137255,0.078431,0.189655,0.921569,0.810345,0.734375,0.886719,40.555556
overlap,classic_size_bottom_up,c07,8,15,16,2,Dynamic-Growth,58,94,58,94,6,52,42,1.620690,0.103448,0.446809,0.896552,0.553191,0.520000,0.760000,0
overlap,classic_size_bottom_up,c07,9,16,17,2,Turnover-Shrinkage,94,65,94,65,36,58,7,0.691489,0.382979,0.107692,0.617021,0.892308,0.574257,0.787129,0
overlap,classic_size_bottom_up,c07,10,17,18,2,Organic-Growth,65,80,65,80,2,63,17,1.230769,0.030769,0.212500,0.969231,0.787500,0.768293,0.884146,0
overlap,classic_size_bottom_up,c07,11,18,19,2,Turnover-Shrinkage,80,53,80,53,43,37,16,0.662500,0.537500,0.301887,0.462500,0.698113,0.385417,0.692708,0
overlap,classic_size_bottom_up,c08,1,0,2,3,Turnover-Shrinkage,47,41,47,41,11,36,5,0.872340,0.234043,0.121951,0.765957,0.878049,0.660377,0.836478,1.000000
overlap,classic_size_bottom_up,c08,2,2,5,4,Organic-Growth,41,52,41,52,3,38,14,1.268293,0.073171,0.269231,0.926829,0.730769,0.576271,0.788136,22.222222
overlap,classic_size_bottom_up,c08,3,5,10,6,Turnover-Shrinkage,52,36,52,36,20,32,4,0.692308,0.384615,0.111111,0.615385,0.888889,0.388889,0.620370,8.400000
overlap,classic_size_bottom_up,c08,4,10,14,5,Organic-Growth,36,46,36,46,3,33,13,1.277778,0.083333,0.282609,0.916667,0.717391,0.526316,0.736842,10.500000
overlap,classic_size_bottom_up,c08,5,14,19,6,Fluid-Stability,46,47,46,47,10,36,11,1.021739,0.217391,0.234043,0.782609,0.765957,0.492754,0.661836,16.600000
overlap,classic_size_bottom_up,c10,1,14,19,6,Turnover-Shrinkage,44,34,44,34,16,28,6,0.772727,0.363636,0.176471,0.636364,0.823529,0.464286,0.678571,14.000000
overlap,classic_size_bottom_up,c12,1,0,2,3,Organic-Growth,27,38,27,38,2,25,13,1.407407,0.074074,0.342105,0.925926,0.657895,0.595238,0.746032,12.250000
overlap,classic_size_bottom_up,c12,2,2,3,2,Erosion,38,25,38,25,14,24,1,0.657895,0.368421,0.040000,0.631579,0.960000,0.615385,0.807692,0
overlap,classic_size_bottom_up,c12,3,3,5,3,Fluid-Stability,25,27,25,27,1,24,3,1.080000,0.040000,0.111111,0.960000,0.888889,0.857143,0.928571,0.000000
overlap,classic_size_bottom_up,c12,4,5,7,3,Dynamic-Growth,27,49,27,49,3,24,25,1.814815,0.111111,0.510204,0.888889,0.489796,0.418182,0.751515,100.000000
overlap,classic_size_bottom_up,c12,5,7,8,2,Erosion,49,26,49,26,25,24,2,0.530612,0.510204,0.076923,0.489796,0.923077,0.470588,0.735294,0
overlap,classic_size_bottom_up,c12,6,8,13,6,Organic-Growth,26,29,26,29,0,26,3,1.115385,0.000000,0.103448,1.000000,0.896552,0.628571,0.795238,6.000000
overlap,classic_size_bottom_up,c12,7,13,14,2,Organic-Growth,29,50,29,50,1,28,22,1.724138,0.034483,0.440000,0.965517,0.560000,0.549020,0.774510,0
overlap,classic_size_bottom_up,c12,8,14,15,2,Erosion,50,27,50,27,24,26,1,0.540000,0.480000,0.037037,0.520000,0.962963,0.509804,0.754902,0
overlap,classic_size_bottom_up,c12,9,15,16,2,Dynamic-Growth,27,51,27,51,3,24,27,1.888889,0.111111,0.529412,0.888889,0.470588,0.444444,0.722222,0
overlap,classic_size_bottom_up,c12,10,16,17,2,Steady-Stability,51,51,51,51,2,49,2,1.000000,0.039216,0.039216,0.960784,0.960784,0.924528,0.962264,0
overlap,classic_size_bottom_up,c12,11,17,18,2,Erosion,51,30,51,30,24,27,3,0.588235,0.470588,0.100000,0.529412,0.900000,0.500000,0.750000,0
overlap,classic_size_bottom_up,c12,12,18,19,2,Steady-Stability,30,30,30,30,1,29,1,1.000000,0.033333,0.033333,0.966667,0.966667,0.935484,0.967742,0
overlap,classic_size_bottom_up,c13,1,17,19,3,Erosion,38,26,38,26,13,25,1,0.684211,0.342105,0.038462,0.657895,0.961538,0.589744,0.760684,49.000000
overlap,classic_size_bottom_up,c14,1,15,19,5,Fluid-Stability,22,22,22,22,4,18,4,1.000000,0.181818,0.181818,0.818182,0.818182,0.562500,0.737500,24.000000
overlap,classic_size_bottom_up,c16,1,18,19,2,Steady-Stability,21,19,21,19,2,19,0,0.904762,0.095238,0.000000,0.904762,1.000000,0.904762,0.952381,0
overlap,classic_size_bottom_up,c18,1,18,19,2,Steady-Stability,4,4,4,4,0,4,0,1.000000,0.000000,0.000000,1.000000,1.000000,1.000000,1.000000,0
